2026-03-19 10:59:27,048 - aiogram.dispatcher - INFO - Start polling
2026-03-19 10:59:27,267 - aiogram.dispatcher - INFO - Run polling for bot @trrrrdbiin_bot id=7349237883 - 'trrrrdbiinbot'
2026-03-19 10:59:34,618 - aiogram.event - INFO - Update id=313221938 is handled. Duration 141 ms by bot id=7349237883
2026-03-19 11:14:51,600 - aiogram.event - INFO - Update id=313221939 is handled. Duration 3140 ms by bot id=7349237883
2026-03-19 11:25:58,863 - aiogram.dispatcher - ERROR - Failed to fetch updates - TelegramNetworkError: HTTP Client says - ClientOSError: [WinError 10054] Удаленный хост принудительно разорвал существующее подключение
2026-03-19 11:25:58,874 - aiogram.dispatcher - WARNING - Sleep for 1.000000 seconds and try again... (tryings = 0, bot id = 7349237883)
2026-03-19 11:26:09,910 - aiogram.dispatcher - INFO - Connection established (tryings = 1, bot id = 7349237883)
2026-03-19 13:11:22,567 - aiogram.event - INFO - Update id=313221940 is handled. Duration 2500 ms by bot id=7349237883
2026-03-19 13:14:04,543 - aiogram.event - INFO - Update id=313221941 is handled. Duration 29313 ms by bot id=7349237883
2026-03-19 15:47:18,840 - aiogram.event - INFO - Update id=313221942 is handled. Duration 28609 ms by bot id=7349237883
2026-03-19 18:40:24,840 - aiogram.event - INFO - Update id=313221943 is handled. Duration 203 ms by bot id=7349237883
2026-03-19 18:40:30,287 - aiogram.event - INFO - Update id=313221944 is handled. Duration 2469 ms by bot id=7349237883
2026-03-19 19:58:04,700 - aiogram.event - INFO - Update id=313221945 is handled. Duration 27811 ms by bot id=7349237883
2026-03-19 23:22:49,657 - aiogram.event - INFO - Update id=313221946 is handled. Duration 28719 ms by bot id=7349237883
2026-03-20 00:24:30,785 - aiogram.event - INFO - Update id=313221947 is handled. Duration 34641 ms by bot id=7349237883
2026-03-20 00:27:57,329 - aiogram.dispatcher - INFO - Polling stopped for bot @trrrrdbiin_bot id=7349237883 - 'trrrrdbiinbot'
2026-03-20 00:27:57,345 - aiogram.dispatcher - INFO - Polling stopped
2026-03-20 00:29:14,161 - aiogram.dispatcher - INFO - Start polling
2026-03-20 00:29:14,314 - aiogram.dispatcher - INFO - Run polling for bot @trrrrdbiin_bot id=7349237883 - 'trrrrdbiinbot'
2026-03-20 00:30:03,643 - aiogram.event - INFO - Update id=313221948 is handled. Duration 41796 ms by bot id=7349237883
2026-03-20 00:36:25,082 - aiogram.event - INFO - Update id=313221949 is handled. Duration 125 ms by bot id=7349237883
2026-03-20 00:39:46,298 - aiogram.event - INFO - Update id=313221950 is handled. Duration 2328 ms by bot id=7349237883
2026-03-20 01:05:49,228 - aiogram.dispatcher - ERROR - Failed to fetch updates - TelegramNetworkError: HTTP Client says - ClientOSError: [WinError 10054] Удаленный хост принудительно разорвал существующее подключение
2026-03-20 01:05:49,233 - aiogram.dispatcher - WARNING - Sleep for 1.000000 seconds and try again... (tryings = 0, bot id = 7349237883)
2026-03-20 01:06:00,458 - aiogram.dispatcher - INFO - Connection established (tryings = 1, bot id = 7349237883)
2026-03-20 08:58:33,887 - aiogram.event - INFO - Update id=313221951 is handled. Duration 188 ms by bot id=7349237883
2026-03-20 08:58:37,838 - aiogram.event - INFO - Update id=313221952 is handled. Duration 2500 ms by bot id=7349237883
2026-03-20 08:58:51,736 - aiogram.event - INFO - Update id=313221953 is handled. Duration 219 ms by bot id=7349237883
2026-03-20 08:59:27,924 - aiogram.event - INFO - Update id=313221954 is handled. Duration 34016 ms by bot id=7349237883
2026-03-20 09:56:23,527 - aiogram.dispatcher - INFO - Start polling
2026-03-20 09:56:23,735 - aiogram.dispatcher - INFO - Run polling for bot @trrrrdbiin_bot id=7349237883 - 'trrrrdbiinbot'
2026-03-20 09:56:23,773 - aiogram.dispatcher - ERROR - Failed to fetch updates - TelegramConflictError: Telegram server says - Conflict: terminated by other getUpdates request; make sure that only one bot instance is running
2026-03-20 09:56:23,788 - aiogram.dispatcher - WARNING - Sleep for 1.000000 seconds and try again... (tryings = 0, bot id = 7349237883)
2026-03-20 09:56:27,900 - aiogram.dispatcher - ERROR - Failed to fetch updates - TelegramConflictError: Telegram server says - Conflict: terminated by other getUpdates request; make sure that only one bot instance is running
2026-03-20 09:56:27,900 - aiogram.dispatcher - WARNING - Sleep for 1.000000 seconds and try again... (tryings = 0, bot id = 7349237883)
2026-03-20 09:56:28,957 - aiogram.dispatcher - ERROR - Failed to fetch updates - TelegramConflictError: Telegram server says - Conflict: terminated by other getUpdates request; make sure that only one bot instance is running
2026-03-20 09:56:28,958 - aiogram.dispatcher - WARNING - Sleep for 1.373338 seconds and try again... (tryings = 1, bot id = 7349237883)
2026-03-20 09:56:33,393 - aiogram.dispatcher - ERROR - Failed to fetch updates - TelegramConflictError: Telegram server says - Conflict: terminated by other getUpdates request; make sure that only one bot instance is running
2026-03-20 09:56:33,394 - aiogram.dispatcher - WARNING - Sleep for 1.162925 seconds and try again... (tryings = 1, bot id = 7349237883)
2026-03-20 09:56:34,614 - aiogram.dispatcher - ERROR - Failed to fetch updates - TelegramConflictError: Telegram server says - Conflict: terminated by other getUpdates request; make sure that only one bot instance is running
2026-03-20 09:56:34,614 - aiogram.dispatcher - WARNING - Sleep for 1.580417 seconds and try again... (tryings = 2, bot id = 7349237883)
2026-03-20 09:56:39,223 - aiogram.dispatcher - ERROR - Failed to fetch updates - TelegramConflictError: Telegram server says - Conflict: terminated by other getUpdates request; make sure that only one bot instance is running
2026-03-20 09:56:39,224 - aiogram.dispatcher - WARNING - Sleep for 1.440292 seconds and try again... (tryings = 2, bot id = 7349237883)
2026-03-20 09:56:40,716 - aiogram.dispatcher - ERROR - Failed to fetch updates - TelegramConflictError: Telegram server says - Conflict: terminated by other getUpdates request; make sure that only one bot instance is running
2026-03-20 09:56:40,716 - aiogram.dispatcher - WARNING - Sleep for 2.028645 seconds and try again... (tryings = 3, bot id = 7349237883)
2026-03-20 09:56:45,782 - aiogram.dispatcher - ERROR - Failed to fetch updates - TelegramConflictError: Telegram server says - Conflict: terminated by other getUpdates request; make sure that only one bot instance is running
2026-03-20 09:56:45,782 - aiogram.dispatcher - WARNING - Sleep for 1.984993 seconds and try again... (tryings = 3, bot id = 7349237883)
2026-03-20 09:56:47,815 - aiogram.dispatcher - ERROR - Failed to fetch updates - TelegramConflictError: Telegram server says - Conflict: terminated by other getUpdates request; make sure that only one bot instance is running
2026-03-20 09:56:47,815 - aiogram.dispatcher - WARNING - Sleep for 2.556588 seconds and try again... (tryings = 4, bot id = 7349237883)
2026-03-20 09:56:53,425 - aiogram.dispatcher - ERROR - Failed to fetch updates - TelegramConflictError: Telegram server says - Conflict: terminated by other getUpdates request; make sure that only one bot instance is running
2026-03-20 09:56:53,426 - aiogram.dispatcher - WARNING - Sleep for 2.669572 seconds and try again... (tryings = 4, bot id = 7349237883)
2026-03-20 09:56:56,152 - aiogram.dispatcher - ERROR - Failed to fetch updates - TelegramConflictError: Telegram server says - Conflict: terminated by other getUpdates request; make sure that only one bot instance is running
2026-03-20 09:56:56,152 - aiogram.dispatcher - WARNING - Sleep for 3.266371 seconds and try again... (tryings = 5, bot id = 7349237883)
2026-03-20 09:56:59,466 - aiogram.dispatcher - ERROR - Failed to fetch updates - TelegramConflictError: Telegram server says - Conflict: terminated by other getUpdates request; make sure that only one bot instance is running
2026-03-20 09:56:59,466 - aiogram.dispatcher - WARNING - Sleep for 3.462965 seconds and try again... (tryings = 5, bot id = 7349237883)
2026-03-20 09:57:02,975 - aiogram.dispatcher - ERROR - Failed to fetch updates - TelegramConflictError: Telegram server says - Conflict: terminated by other getUpdates request; make sure that only one bot instance is running
2026-03-20 09:57:02,975 - aiogram.dispatcher - WARNING - Sleep for 4.195065 seconds and try again... (tryings = 6, bot id = 7349237883)
2026-03-20 09:57:07,214 - aiogram.dispatcher - ERROR - Failed to fetch updates - TelegramConflictError: Telegram server says - Conflict: terminated by other getUpdates request; make sure that only one bot instance is running
2026-03-20 09:57:07,215 - aiogram.dispatcher - WARNING - Sleep for 4.431392 seconds and try again... (tryings = 6, bot id = 7349237883)
2026-03-20 09:57:11,702 - aiogram.dispatcher - ERROR - Failed to fetch updates - TelegramConflictError: Telegram server says - Conflict: terminated by other getUpdates request; make sure that only one bot instance is running
2026-03-20 09:57:11,703 - aiogram.dispatcher - WARNING - Sleep for 4.964976 seconds and try again... (tryings = 7, bot id = 7349237883)
2026-03-20 09:57:16,723 - aiogram.dispatcher - ERROR - Failed to fetch updates - TelegramConflictError: Telegram server says - Conflict: terminated by other getUpdates request; make sure that only one bot instance is running
2026-03-20 09:57:16,723 - aiogram.dispatcher - WARNING - Sleep for 5.079917 seconds and try again... (tryings = 7, bot id = 7349237883)
2026-03-20 09:57:21,869 - aiogram.dispatcher - ERROR - Failed to fetch updates - TelegramConflictError: Telegram server says - Conflict: terminated by other getUpdates request; make sure that only one bot instance is running
2026-03-20 09:57:21,869 - aiogram.dispatcher - WARNING - Sleep for 5.030489 seconds and try again... (tryings = 8, bot id = 7349237883)
2026-03-20 09:57:26,945 - aiogram.dispatcher - ERROR - Failed to fetch updates - TelegramConflictError: Telegram server says - Conflict: terminated by other getUpdates request; make sure that only one bot instance is running
2026-03-20 09:57:26,945 - aiogram.dispatcher - WARNING - Sleep for 4.966830 seconds and try again... (tryings = 8, bot id = 7349237883)
2026-03-20 09:57:31,958 - aiogram.dispatcher - ERROR - Failed to fetch updates - TelegramConflictError: Telegram server says - Conflict: terminated by other getUpdates request; make sure that only one bot instance is running
2026-03-20 09:57:31,959 - aiogram.dispatcher - WARNING - Sleep for 5.134150 seconds and try again... (tryings = 9, bot id = 7349237883)
2026-03-20 09:57:37,172 - aiogram.dispatcher - ERROR - Failed to fetch updates - TelegramConflictError: Telegram server says - Conflict: terminated by other getUpdates request; make sure that only one bot instance is running
2026-03-20 09:57:37,173 - aiogram.dispatcher - WARNING - Sleep for 5.344231 seconds and try again... (tryings = 9, bot id = 7349237883)
2026-03-20 09:57:42,558 - aiogram.dispatcher - ERROR - Failed to fetch updates - TelegramConflictError: Telegram server says - Conflict: terminated by other getUpdates request; make sure that only one bot instance is running
2026-03-20 09:57:42,558 - aiogram.dispatcher - WARNING - Sleep for 5.006913 seconds and try again... (tryings = 10, bot id = 7349237883)
2026-03-20 09:57:47,622 - aiogram.dispatcher - ERROR - Failed to fetch updates - TelegramConflictError: Telegram server says - Conflict: terminated by other getUpdates request; make sure that only one bot instance is running
2026-03-20 09:57:47,622 - aiogram.dispatcher - WARNING - Sleep for 4.801653 seconds and try again... (tryings = 10, bot id = 7349237883)
2026-03-20 09:57:52,472 - aiogram.dispatcher - ERROR - Failed to fetch updates - TelegramConflictError: Telegram server says - Conflict: terminated by other getUpdates request; make sure that only one bot instance is running
2026-03-20 09:57:52,474 - aiogram.dispatcher - WARNING - Sleep for 5.038832 seconds and try again... (tryings = 11, bot id = 7349237883)
2026-03-20 09:57:57,544 - aiogram.dispatcher - ERROR - Failed to fetch updates - TelegramConflictError: Telegram server says - Conflict: terminated by other getUpdates request; make sure that only one bot instance is running
2026-03-20 09:57:57,544 - aiogram.dispatcher - WARNING - Sleep for 4.954236 seconds and try again... (tryings = 11, bot id = 7349237883)
2026-03-20 09:58:02,538 - aiogram.dispatcher - ERROR - Failed to fetch updates - TelegramConflictError: Telegram server says - Conflict: terminated by other getUpdates request; make sure that only one bot instance is running
2026-03-20 09:58:02,538 - aiogram.dispatcher - WARNING - Sleep for 5.112467 seconds and try again... (tryings = 12, bot id = 7349237883)
2026-03-20 09:58:07,688 - aiogram.dispatcher - ERROR - Failed to fetch updates - TelegramConflictError: Telegram server says - Conflict: terminated by other getUpdates request; make sure that only one bot instance is running
2026-03-20 09:58:07,688 - aiogram.dispatcher - WARNING - Sleep for 5.040376 seconds and try again... (tryings = 12, bot id = 7349237883)
2026-03-20 09:58:12,764 - aiogram.dispatcher - ERROR - Failed to fetch updates - TelegramConflictError: Telegram server says - Conflict: terminated by other getUpdates request; make sure that only one bot instance is running
2026-03-20 09:58:12,765 - aiogram.dispatcher - WARNING - Sleep for 5.061437 seconds and try again... (tryings = 13, bot id = 7349237883)
2026-03-20 09:58:17,855 - aiogram.dispatcher - ERROR - Failed to fetch updates - TelegramConflictError: Telegram server says - Conflict: terminated by other getUpdates request; make sure that only one bot instance is running
2026-03-20 09:58:17,855 - aiogram.dispatcher - WARNING - Sleep for 4.880687 seconds and try again... (tryings = 13, bot id = 7349237883)
2026-03-20 09:58:22,792 - aiogram.dispatcher - ERROR - Failed to fetch updates - TelegramConflictError: Telegram server says - Conflict: terminated by other getUpdates request; make sure that only one bot instance is running
2026-03-20 09:58:22,793 - aiogram.dispatcher - WARNING - Sleep for 5.122932 seconds and try again... (tryings = 14, bot id = 7349237883)
2026-03-20 09:58:28,076 - aiogram.dispatcher - ERROR - Failed to fetch updates - TelegramConflictError: Telegram server says - Conflict: terminated by other getUpdates request; make sure that only one bot instance is running
2026-03-20 09:58:28,076 - aiogram.dispatcher - WARNING - Sleep for 4.891921 seconds and try again... (tryings = 14, bot id = 7349237883)
2026-03-20 09:58:33,010 - aiogram.dispatcher - ERROR - Failed to fetch updates - TelegramConflictError: Telegram server says - Conflict: terminated by other getUpdates request; make sure that only one bot instance is running
2026-03-20 09:58:33,010 - aiogram.dispatcher - WARNING - Sleep for 5.098091 seconds and try again... (tryings = 15, bot id = 7349237883)
2026-03-20 09:58:38,166 - aiogram.dispatcher - ERROR - Failed to fetch updates - TelegramConflictError: Telegram server says - Conflict: terminated by other getUpdates request; make sure that only one bot instance is running
2026-03-20 09:58:38,166 - aiogram.dispatcher - WARNING - Sleep for 5.116153 seconds and try again... (tryings = 15, bot id = 7349237883)
2026-03-20 09:58:43,334 - aiogram.dispatcher - ERROR - Failed to fetch updates - TelegramConflictError: Telegram server says - Conflict: terminated by other getUpdates request; make sure that only one bot instance is running
2026-03-20 09:58:43,334 - aiogram.dispatcher - WARNING - Sleep for 5.082741 seconds and try again... (tryings = 16, bot id = 7349237883)
2026-03-20 09:58:48,457 - aiogram.dispatcher - ERROR - Failed to fetch updates - TelegramConflictError: Telegram server says - Conflict: terminated by other getUpdates request; make sure that only one bot instance is running
2026-03-20 09:58:48,458 - aiogram.dispatcher - WARNING - Sleep for 5.090574 seconds and try again... (tryings = 16, bot id = 7349237883)
2026-03-20 09:58:53,587 - aiogram.dispatcher - ERROR - Failed to fetch updates - TelegramConflictError: Telegram server says - Conflict: terminated by other getUpdates request; make sure that only one bot instance is running
2026-03-20 09:58:53,588 - aiogram.dispatcher - WARNING - Sleep for 4.990160 seconds and try again... (tryings = 17, bot id = 7349237883)
2026-03-20 09:58:58,606 - aiogram.dispatcher - ERROR - Failed to fetch updates - TelegramConflictError: Telegram server says - Conflict: terminated by other getUpdates request; make sure that only one bot instance is running
2026-03-20 09:58:58,606 - aiogram.dispatcher - WARNING - Sleep for 5.048856 seconds and try again... (tryings = 17, bot id = 7349237883)
2026-03-20 09:59:03,710 - aiogram.dispatcher - ERROR - Failed to fetch updates - TelegramConflictError: Telegram server says - Conflict: terminated by other getUpdates request; make sure that only one bot instance is running
2026-03-20 09:59:03,710 - aiogram.dispatcher - WARNING - Sleep for 5.152392 seconds and try again... (tryings = 18, bot id = 7349237883)
2026-03-20 09:59:09,179 - aiogram.dispatcher - ERROR - Failed to fetch updates - TelegramConflictError: Telegram server says - Conflict: terminated by other getUpdates request; make sure that only one bot instance is running
2026-03-20 09:59:09,179 - aiogram.dispatcher - WARNING - Sleep for 4.930564 seconds and try again... (tryings = 18, bot id = 7349237883)
2026-03-20 09:59:14,144 - aiogram.dispatcher - ERROR - Failed to fetch updates - TelegramConflictError: Telegram server says - Conflict: terminated by other getUpdates request; make sure that only one bot instance is running
2026-03-20 09:59:14,144 - aiogram.dispatcher - WARNING - Sleep for 5.008824 seconds and try again... (tryings = 19, bot id = 7349237883)
2026-03-20 09:59:19,178 - aiogram.dispatcher - ERROR - Failed to fetch updates - TelegramConflictError: Telegram server says - Conflict: terminated by other getUpdates request; make sure that only one bot instance is running
2026-03-20 09:59:19,178 - aiogram.dispatcher - WARNING - Sleep for 4.724700 seconds and try again... (tryings = 19, bot id = 7349237883)
2026-03-20 09:59:23,938 - aiogram.dispatcher - ERROR - Failed to fetch updates - TelegramConflictError: Telegram server says - Conflict: terminated by other getUpdates request; make sure that only one bot instance is running
2026-03-20 09:59:23,938 - aiogram.dispatcher - WARNING - Sleep for 4.912819 seconds and try again... (tryings = 20, bot id = 7349237883)
2026-03-20 09:59:28,889 - aiogram.dispatcher - ERROR - Failed to fetch updates - TelegramConflictError: Telegram server says - Conflict: terminated by other getUpdates request; make sure that only one bot instance is running
2026-03-20 09:59:28,889 - aiogram.dispatcher - WARNING - Sleep for 5.039775 seconds and try again... (tryings = 20, bot id = 7349237883)
2026-03-20 09:59:33,990 - aiogram.dispatcher - ERROR - Failed to fetch updates - TelegramConflictError: Telegram server says - Conflict: terminated by other getUpdates request; make sure that only one bot instance is running
2026-03-20 09:59:33,990 - aiogram.dispatcher - WARNING - Sleep for 5.062368 seconds and try again... (tryings = 21, bot id = 7349237883)
2026-03-20 09:59:39,120 - aiogram.dispatcher - ERROR - Failed to fetch updates - TelegramConflictError: Telegram server says - Conflict: terminated by other getUpdates request; make sure that only one bot instance is running
2026-03-20 09:59:39,120 - aiogram.dispatcher - WARNING - Sleep for 4.912390 seconds and try again... (tryings = 21, bot id = 7349237883)
2026-03-20 09:59:44,060 - aiogram.dispatcher - ERROR - Failed to fetch updates - TelegramConflictError: Telegram server says - Conflict: terminated by other getUpdates request; make sure that only one bot instance is running
2026-03-20 09:59:44,060 - aiogram.dispatcher - WARNING - Sleep for 5.150301 seconds and try again... (tryings = 22, bot id = 7349237883)
2026-03-20 09:59:49,248 - aiogram.dispatcher - ERROR - Failed to fetch updates - TelegramConflictError: Telegram server says - Conflict: terminated by other getUpdates request; make sure that only one bot instance is running
2026-03-20 09:59:49,248 - aiogram.dispatcher - WARNING - Sleep for 4.921565 seconds and try again... (tryings = 22, bot id = 7349237883)
2026-03-20 09:59:54,218 - aiogram.dispatcher - ERROR - Failed to fetch updates - TelegramConflictError: Telegram server says - Conflict: terminated by other getUpdates request; make sure that only one bot instance is running
2026-03-20 09:59:54,218 - aiogram.dispatcher - WARNING - Sleep for 5.111647 seconds and try again... (tryings = 23, bot id = 7349237883)
2026-03-20 09:59:59,389 - aiogram.dispatcher - ERROR - Failed to fetch updates - TelegramConflictError: Telegram server says - Conflict: terminated by other getUpdates request; make sure that only one bot instance is running
2026-03-20 09:59:59,389 - aiogram.dispatcher - WARNING - Sleep for 4.943396 seconds and try again... (tryings = 23, bot id = 7349237883)
2026-03-20 10:00:04,382 - aiogram.dispatcher - ERROR - Failed to fetch updates - TelegramConflictError: Telegram server says - Conflict: terminated by other getUpdates request; make sure that only one bot instance is running
2026-03-20 10:00:04,383 - aiogram.dispatcher - WARNING - Sleep for 4.933923 seconds and try again... (tryings = 24, bot id = 7349237883)
2026-03-20 10:00:09,368 - aiogram.dispatcher - ERROR - Failed to fetch updates - TelegramConflictError: Telegram server says - Conflict: terminated by other getUpdates request; make sure that only one bot instance is running
2026-03-20 10:00:09,368 - aiogram.dispatcher - WARNING - Sleep for 5.015046 seconds and try again... (tryings = 24, bot id = 7349237883)
2026-03-20 10:00:14,446 - aiogram.dispatcher - ERROR - Failed to fetch updates - TelegramConflictError: Telegram server says - Conflict: terminated by other getUpdates request; make sure that only one bot instance is running
2026-03-20 10:00:14,446 - aiogram.dispatcher - WARNING - Sleep for 5.117456 seconds and try again... (tryings = 25, bot id = 7349237883)
2026-03-20 10:00:19,605 - aiogram.dispatcher - ERROR - Failed to fetch updates - TelegramConflictError: Telegram server says - Conflict: terminated by other getUpdates request; make sure that only one bot instance is running
2026-03-20 10:00:19,605 - aiogram.dispatcher - WARNING - Sleep for 4.982781 seconds and try again... (tryings = 25, bot id = 7349237883)
2026-03-20 10:00:24,636 - aiogram.dispatcher - ERROR - Failed to fetch updates - TelegramConflictError: Telegram server says - Conflict: terminated by other getUpdates request; make sure that only one bot instance is running
2026-03-20 10:00:24,636 - aiogram.dispatcher - WARNING - Sleep for 5.049483 seconds and try again... (tryings = 26, bot id = 7349237883)
2026-03-20 10:00:29,733 - aiogram.dispatcher - ERROR - Failed to fetch updates - TelegramConflictError: Telegram server says - Conflict: terminated by other getUpdates request; make sure that only one bot instance is running
2026-03-20 10:00:29,734 - aiogram.dispatcher - WARNING - Sleep for 4.880352 seconds and try again... (tryings = 26, bot id = 7349237883)
2026-03-20 10:00:34,652 - aiogram.dispatcher - ERROR - Failed to fetch updates - TelegramConflictError: Telegram server says - Conflict: terminated by other getUpdates request; make sure that only one bot instance is running
2026-03-20 10:00:34,655 - aiogram.dispatcher - WARNING - Sleep for 5.079937 seconds and try again... (tryings = 27, bot id = 7349237883)
2026-03-20 10:00:39,798 - aiogram.dispatcher - ERROR - Failed to fetch updates - TelegramConflictError: Telegram server says - Conflict: terminated by other getUpdates request; make sure that only one bot instance is running
2026-03-20 10:00:39,798 - aiogram.dispatcher - WARNING - Sleep for 4.994878 seconds and try again... (tryings = 27, bot id = 7349237883)
2026-03-20 10:00:44,835 - aiogram.dispatcher - ERROR - Failed to fetch updates - TelegramConflictError: Telegram server says - Conflict: terminated by other getUpdates request; make sure that only one bot instance is running
2026-03-20 10:00:44,836 - aiogram.dispatcher - WARNING - Sleep for 5.138281 seconds and try again... (tryings = 28, bot id = 7349237883)
2026-03-20 10:00:50,021 - aiogram.dispatcher - ERROR - Failed to fetch updates - TelegramConflictError: Telegram server says - Conflict: terminated by other getUpdates request; make sure that only one bot instance is running
2026-03-20 10:00:50,022 - aiogram.dispatcher - WARNING - Sleep for 4.980191 seconds and try again... (tryings = 28, bot id = 7349237883)
2026-03-20 10:00:55,049 - aiogram.dispatcher - ERROR - Failed to fetch updates - TelegramConflictError: Telegram server says - Conflict: terminated by other getUpdates request; make sure that only one bot instance is running
2026-03-20 10:00:55,050 - aiogram.dispatcher - WARNING - Sleep for 4.996494 seconds and try again... (tryings = 29, bot id = 7349237883)
2026-03-20 10:01:00,084 - aiogram.dispatcher - ERROR - Failed to fetch updates - TelegramConflictError: Telegram server says - Conflict: terminated by other getUpdates request; make sure that only one bot instance is running
2026-03-20 10:01:00,085 - aiogram.dispatcher - WARNING - Sleep for 4.971153 seconds and try again... (tryings = 29, bot id = 7349237883)
2026-03-20 10:01:05,096 - aiogram.dispatcher - ERROR - Failed to fetch updates - TelegramConflictError: Telegram server says - Conflict: terminated by other getUpdates request; make sure that only one bot instance is running
2026-03-20 10:01:05,096 - aiogram.dispatcher - WARNING - Sleep for 5.131368 seconds and try again... (tryings = 30, bot id = 7349237883)
2026-03-20 10:01:10,274 - aiogram.dispatcher - ERROR - Failed to fetch updates - TelegramConflictError: Telegram server says - Conflict: terminated by other getUpdates request; make sure that only one bot instance is running
2026-03-20 10:01:10,275 - aiogram.dispatcher - WARNING - Sleep for 5.204914 seconds and try again... (tryings = 30, bot id = 7349237883)
2026-03-20 10:01:15,523 - aiogram.dispatcher - ERROR - Failed to fetch updates - TelegramConflictError: Telegram server says - Conflict: terminated by other getUpdates request; make sure that only one bot instance is running
2026-03-20 10:01:15,523 - aiogram.dispatcher - WARNING - Sleep for 4.946170 seconds and try again... (tryings = 31, bot id = 7349237883)
2026-03-20 10:01:20,507 - aiogram.dispatcher - ERROR - Failed to fetch updates - TelegramConflictError: Telegram server says - Conflict: terminated by other getUpdates request; make sure that only one bot instance is running
2026-03-20 10:01:20,507 - aiogram.dispatcher - WARNING - Sleep for 4.952024 seconds and try again... (tryings = 31, bot id = 7349237883)
2026-03-20 10:01:25,500 - aiogram.dispatcher - ERROR - Failed to fetch updates - TelegramConflictError: Telegram server says - Conflict: terminated by other getUpdates request; make sure that only one bot instance is running
2026-03-20 10:01:25,501 - aiogram.dispatcher - WARNING - Sleep for 4.979227 seconds and try again... (tryings = 32, bot id = 7349237883)
2026-03-20 10:01:30,521 - aiogram.dispatcher - ERROR - Failed to fetch updates - TelegramConflictError: Telegram server says - Conflict: terminated by other getUpdates request; make sure that only one bot instance is running
2026-03-20 10:01:30,522 - aiogram.dispatcher - WARNING - Sleep for 4.829432 seconds and try again... (tryings = 32, bot id = 7349237883)
2026-03-20 10:01:35,388 - aiogram.dispatcher - ERROR - Failed to fetch updates - TelegramConflictError: Telegram server says - Conflict: terminated by other getUpdates request; make sure that only one bot instance is running
2026-03-20 10:01:35,389 - aiogram.dispatcher - WARNING - Sleep for 4.911599 seconds and try again... (tryings = 33, bot id = 7349237883)
2026-03-20 10:01:40,355 - aiogram.dispatcher - ERROR - Failed to fetch updates - TelegramConflictError: Telegram server says - Conflict: terminated by other getUpdates request; make sure that only one bot instance is running
2026-03-20 10:01:40,355 - aiogram.dispatcher - WARNING - Sleep for 5.095431 seconds and try again... (tryings = 33, bot id = 7349237883)
2026-03-20 10:01:45,481 - aiogram.dispatcher - ERROR - Failed to fetch updates - TelegramConflictError: Telegram server says - Conflict: terminated by other getUpdates request; make sure that only one bot instance is running
2026-03-20 10:01:45,481 - aiogram.dispatcher - WARNING - Sleep for 5.007130 seconds and try again... (tryings = 34, bot id = 7349237883)
2026-03-20 10:01:50,537 - aiogram.dispatcher - ERROR - Failed to fetch updates - TelegramConflictError: Telegram server says - Conflict: terminated by other getUpdates request; make sure that only one bot instance is running
2026-03-20 10:01:50,538 - aiogram.dispatcher - WARNING - Sleep for 4.904702 seconds and try again... (tryings = 34, bot id = 7349237883)
2026-03-20 10:01:55,492 - aiogram.dispatcher - ERROR - Failed to fetch updates - TelegramConflictError: Telegram server says - Conflict: terminated by other getUpdates request; make sure that only one bot instance is running
2026-03-20 10:01:55,493 - aiogram.dispatcher - WARNING - Sleep for 5.168574 seconds and try again... (tryings = 35, bot id = 7349237883)
2026-03-20 10:02:00,703 - aiogram.dispatcher - ERROR - Failed to fetch updates - TelegramConflictError: Telegram server says - Conflict: terminated by other getUpdates request; make sure that only one bot instance is running
2026-03-20 10:02:00,703 - aiogram.dispatcher - WARNING - Sleep for 4.974452 seconds and try again... (tryings = 35, bot id = 7349237883)
2026-03-20 10:02:05,718 - aiogram.dispatcher - ERROR - Failed to fetch updates - TelegramConflictError: Telegram server says - Conflict: terminated by other getUpdates request; make sure that only one bot instance is running
2026-03-20 10:02:05,718 - aiogram.dispatcher - WARNING - Sleep for 4.988295 seconds and try again... (tryings = 36, bot id = 7349237883)
2026-03-20 10:02:10,765 - aiogram.dispatcher - ERROR - Failed to fetch updates - TelegramConflictError: Telegram server says - Conflict: terminated by other getUpdates request; make sure that only one bot instance is running
2026-03-20 10:02:10,765 - aiogram.dispatcher - WARNING - Sleep for 4.844903 seconds and try again... (tryings = 36, bot id = 7349237883)
2026-03-20 10:02:15,651 - aiogram.dispatcher - ERROR - Failed to fetch updates - TelegramConflictError: Telegram server says - Conflict: terminated by other getUpdates request; make sure that only one bot instance is running
2026-03-20 10:02:15,652 - aiogram.dispatcher - WARNING - Sleep for 5.281927 seconds and try again... (tryings = 37, bot id = 7349237883)
2026-03-20 10:02:20,977 - aiogram.dispatcher - ERROR - Failed to fetch updates - TelegramConflictError: Telegram server says - Conflict: terminated by other getUpdates request; make sure that only one bot instance is running
2026-03-20 10:02:20,978 - aiogram.dispatcher - WARNING - Sleep for 4.978386 seconds and try again... (tryings = 37, bot id = 7349237883)
2026-03-20 10:02:26,005 - aiogram.dispatcher - ERROR - Failed to fetch updates - TelegramConflictError: Telegram server says - Conflict: terminated by other getUpdates request; make sure that only one bot instance is running
2026-03-20 10:02:26,006 - aiogram.dispatcher - WARNING - Sleep for 4.824204 seconds and try again... (tryings = 38, bot id = 7349237883)
2026-03-20 10:02:30,874 - aiogram.dispatcher - ERROR - Failed to fetch updates - TelegramConflictError: Telegram server says - Conflict: terminated by other getUpdates request; make sure that only one bot instance is running
2026-03-20 10:02:30,874 - aiogram.dispatcher - WARNING - Sleep for 4.959811 seconds and try again... (tryings = 38, bot id = 7349237883)
2026-03-20 10:02:35,884 - aiogram.dispatcher - ERROR - Failed to fetch updates - TelegramConflictError: Telegram server says - Conflict: terminated by other getUpdates request; make sure that only one bot instance is running
2026-03-20 10:02:35,884 - aiogram.dispatcher - WARNING - Sleep for 4.878960 seconds and try again... (tryings = 39, bot id = 7349237883)
2026-03-20 10:02:40,801 - aiogram.dispatcher - ERROR - Failed to fetch updates - TelegramConflictError: Telegram server says - Conflict: terminated by other getUpdates request; make sure that only one bot instance is running
2026-03-20 10:02:40,802 - aiogram.dispatcher - WARNING - Sleep for 4.939601 seconds and try again... (tryings = 39, bot id = 7349237883)
2026-03-20 10:02:45,772 - aiogram.dispatcher - ERROR - Failed to fetch updates - TelegramConflictError: Telegram server says - Conflict: terminated by other getUpdates request; make sure that only one bot instance is running
2026-03-20 10:02:45,772 - aiogram.dispatcher - WARNING - Sleep for 4.929945 seconds and try again... (tryings = 40, bot id = 7349237883)
2026-03-20 10:02:50,737 - aiogram.dispatcher - ERROR - Failed to fetch updates - TelegramConflictError: Telegram server says - Conflict: terminated by other getUpdates request; make sure that only one bot instance is running
2026-03-20 10:02:50,737 - aiogram.dispatcher - WARNING - Sleep for 4.897938 seconds and try again... (tryings = 40, bot id = 7349237883)
2026-03-20 10:02:55,674 - aiogram.dispatcher - ERROR - Failed to fetch updates - TelegramConflictError: Telegram server says - Conflict: terminated by other getUpdates request; make sure that only one bot instance is running
2026-03-20 10:02:55,674 - aiogram.dispatcher - WARNING - Sleep for 5.109910 seconds and try again... (tryings = 41, bot id = 7349237883)
2026-03-20 10:03:00,825 - aiogram.dispatcher - ERROR - Failed to fetch updates - TelegramConflictError: Telegram server says - Conflict: terminated by other getUpdates request; make sure that only one bot instance is running
2026-03-20 10:03:00,826 - aiogram.dispatcher - WARNING - Sleep for 5.004586 seconds and try again... (tryings = 41, bot id = 7349237883)
2026-03-20 10:03:05,874 - aiogram.dispatcher - ERROR - Failed to fetch updates - TelegramConflictError: Telegram server says - Conflict: terminated by other getUpdates request; make sure that only one bot instance is running
2026-03-20 10:03:05,874 - aiogram.dispatcher - WARNING - Sleep for 4.912386 seconds and try again... (tryings = 42, bot id = 7349237883)
2026-03-20 10:03:10,849 - aiogram.dispatcher - ERROR - Failed to fetch updates - TelegramConflictError: Telegram server says - Conflict: terminated by other getUpdates request; make sure that only one bot instance is running
2026-03-20 10:03:10,850 - aiogram.dispatcher - WARNING - Sleep for 4.877976 seconds and try again... (tryings = 42, bot id = 7349237883)
2026-03-20 10:03:15,774 - aiogram.dispatcher - ERROR - Failed to fetch updates - TelegramConflictError: Telegram server says - Conflict: terminated by other getUpdates request; make sure that only one bot instance is running
2026-03-20 10:03:15,774 - aiogram.dispatcher - WARNING - Sleep for 4.934417 seconds and try again... (tryings = 43, bot id = 7349237883)
2026-03-20 10:03:20,761 - aiogram.dispatcher - ERROR - Failed to fetch updates - TelegramConflictError: Telegram server says - Conflict: terminated by other getUpdates request; make sure that only one bot instance is running
2026-03-20 10:03:20,762 - aiogram.dispatcher - WARNING - Sleep for 4.975321 seconds and try again... (tryings = 43, bot id = 7349237883)
2026-03-20 10:03:25,785 - aiogram.dispatcher - ERROR - Failed to fetch updates - TelegramConflictError: Telegram server says - Conflict: terminated by other getUpdates request; make sure that only one bot instance is running
2026-03-20 10:03:25,786 - aiogram.dispatcher - WARNING - Sleep for 4.922670 seconds and try again... (tryings = 44, bot id = 7349237883)
2026-03-20 10:03:30,760 - aiogram.dispatcher - ERROR - Failed to fetch updates - TelegramConflictError: Telegram server says - Conflict: terminated by other getUpdates request; make sure that only one bot instance is running
2026-03-20 10:03:30,760 - aiogram.dispatcher - WARNING - Sleep for 4.786756 seconds and try again... (tryings = 44, bot id = 7349237883)
2026-03-20 10:03:35,586 - aiogram.dispatcher - ERROR - Failed to fetch updates - TelegramConflictError: Telegram server says - Conflict: terminated by other getUpdates request; make sure that only one bot instance is running
2026-03-20 10:03:35,586 - aiogram.dispatcher - WARNING - Sleep for 4.841205 seconds and try again... (tryings = 45, bot id = 7349237883)
2026-03-20 10:03:40,464 - aiogram.dispatcher - ERROR - Failed to fetch updates - TelegramConflictError: Telegram server says - Conflict: terminated by other getUpdates request; make sure that only one bot instance is running
2026-03-20 10:03:40,465 - aiogram.dispatcher - WARNING - Sleep for 4.937726 seconds and try again... (tryings = 45, bot id = 7349237883)
2026-03-20 10:03:45,442 - aiogram.dispatcher - ERROR - Failed to fetch updates - TelegramConflictError: Telegram server says - Conflict: terminated by other getUpdates request; make sure that only one bot instance is running
2026-03-20 10:03:45,443 - aiogram.dispatcher - WARNING - Sleep for 5.019930 seconds and try again... (tryings = 46, bot id = 7349237883)
2026-03-20 10:03:50,510 - aiogram.dispatcher - ERROR - Failed to fetch updates - TelegramConflictError: Telegram server says - Conflict: terminated by other getUpdates request; make sure that only one bot instance is running
2026-03-20 10:03:50,510 - aiogram.dispatcher - WARNING - Sleep for 5.059268 seconds and try again... (tryings = 46, bot id = 7349237883)
2026-03-20 10:03:55,615 - aiogram.dispatcher - ERROR - Failed to fetch updates - TelegramConflictError: Telegram server says - Conflict: terminated by other getUpdates request; make sure that only one bot instance is running
2026-03-20 10:03:55,615 - aiogram.dispatcher - WARNING - Sleep for 4.933379 seconds and try again... (tryings = 47, bot id = 7349237883)
2026-03-20 10:04:00,590 - aiogram.dispatcher - ERROR - Failed to fetch updates - TelegramConflictError: Telegram server says - Conflict: terminated by other getUpdates request; make sure that only one bot instance is running
2026-03-20 10:04:00,590 - aiogram.dispatcher - WARNING - Sleep for 5.199804 seconds and try again... (tryings = 47, bot id = 7349237883)
2026-03-20 10:04:06,377 - aiogram.dispatcher - ERROR - Failed to fetch updates - TelegramConflictError: Telegram server says - Conflict: terminated by other getUpdates request; make sure that only one bot instance is running
2026-03-20 10:04:06,378 - aiogram.dispatcher - WARNING - Sleep for 5.121681 seconds and try again... (tryings = 48, bot id = 7349237883)
2026-03-20 10:04:11,539 - aiogram.dispatcher - ERROR - Failed to fetch updates - TelegramConflictError: Telegram server says - Conflict: terminated by other getUpdates request; make sure that only one bot instance is running
2026-03-20 10:04:11,540 - aiogram.dispatcher - WARNING - Sleep for 5.012785 seconds and try again... (tryings = 48, bot id = 7349237883)
2026-03-20 10:04:16,604 - aiogram.dispatcher - ERROR - Failed to fetch updates - TelegramConflictError: Telegram server says - Conflict: terminated by other getUpdates request; make sure that only one bot instance is running
2026-03-20 10:04:16,604 - aiogram.dispatcher - WARNING - Sleep for 5.031460 seconds and try again... (tryings = 49, bot id = 7349237883)
2026-03-20 10:04:21,688 - aiogram.dispatcher - ERROR - Failed to fetch updates - TelegramConflictError: Telegram server says - Conflict: terminated by other getUpdates request; make sure that only one bot instance is running
2026-03-20 10:04:21,688 - aiogram.dispatcher - WARNING - Sleep for 5.146022 seconds and try again... (tryings = 49, bot id = 7349237883)
2026-03-20 10:04:26,880 - aiogram.dispatcher - ERROR - Failed to fetch updates - TelegramConflictError: Telegram server says - Conflict: terminated by other getUpdates request; make sure that only one bot instance is running
2026-03-20 10:04:26,881 - aiogram.dispatcher - WARNING - Sleep for 5.033460 seconds and try again... (tryings = 50, bot id = 7349237883)
2026-03-20 10:04:31,969 - aiogram.dispatcher - ERROR - Failed to fetch updates - TelegramConflictError: Telegram server says - Conflict: terminated by other getUpdates request; make sure that only one bot instance is running
2026-03-20 10:04:31,969 - aiogram.dispatcher - WARNING - Sleep for 4.957425 seconds and try again... (tryings = 50, bot id = 7349237883)
2026-03-20 10:04:36,974 - aiogram.dispatcher - ERROR - Failed to fetch updates - TelegramConflictError: Telegram server says - Conflict: terminated by other getUpdates request; make sure that only one bot instance is running
2026-03-20 10:04:36,974 - aiogram.dispatcher - WARNING - Sleep for 4.850073 seconds and try again... (tryings = 51, bot id = 7349237883)
2026-03-20 10:04:41,866 - aiogram.dispatcher - ERROR - Failed to fetch updates - TelegramConflictError: Telegram server says - Conflict: terminated by other getUpdates request; make sure that only one bot instance is running
2026-03-20 10:04:41,868 - aiogram.dispatcher - WARNING - Sleep for 5.082903 seconds and try again... (tryings = 51, bot id = 7349237883)
2026-03-20 10:04:46,992 - aiogram.dispatcher - ERROR - Failed to fetch updates - TelegramConflictError: Telegram server says - Conflict: terminated by other getUpdates request; make sure that only one bot instance is running
2026-03-20 10:04:46,992 - aiogram.dispatcher - WARNING - Sleep for 5.172889 seconds and try again... (tryings = 52, bot id = 7349237883)
2026-03-20 10:04:52,260 - aiogram.dispatcher - ERROR - Failed to fetch updates - TelegramConflictError: Telegram server says - Conflict: terminated by other getUpdates request; make sure that only one bot instance is running
2026-03-20 10:04:52,260 - aiogram.dispatcher - WARNING - Sleep for 5.015476 seconds and try again... (tryings = 52, bot id = 7349237883)
2026-03-20 10:04:57,329 - aiogram.dispatcher - ERROR - Failed to fetch updates - TelegramConflictError: Telegram server says - Conflict: terminated by other getUpdates request; make sure that only one bot instance is running
2026-03-20 10:04:57,330 - aiogram.dispatcher - WARNING - Sleep for 5.004428 seconds and try again... (tryings = 53, bot id = 7349237883)
2026-03-20 10:05:02,371 - aiogram.dispatcher - ERROR - Failed to fetch updates - TelegramConflictError: Telegram server says - Conflict: terminated by other getUpdates request; make sure that only one bot instance is running
2026-03-20 10:05:02,371 - aiogram.dispatcher - WARNING - Sleep for 4.960897 seconds and try again... (tryings = 53, bot id = 7349237883)
2026-03-20 10:05:07,385 - aiogram.dispatcher - ERROR - Failed to fetch updates - TelegramConflictError: Telegram server says - Conflict: terminated by other getUpdates request; make sure that only one bot instance is running
2026-03-20 10:05:07,386 - aiogram.dispatcher - WARNING - Sleep for 4.953203 seconds and try again... (tryings = 54, bot id = 7349237883)
2026-03-20 10:05:12,384 - aiogram.dispatcher - ERROR - Failed to fetch updates - TelegramConflictError: Telegram server says - Conflict: terminated by other getUpdates request; make sure that only one bot instance is running
2026-03-20 10:05:12,385 - aiogram.dispatcher - WARNING - Sleep for 4.937368 seconds and try again... (tryings = 54, bot id = 7349237883)
2026-03-20 10:05:17,363 - aiogram.dispatcher - ERROR - Failed to fetch updates - TelegramConflictError: Telegram server says - Conflict: terminated by other getUpdates request; make sure that only one bot instance is running
2026-03-20 10:05:17,363 - aiogram.dispatcher - WARNING - Sleep for 4.876633 seconds and try again... (tryings = 55, bot id = 7349237883)
2026-03-20 10:05:22,278 - aiogram.dispatcher - ERROR - Failed to fetch updates - TelegramConflictError: Telegram server says - Conflict: terminated by other getUpdates request; make sure that only one bot instance is running
2026-03-20 10:05:22,278 - aiogram.dispatcher - WARNING - Sleep for 5.017006 seconds and try again... (tryings = 55, bot id = 7349237883)
2026-03-20 10:05:27,343 - aiogram.dispatcher - ERROR - Failed to fetch updates - TelegramConflictError: Telegram server says - Conflict: terminated by other getUpdates request; make sure that only one bot instance is running
2026-03-20 10:05:27,345 - aiogram.dispatcher - WARNING - Sleep for 4.955909 seconds and try again... (tryings = 56, bot id = 7349237883)
2026-03-20 10:05:32,356 - aiogram.dispatcher - ERROR - Failed to fetch updates - TelegramConflictError: Telegram server says - Conflict: terminated by other getUpdates request; make sure that only one bot instance is running
2026-03-20 10:05:32,356 - aiogram.dispatcher - WARNING - Sleep for 4.977245 seconds and try again... (tryings = 56, bot id = 7349237883)
2026-03-20 10:05:37,380 - aiogram.dispatcher - ERROR - Failed to fetch updates - TelegramConflictError: Telegram server says - Conflict: terminated by other getUpdates request; make sure that only one bot instance is running
2026-03-20 10:05:37,381 - aiogram.dispatcher - WARNING - Sleep for 4.946958 seconds and try again... (tryings = 57, bot id = 7349237883)
2026-03-20 10:05:42,377 - aiogram.dispatcher - ERROR - Failed to fetch updates - TelegramConflictError: Telegram server says - Conflict: terminated by other getUpdates request; make sure that only one bot instance is running
2026-03-20 10:05:42,377 - aiogram.dispatcher - WARNING - Sleep for 5.033962 seconds and try again... (tryings = 57, bot id = 7349237883)
2026-03-20 10:05:47,455 - aiogram.dispatcher - ERROR - Failed to fetch updates - TelegramConflictError: Telegram server says - Conflict: terminated by other getUpdates request; make sure that only one bot instance is running
2026-03-20 10:05:47,455 - aiogram.dispatcher - WARNING - Sleep for 5.089577 seconds and try again... (tryings = 58, bot id = 7349237883)
2026-03-20 10:05:52,605 - aiogram.dispatcher - ERROR - Failed to fetch updates - TelegramConflictError: Telegram server says - Conflict: terminated by other getUpdates request; make sure that only one bot instance is running
2026-03-20 10:05:52,605 - aiogram.dispatcher - WARNING - Sleep for 5.135421 seconds and try again... (tryings = 58, bot id = 7349237883)
2026-03-20 10:05:57,773 - aiogram.dispatcher - ERROR - Failed to fetch updates - TelegramConflictError: Telegram server says - Conflict: terminated by other getUpdates request; make sure that only one bot instance is running
2026-03-20 10:05:57,773 - aiogram.dispatcher - WARNING - Sleep for 4.912595 seconds and try again... (tryings = 59, bot id = 7349237883)
2026-03-20 10:06:02,740 - aiogram.dispatcher - ERROR - Failed to fetch updates - TelegramConflictError: Telegram server says - Conflict: terminated by other getUpdates request; make sure that only one bot instance is running
2026-03-20 10:06:02,740 - aiogram.dispatcher - WARNING - Sleep for 5.018827 seconds and try again... (tryings = 59, bot id = 7349237883)
2026-03-20 10:06:07,812 - aiogram.dispatcher - ERROR - Failed to fetch updates - TelegramConflictError: Telegram server says - Conflict: terminated by other getUpdates request; make sure that only one bot instance is running
2026-03-20 10:06:07,812 - aiogram.dispatcher - WARNING - Sleep for 5.119393 seconds and try again... (tryings = 60, bot id = 7349237883)
2026-03-20 10:06:12,980 - aiogram.dispatcher - ERROR - Failed to fetch updates - TelegramConflictError: Telegram server says - Conflict: terminated by other getUpdates request; make sure that only one bot instance is running
2026-03-20 10:06:12,980 - aiogram.dispatcher - WARNING - Sleep for 4.949196 seconds and try again... (tryings = 60, bot id = 7349237883)
2026-03-20 10:06:17,979 - aiogram.dispatcher - ERROR - Failed to fetch updates - TelegramConflictError: Telegram server says - Conflict: terminated by other getUpdates request; make sure that only one bot instance is running
2026-03-20 10:06:17,980 - aiogram.dispatcher - WARNING - Sleep for 5.041102 seconds and try again... (tryings = 61, bot id = 7349237883)
2026-03-20 10:06:23,070 - aiogram.dispatcher - ERROR - Failed to fetch updates - TelegramConflictError: Telegram server says - Conflict: terminated by other getUpdates request; make sure that only one bot instance is running
2026-03-20 10:06:23,071 - aiogram.dispatcher - WARNING - Sleep for 5.085404 seconds and try again... (tryings = 61, bot id = 7349237883)
2026-03-20 10:06:28,206 - aiogram.dispatcher - ERROR - Failed to fetch updates - TelegramConflictError: Telegram server says - Conflict: terminated by other getUpdates request; make sure that only one bot instance is running
2026-03-20 10:06:28,206 - aiogram.dispatcher - WARNING - Sleep for 5.007372 seconds and try again... (tryings = 62, bot id = 7349237883)
2026-03-20 10:06:33,263 - aiogram.dispatcher - ERROR - Failed to fetch updates - TelegramConflictError: Telegram server says - Conflict: terminated by other getUpdates request; make sure that only one bot instance is running
2026-03-20 10:06:33,263 - aiogram.dispatcher - WARNING - Sleep for 4.954567 seconds and try again... (tryings = 62, bot id = 7349237883)
2026-03-20 10:06:38,273 - aiogram.dispatcher - ERROR - Failed to fetch updates - TelegramConflictError: Telegram server says - Conflict: terminated by other getUpdates request; make sure that only one bot instance is running
2026-03-20 10:06:38,273 - aiogram.dispatcher - WARNING - Sleep for 4.995182 seconds and try again... (tryings = 63, bot id = 7349237883)
2026-03-20 10:06:43,322 - aiogram.dispatcher - ERROR - Failed to fetch updates - TelegramConflictError: Telegram server says - Conflict: terminated by other getUpdates request; make sure that only one bot instance is running
2026-03-20 10:06:43,322 - aiogram.dispatcher - WARNING - Sleep for 4.979732 seconds and try again... (tryings = 63, bot id = 7349237883)
2026-03-20 10:06:48,341 - aiogram.dispatcher - ERROR - Failed to fetch updates - TelegramConflictError: Telegram server says - Conflict: terminated by other getUpdates request; make sure that only one bot instance is running
2026-03-20 10:06:48,342 - aiogram.dispatcher - WARNING - Sleep for 5.012116 seconds and try again... (tryings = 64, bot id = 7349237883)
2026-03-20 10:06:53,408 - aiogram.dispatcher - ERROR - Failed to fetch updates - TelegramConflictError: Telegram server says - Conflict: terminated by other getUpdates request; make sure that only one bot instance is running
2026-03-20 10:06:53,408 - aiogram.dispatcher - WARNING - Sleep for 4.979218 seconds and try again... (tryings = 64, bot id = 7349237883)
2026-03-20 10:06:58,429 - aiogram.dispatcher - ERROR - Failed to fetch updates - TelegramConflictError: Telegram server says - Conflict: terminated by other getUpdates request; make sure that only one bot instance is running
2026-03-20 10:06:58,429 - aiogram.dispatcher - WARNING - Sleep for 4.998346 seconds and try again... (tryings = 65, bot id = 7349237883)
2026-03-20 10:07:03,470 - aiogram.dispatcher - ERROR - Failed to fetch updates - TelegramConflictError: Telegram server says - Conflict: terminated by other getUpdates request; make sure that only one bot instance is running
2026-03-20 10:07:03,471 - aiogram.dispatcher - WARNING - Sleep for 5.023975 seconds and try again... (tryings = 65, bot id = 7349237883)
2026-03-20 10:07:08,534 - aiogram.dispatcher - ERROR - Failed to fetch updates - TelegramConflictError: Telegram server says - Conflict: terminated by other getUpdates request; make sure that only one bot instance is running
2026-03-20 10:07:08,534 - aiogram.dispatcher - WARNING - Sleep for 5.021628 seconds and try again... (tryings = 66, bot id = 7349237883)
2026-03-20 10:07:13,622 - aiogram.dispatcher - ERROR - Failed to fetch updates - TelegramConflictError: Telegram server says - Conflict: terminated by other getUpdates request; make sure that only one bot instance is running
2026-03-20 10:07:13,622 - aiogram.dispatcher - WARNING - Sleep for 4.956320 seconds and try again... (tryings = 66, bot id = 7349237883)
2026-03-20 10:07:18,655 - aiogram.dispatcher - ERROR - Failed to fetch updates - TelegramConflictError: Telegram server says - Conflict: terminated by other getUpdates request; make sure that only one bot instance is running
2026-03-20 10:07:18,657 - aiogram.dispatcher - WARNING - Sleep for 5.116101 seconds and try again... (tryings = 67, bot id = 7349237883)
2026-03-20 10:07:23,863 - aiogram.dispatcher - ERROR - Failed to fetch updates - TelegramConflictError: Telegram server says - Conflict: terminated by other getUpdates request; make sure that only one bot instance is running
2026-03-20 10:07:23,868 - aiogram.dispatcher - WARNING - Sleep for 4.862402 seconds and try again... (tryings = 67, bot id = 7349237883)
2026-03-20 10:07:28,768 - aiogram.dispatcher - ERROR - Failed to fetch updates - TelegramConflictError: Telegram server says - Conflict: terminated by other getUpdates request; make sure that only one bot instance is running
2026-03-20 10:07:28,773 - aiogram.dispatcher - WARNING - Sleep for 4.863434 seconds and try again... (tryings = 68, bot id = 7349237883)
2026-03-20 10:07:33,686 - aiogram.dispatcher - ERROR - Failed to fetch updates - TelegramConflictError: Telegram server says - Conflict: terminated by other getUpdates request; make sure that only one bot instance is running
2026-03-20 10:07:33,691 - aiogram.dispatcher - WARNING - Sleep for 4.955442 seconds and try again... (tryings = 68, bot id = 7349237883)
2026-03-20 10:07:38,688 - aiogram.dispatcher - ERROR - Failed to fetch updates - TelegramConflictError: Telegram server says - Conflict: terminated by other getUpdates request; make sure that only one bot instance is running
2026-03-20 10:07:38,688 - aiogram.dispatcher - WARNING - Sleep for 5.040228 seconds and try again... (tryings = 69, bot id = 7349237883)
2026-03-20 10:07:43,784 - aiogram.dispatcher - ERROR - Failed to fetch updates - TelegramConflictError: Telegram server says - Conflict: terminated by other getUpdates request; make sure that only one bot instance is running
2026-03-20 10:07:43,785 - aiogram.dispatcher - WARNING - Sleep for 5.001477 seconds and try again... (tryings = 69, bot id = 7349237883)
2026-03-20 10:07:48,854 - aiogram.dispatcher - ERROR - Failed to fetch updates - TelegramConflictError: Telegram server says - Conflict: terminated by other getUpdates request; make sure that only one bot instance is running
2026-03-20 10:07:48,862 - aiogram.dispatcher - WARNING - Sleep for 5.103009 seconds and try again... (tryings = 70, bot id = 7349237883)
2026-03-20 10:07:54,005 - aiogram.dispatcher - ERROR - Failed to fetch updates - TelegramConflictError: Telegram server says - Conflict: terminated by other getUpdates request; make sure that only one bot instance is running
2026-03-20 10:07:54,005 - aiogram.dispatcher - WARNING - Sleep for 4.852351 seconds and try again... (tryings = 70, bot id = 7349237883)
2026-03-20 10:07:58,929 - aiogram.dispatcher - ERROR - Failed to fetch updates - TelegramConflictError: Telegram server says - Conflict: terminated by other getUpdates request; make sure that only one bot instance is running
2026-03-20 10:07:58,933 - aiogram.dispatcher - WARNING - Sleep for 5.115146 seconds and try again... (tryings = 71, bot id = 7349237883)
2026-03-20 10:08:04,138 - aiogram.dispatcher - ERROR - Failed to fetch updates - TelegramConflictError: Telegram server says - Conflict: terminated by other getUpdates request; make sure that only one bot instance is running
2026-03-20 10:08:04,140 - aiogram.dispatcher - WARNING - Sleep for 4.864810 seconds and try again... (tryings = 71, bot id = 7349237883)
2026-03-20 10:08:09,055 - aiogram.dispatcher - ERROR - Failed to fetch updates - TelegramConflictError: Telegram server says - Conflict: terminated by other getUpdates request; make sure that only one bot instance is running
2026-03-20 10:08:09,057 - aiogram.dispatcher - WARNING - Sleep for 4.986249 seconds and try again... (tryings = 72, bot id = 7349237883)
2026-03-20 10:08:14,083 - aiogram.dispatcher - ERROR - Failed to fetch updates - TelegramConflictError: Telegram server says - Conflict: terminated by other getUpdates request; make sure that only one bot instance is running
2026-03-20 10:08:14,083 - aiogram.dispatcher - WARNING - Sleep for 4.937098 seconds and try again... (tryings = 72, bot id = 7349237883)
2026-03-20 10:08:19,074 - aiogram.dispatcher - ERROR - Failed to fetch updates - TelegramConflictError: Telegram server says - Conflict: terminated by other getUpdates request; make sure that only one bot instance is running
2026-03-20 10:08:19,075 - aiogram.dispatcher - WARNING - Sleep for 5.033096 seconds and try again... (tryings = 73, bot id = 7349237883)
2026-03-20 10:08:24,147 - aiogram.dispatcher - ERROR - Failed to fetch updates - TelegramConflictError: Telegram server says - Conflict: terminated by other getUpdates request; make sure that only one bot instance is running
2026-03-20 10:08:24,149 - aiogram.dispatcher - WARNING - Sleep for 4.944104 seconds and try again... (tryings = 73, bot id = 7349237883)
2026-03-20 10:08:29,132 - aiogram.dispatcher - ERROR - Failed to fetch updates - TelegramConflictError: Telegram server says - Conflict: terminated by other getUpdates request; make sure that only one bot instance is running
2026-03-20 10:08:29,132 - aiogram.dispatcher - WARNING - Sleep for 4.880532 seconds and try again... (tryings = 74, bot id = 7349237883)
2026-03-20 10:08:34,052 - aiogram.dispatcher - ERROR - Failed to fetch updates - TelegramConflictError: Telegram server says - Conflict: terminated by other getUpdates request; make sure that only one bot instance is running
2026-03-20 10:08:34,052 - aiogram.dispatcher - WARNING - Sleep for 4.990673 seconds and try again... (tryings = 74, bot id = 7349237883)
2026-03-20 10:08:39,086 - aiogram.dispatcher - ERROR - Failed to fetch updates - TelegramConflictError: Telegram server says - Conflict: terminated by other getUpdates request; make sure that only one bot instance is running
2026-03-20 10:08:39,087 - aiogram.dispatcher - WARNING - Sleep for 4.947127 seconds and try again... (tryings = 75, bot id = 7349237883)
2026-03-20 10:08:44,073 - aiogram.dispatcher - ERROR - Failed to fetch updates - TelegramConflictError: Telegram server says - Conflict: terminated by other getUpdates request; make sure that only one bot instance is running
2026-03-20 10:08:44,074 - aiogram.dispatcher - WARNING - Sleep for 5.054765 seconds and try again... (tryings = 75, bot id = 7349237883)
2026-03-20 10:08:49,168 - aiogram.dispatcher - ERROR - Failed to fetch updates - TelegramConflictError: Telegram server says - Conflict: terminated by other getUpdates request; make sure that only one bot instance is running
2026-03-20 10:08:49,169 - aiogram.dispatcher - WARNING - Sleep for 4.970543 seconds and try again... (tryings = 76, bot id = 7349237883)
2026-03-20 10:08:54,179 - aiogram.dispatcher - ERROR - Failed to fetch updates - TelegramConflictError: Telegram server says - Conflict: terminated by other getUpdates request; make sure that only one bot instance is running
2026-03-20 10:08:54,180 - aiogram.dispatcher - WARNING - Sleep for 4.968015 seconds and try again... (tryings = 76, bot id = 7349237883)
2026-03-20 10:08:59,193 - aiogram.dispatcher - ERROR - Failed to fetch updates - TelegramConflictError: Telegram server says - Conflict: terminated by other getUpdates request; make sure that only one bot instance is running
2026-03-20 10:08:59,194 - aiogram.dispatcher - WARNING - Sleep for 5.044925 seconds and try again... (tryings = 77, bot id = 7349237883)
2026-03-20 10:09:04,284 - aiogram.dispatcher - ERROR - Failed to fetch updates - TelegramConflictError: Telegram server says - Conflict: terminated by other getUpdates request; make sure that only one bot instance is running
2026-03-20 10:09:04,285 - aiogram.dispatcher - WARNING - Sleep for 5.093710 seconds and try again... (tryings = 77, bot id = 7349237883)
2026-03-20 10:09:09,421 - aiogram.dispatcher - ERROR - Failed to fetch updates - TelegramConflictError: Telegram server says - Conflict: terminated by other getUpdates request; make sure that only one bot instance is running
2026-03-20 10:09:09,421 - aiogram.dispatcher - WARNING - Sleep for 4.963899 seconds and try again... (tryings = 78, bot id = 7349237883)
2026-03-20 10:09:14,429 - aiogram.dispatcher - ERROR - Failed to fetch updates - TelegramConflictError: Telegram server says - Conflict: terminated by other getUpdates request; make sure that only one bot instance is running
2026-03-20 10:09:14,429 - aiogram.dispatcher - WARNING - Sleep for 4.915652 seconds and try again... (tryings = 78, bot id = 7349237883)
2026-03-20 10:09:19,389 - aiogram.dispatcher - ERROR - Failed to fetch updates - TelegramConflictError: Telegram server says - Conflict: terminated by other getUpdates request; make sure that only one bot instance is running
2026-03-20 10:09:19,389 - aiogram.dispatcher - WARNING - Sleep for 5.129396 seconds and try again... (tryings = 79, bot id = 7349237883)
2026-03-20 10:09:24,563 - aiogram.dispatcher - ERROR - Failed to fetch updates - TelegramConflictError: Telegram server says - Conflict: terminated by other getUpdates request; make sure that only one bot instance is running
2026-03-20 10:09:24,563 - aiogram.dispatcher - WARNING - Sleep for 5.069288 seconds and try again... (tryings = 79, bot id = 7349237883)
2026-03-20 10:09:29,668 - aiogram.dispatcher - ERROR - Failed to fetch updates - TelegramConflictError: Telegram server says - Conflict: terminated by other getUpdates request; make sure that only one bot instance is running
2026-03-20 10:09:29,668 - aiogram.dispatcher - WARNING - Sleep for 4.923844 seconds and try again... (tryings = 80, bot id = 7349237883)
2026-03-20 10:09:34,637 - aiogram.dispatcher - ERROR - Failed to fetch updates - TelegramConflictError: Telegram server says - Conflict: terminated by other getUpdates request; make sure that only one bot instance is running
2026-03-20 10:09:34,638 - aiogram.dispatcher - WARNING - Sleep for 5.182173 seconds and try again... (tryings = 80, bot id = 7349237883)
2026-03-20 10:09:39,862 - aiogram.dispatcher - ERROR - Failed to fetch updates - TelegramConflictError: Telegram server says - Conflict: terminated by other getUpdates request; make sure that only one bot instance is running
2026-03-20 10:09:39,862 - aiogram.dispatcher - WARNING - Sleep for 4.907811 seconds and try again... (tryings = 81, bot id = 7349237883)
2026-03-20 10:09:44,818 - aiogram.dispatcher - ERROR - Failed to fetch updates - TelegramConflictError: Telegram server says - Conflict: terminated by other getUpdates request; make sure that only one bot instance is running
2026-03-20 10:09:44,819 - aiogram.dispatcher - WARNING - Sleep for 5.026243 seconds and try again... (tryings = 81, bot id = 7349237883)
2026-03-20 10:09:49,883 - aiogram.dispatcher - ERROR - Failed to fetch updates - TelegramConflictError: Telegram server says - Conflict: terminated by other getUpdates request; make sure that only one bot instance is running
2026-03-20 10:09:49,884 - aiogram.dispatcher - WARNING - Sleep for 4.925658 seconds and try again... (tryings = 82, bot id = 7349237883)
2026-03-20 10:09:54,854 - aiogram.dispatcher - ERROR - Failed to fetch updates - TelegramConflictError: Telegram server says - Conflict: terminated by other getUpdates request; make sure that only one bot instance is running
2026-03-20 10:09:54,855 - aiogram.dispatcher - WARNING - Sleep for 4.846834 seconds and try again... (tryings = 82, bot id = 7349237883)
2026-03-20 10:09:59,741 - aiogram.dispatcher - ERROR - Failed to fetch updates - TelegramConflictError: Telegram server says - Conflict: terminated by other getUpdates request; make sure that only one bot instance is running
2026-03-20 10:09:59,741 - aiogram.dispatcher - WARNING - Sleep for 5.206104 seconds and try again... (tryings = 83, bot id = 7349237883)
2026-03-20 10:10:04,994 - aiogram.dispatcher - ERROR - Failed to fetch updates - TelegramConflictError: Telegram server says - Conflict: terminated by other getUpdates request; make sure that only one bot instance is running
2026-03-20 10:10:04,994 - aiogram.dispatcher - WARNING - Sleep for 4.847181 seconds and try again... (tryings = 83, bot id = 7349237883)
2026-03-20 10:10:09,887 - aiogram.dispatcher - ERROR - Failed to fetch updates - TelegramConflictError: Telegram server says - Conflict: terminated by other getUpdates request; make sure that only one bot instance is running
2026-03-20 10:10:09,887 - aiogram.dispatcher - WARNING - Sleep for 5.122416 seconds and try again... (tryings = 84, bot id = 7349237883)
2026-03-20 10:10:15,058 - aiogram.dispatcher - ERROR - Failed to fetch updates - TelegramConflictError: Telegram server says - Conflict: terminated by other getUpdates request; make sure that only one bot instance is running
2026-03-20 10:10:15,058 - aiogram.dispatcher - WARNING - Sleep for 5.239563 seconds and try again... (tryings = 84, bot id = 7349237883)
2026-03-20 10:10:20,341 - aiogram.dispatcher - ERROR - Failed to fetch updates - TelegramConflictError: Telegram server says - Conflict: terminated by other getUpdates request; make sure that only one bot instance is running
2026-03-20 10:10:20,343 - aiogram.dispatcher - WARNING - Sleep for 5.091035 seconds and try again... (tryings = 85, bot id = 7349237883)
2026-03-20 10:10:25,478 - aiogram.dispatcher - ERROR - Failed to fetch updates - TelegramConflictError: Telegram server says - Conflict: terminated by other getUpdates request; make sure that only one bot instance is running
2026-03-20 10:10:25,478 - aiogram.dispatcher - WARNING - Sleep for 4.934525 seconds and try again... (tryings = 85, bot id = 7349237883)
2026-03-20 10:10:30,464 - aiogram.dispatcher - ERROR - Failed to fetch updates - TelegramConflictError: Telegram server says - Conflict: terminated by other getUpdates request; make sure that only one bot instance is running
2026-03-20 10:10:30,464 - aiogram.dispatcher - WARNING - Sleep for 5.029022 seconds and try again... (tryings = 86, bot id = 7349237883)
2026-03-20 10:10:35,530 - aiogram.dispatcher - ERROR - Failed to fetch updates - TelegramConflictError: Telegram server says - Conflict: terminated by other getUpdates request; make sure that only one bot instance is running
2026-03-20 10:10:35,530 - aiogram.dispatcher - WARNING - Sleep for 4.891529 seconds and try again... (tryings = 86, bot id = 7349237883)
2026-03-20 10:10:40,473 - aiogram.dispatcher - ERROR - Failed to fetch updates - TelegramConflictError: Telegram server says - Conflict: terminated by other getUpdates request; make sure that only one bot instance is running
2026-03-20 10:10:40,473 - aiogram.dispatcher - WARNING - Sleep for 4.897606 seconds and try again... (tryings = 87, bot id = 7349237883)
2026-03-20 10:10:45,405 - aiogram.dispatcher - ERROR - Failed to fetch updates - TelegramConflictError: Telegram server says - Conflict: terminated by other getUpdates request; make sure that only one bot instance is running
2026-03-20 10:10:45,405 - aiogram.dispatcher - WARNING - Sleep for 4.946865 seconds and try again... (tryings = 87, bot id = 7349237883)
2026-03-20 10:10:50,388 - aiogram.dispatcher - ERROR - Failed to fetch updates - TelegramConflictError: Telegram server says - Conflict: terminated by other getUpdates request; make sure that only one bot instance is running
2026-03-20 10:10:50,388 - aiogram.dispatcher - WARNING - Sleep for 5.089758 seconds and try again... (tryings = 88, bot id = 7349237883)
2026-03-20 10:10:55,530 - aiogram.dispatcher - ERROR - Failed to fetch updates - TelegramConflictError: Telegram server says - Conflict: terminated by other getUpdates request; make sure that only one bot instance is running
2026-03-20 10:10:55,531 - aiogram.dispatcher - WARNING - Sleep for 4.974225 seconds and try again... (tryings = 88, bot id = 7349237883)
2026-03-20 10:11:00,545 - aiogram.dispatcher - ERROR - Failed to fetch updates - TelegramConflictError: Telegram server says - Conflict: terminated by other getUpdates request; make sure that only one bot instance is running
2026-03-20 10:11:00,545 - aiogram.dispatcher - WARNING - Sleep for 5.005505 seconds and try again... (tryings = 89, bot id = 7349237883)
2026-03-20 10:11:05,637 - aiogram.dispatcher - ERROR - Failed to fetch updates - TelegramConflictError: Telegram server says - Conflict: terminated by other getUpdates request; make sure that only one bot instance is running
2026-03-20 10:11:05,637 - aiogram.dispatcher - WARNING - Sleep for 4.986917 seconds and try again... (tryings = 89, bot id = 7349237883)
2026-03-20 10:11:10,668 - aiogram.dispatcher - ERROR - Failed to fetch updates - TelegramConflictError: Telegram server says - Conflict: terminated by other getUpdates request; make sure that only one bot instance is running
2026-03-20 10:11:10,668 - aiogram.dispatcher - WARNING - Sleep for 5.079945 seconds and try again... (tryings = 90, bot id = 7349237883)
2026-03-20 10:11:15,774 - aiogram.dispatcher - ERROR - Failed to fetch updates - TelegramConflictError: Telegram server says - Conflict: terminated by other getUpdates request; make sure that only one bot instance is running
2026-03-20 10:11:15,774 - aiogram.dispatcher - WARNING - Sleep for 4.866749 seconds and try again... (tryings = 90, bot id = 7349237883)
2026-03-20 10:11:20,692 - aiogram.dispatcher - ERROR - Failed to fetch updates - TelegramConflictError: Telegram server says - Conflict: terminated by other getUpdates request; make sure that only one bot instance is running
2026-03-20 10:11:20,692 - aiogram.dispatcher - WARNING - Sleep for 4.958395 seconds and try again... (tryings = 91, bot id = 7349237883)
2026-03-20 10:11:25,693 - aiogram.dispatcher - ERROR - Failed to fetch updates - TelegramConflictError: Telegram server says - Conflict: terminated by other getUpdates request; make sure that only one bot instance is running
2026-03-20 10:11:25,693 - aiogram.dispatcher - WARNING - Sleep for 5.068396 seconds and try again... (tryings = 91, bot id = 7349237883)
2026-03-20 10:11:30,813 - aiogram.dispatcher - ERROR - Failed to fetch updates - TelegramConflictError: Telegram server says - Conflict: terminated by other getUpdates request; make sure that only one bot instance is running
2026-03-20 10:11:30,813 - aiogram.dispatcher - WARNING - Sleep for 4.902422 seconds and try again... (tryings = 92, bot id = 7349237883)
2026-03-20 10:11:35,750 - aiogram.dispatcher - ERROR - Failed to fetch updates - TelegramConflictError: Telegram server says - Conflict: terminated by other getUpdates request; make sure that only one bot instance is running
2026-03-20 10:11:35,750 - aiogram.dispatcher - WARNING - Sleep for 4.873699 seconds and try again... (tryings = 92, bot id = 7349237883)
2026-03-20 10:11:40,885 - aiogram.dispatcher - ERROR - Failed to fetch updates - TelegramConflictError: Telegram server says - Conflict: terminated by other getUpdates request; make sure that only one bot instance is running
2026-03-20 10:11:40,885 - aiogram.dispatcher - WARNING - Sleep for 5.075105 seconds and try again... (tryings = 93, bot id = 7349237883)
2026-03-20 10:11:46,000 - aiogram.dispatcher - ERROR - Failed to fetch updates - TelegramConflictError: Telegram server says - Conflict: terminated by other getUpdates request; make sure that only one bot instance is running
2026-03-20 10:11:46,000 - aiogram.dispatcher - WARNING - Sleep for 5.047310 seconds and try again... (tryings = 93, bot id = 7349237883)
2026-03-20 10:11:51,112 - aiogram.dispatcher - ERROR - Failed to fetch updates - TelegramConflictError: Telegram server says - Conflict: terminated by other getUpdates request; make sure that only one bot instance is running
2026-03-20 10:11:51,112 - aiogram.dispatcher - WARNING - Sleep for 4.884669 seconds and try again... (tryings = 94, bot id = 7349237883)
2026-03-20 10:11:56,043 - aiogram.dispatcher - ERROR - Failed to fetch updates - TelegramConflictError: Telegram server says - Conflict: terminated by other getUpdates request; make sure that only one bot instance is running
2026-03-20 10:11:56,043 - aiogram.dispatcher - WARNING - Sleep for 4.962722 seconds and try again... (tryings = 94, bot id = 7349237883)
2026-03-20 10:12:01,052 - aiogram.dispatcher - ERROR - Failed to fetch updates - TelegramConflictError: Telegram server says - Conflict: terminated by other getUpdates request; make sure that only one bot instance is running
2026-03-20 10:12:01,053 - aiogram.dispatcher - WARNING - Sleep for 5.023256 seconds and try again... (tryings = 95, bot id = 7349237883)
2026-03-20 10:12:06,143 - aiogram.dispatcher - ERROR - Failed to fetch updates - TelegramConflictError: Telegram server says - Conflict: terminated by other getUpdates request; make sure that only one bot instance is running
2026-03-20 10:12:06,143 - aiogram.dispatcher - WARNING - Sleep for 4.960018 seconds and try again... (tryings = 95, bot id = 7349237883)
2026-03-20 10:12:11,150 - aiogram.dispatcher - ERROR - Failed to fetch updates - TelegramConflictError: Telegram server says - Conflict: terminated by other getUpdates request; make sure that only one bot instance is running
2026-03-20 10:12:11,150 - aiogram.dispatcher - WARNING - Sleep for 4.899024 seconds and try again... (tryings = 96, bot id = 7349237883)
2026-03-20 10:12:16,104 - aiogram.dispatcher - ERROR - Failed to fetch updates - TelegramConflictError: Telegram server says - Conflict: terminated by other getUpdates request; make sure that only one bot instance is running
2026-03-20 10:12:16,104 - aiogram.dispatcher - WARNING - Sleep for 4.913139 seconds and try again... (tryings = 96, bot id = 7349237883)
2026-03-20 10:12:21,064 - aiogram.dispatcher - ERROR - Failed to fetch updates - TelegramConflictError: Telegram server says - Conflict: terminated by other getUpdates request; make sure that only one bot instance is running
2026-03-20 10:12:21,064 - aiogram.dispatcher - WARNING - Sleep for 5.168979 seconds and try again... (tryings = 97, bot id = 7349237883)
2026-03-20 10:12:26,273 - aiogram.dispatcher - ERROR - Failed to fetch updates - TelegramConflictError: Telegram server says - Conflict: terminated by other getUpdates request; make sure that only one bot instance is running
2026-03-20 10:12:26,273 - aiogram.dispatcher - WARNING - Sleep for 5.023133 seconds and try again... (tryings = 97, bot id = 7349237883)
2026-03-20 10:12:31,339 - aiogram.dispatcher - ERROR - Failed to fetch updates - TelegramConflictError: Telegram server says - Conflict: terminated by other getUpdates request; make sure that only one bot instance is running
2026-03-20 10:12:31,340 - aiogram.dispatcher - WARNING - Sleep for 5.083233 seconds and try again... (tryings = 98, bot id = 7349237883)
2026-03-20 10:12:36,469 - aiogram.dispatcher - ERROR - Failed to fetch updates - TelegramConflictError: Telegram server says - Conflict: terminated by other getUpdates request; make sure that only one bot instance is running
2026-03-20 10:12:36,469 - aiogram.dispatcher - WARNING - Sleep for 4.983180 seconds and try again... (tryings = 98, bot id = 7349237883)
2026-03-20 10:12:41,600 - aiogram.dispatcher - ERROR - Failed to fetch updates - TelegramConflictError: Telegram server says - Conflict: terminated by other getUpdates request; make sure that only one bot instance is running
2026-03-20 10:12:41,600 - aiogram.dispatcher - WARNING - Sleep for 5.168871 seconds and try again... (tryings = 99, bot id = 7349237883)
2026-03-20 10:12:46,814 - aiogram.dispatcher - ERROR - Failed to fetch updates - TelegramConflictError: Telegram server says - Conflict: terminated by other getUpdates request; make sure that only one bot instance is running
2026-03-20 10:12:46,814 - aiogram.dispatcher - WARNING - Sleep for 5.151071 seconds and try again... (tryings = 99, bot id = 7349237883)
2026-03-20 10:12:52,000 - aiogram.dispatcher - ERROR - Failed to fetch updates - TelegramConflictError: Telegram server says - Conflict: terminated by other getUpdates request; make sure that only one bot instance is running
2026-03-20 10:12:52,000 - aiogram.dispatcher - WARNING - Sleep for 5.034836 seconds and try again... (tryings = 100, bot id = 7349237883)
2026-03-20 10:12:57,070 - aiogram.dispatcher - ERROR - Failed to fetch updates - TelegramConflictError: Telegram server says - Conflict: terminated by other getUpdates request; make sure that only one bot instance is running
2026-03-20 10:12:57,070 - aiogram.dispatcher - WARNING - Sleep for 4.948538 seconds and try again... (tryings = 100, bot id = 7349237883)
2026-03-20 10:13:02,064 - aiogram.dispatcher - ERROR - Failed to fetch updates - TelegramConflictError: Telegram server says - Conflict: terminated by other getUpdates request; make sure that only one bot instance is running
2026-03-20 10:13:02,064 - aiogram.dispatcher - WARNING - Sleep for 5.003425 seconds and try again... (tryings = 101, bot id = 7349237883)
2026-03-20 10:13:07,109 - aiogram.dispatcher - ERROR - Failed to fetch updates - TelegramConflictError: Telegram server says - Conflict: terminated by other getUpdates request; make sure that only one bot instance is running
2026-03-20 10:13:07,109 - aiogram.dispatcher - WARNING - Sleep for 4.927234 seconds and try again... (tryings = 101, bot id = 7349237883)
2026-03-20 10:13:12,076 - aiogram.dispatcher - ERROR - Failed to fetch updates - TelegramConflictError: Telegram server says - Conflict: terminated by other getUpdates request; make sure that only one bot instance is running
2026-03-20 10:13:12,076 - aiogram.dispatcher - WARNING - Sleep for 4.846894 seconds and try again... (tryings = 102, bot id = 7349237883)
2026-03-20 10:13:16,965 - aiogram.dispatcher - ERROR - Failed to fetch updates - TelegramConflictError: Telegram server says - Conflict: terminated by other getUpdates request; make sure that only one bot instance is running
2026-03-20 10:13:16,966 - aiogram.dispatcher - WARNING - Sleep for 5.098816 seconds and try again... (tryings = 102, bot id = 7349237883)
2026-03-20 10:13:22,100 - aiogram.dispatcher - ERROR - Failed to fetch updates - TelegramConflictError: Telegram server says - Conflict: terminated by other getUpdates request; make sure that only one bot instance is running
2026-03-20 10:13:22,100 - aiogram.dispatcher - WARNING - Sleep for 5.064075 seconds and try again... (tryings = 103, bot id = 7349237883)
2026-03-20 10:13:27,212 - aiogram.dispatcher - ERROR - Failed to fetch updates - TelegramConflictError: Telegram server says - Conflict: terminated by other getUpdates request; make sure that only one bot instance is running
2026-03-20 10:13:27,212 - aiogram.dispatcher - WARNING - Sleep for 5.024464 seconds and try again... (tryings = 103, bot id = 7349237883)
2026-03-20 10:13:32,277 - aiogram.dispatcher - ERROR - Failed to fetch updates - TelegramConflictError: Telegram server says - Conflict: terminated by other getUpdates request; make sure that only one bot instance is running
2026-03-20 10:13:32,277 - aiogram.dispatcher - WARNING - Sleep for 4.971055 seconds and try again... (tryings = 104, bot id = 7349237883)
2026-03-20 10:13:37,287 - aiogram.dispatcher - ERROR - Failed to fetch updates - TelegramConflictError: Telegram server says - Conflict: terminated by other getUpdates request; make sure that only one bot instance is running
2026-03-20 10:13:37,287 - aiogram.dispatcher - WARNING - Sleep for 5.016936 seconds and try again... (tryings = 104, bot id = 7349237883)
2026-03-20 10:13:42,344 - aiogram.dispatcher - ERROR - Failed to fetch updates - TelegramConflictError: Telegram server says - Conflict: terminated by other getUpdates request; make sure that only one bot instance is running
2026-03-20 10:13:42,344 - aiogram.dispatcher - WARNING - Sleep for 5.130181 seconds and try again... (tryings = 105, bot id = 7349237883)
2026-03-20 10:13:47,518 - aiogram.dispatcher - ERROR - Failed to fetch updates - TelegramConflictError: Telegram server says - Conflict: terminated by other getUpdates request; make sure that only one bot instance is running
2026-03-20 10:13:47,519 - aiogram.dispatcher - WARNING - Sleep for 5.094760 seconds and try again... (tryings = 105, bot id = 7349237883)
2026-03-20 10:13:52,647 - aiogram.dispatcher - ERROR - Failed to fetch updates - TelegramConflictError: Telegram server says - Conflict: terminated by other getUpdates request; make sure that only one bot instance is running
2026-03-20 10:13:52,648 - aiogram.dispatcher - WARNING - Sleep for 5.031749 seconds and try again... (tryings = 106, bot id = 7349237883)
2026-03-20 10:13:57,727 - aiogram.dispatcher - ERROR - Failed to fetch updates - TelegramConflictError: Telegram server says - Conflict: terminated by other getUpdates request; make sure that only one bot instance is running
2026-03-20 10:13:57,727 - aiogram.dispatcher - WARNING - Sleep for 5.041533 seconds and try again... (tryings = 106, bot id = 7349237883)
2026-03-20 10:14:02,806 - aiogram.dispatcher - ERROR - Failed to fetch updates - TelegramConflictError: Telegram server says - Conflict: terminated by other getUpdates request; make sure that only one bot instance is running
2026-03-20 10:14:02,807 - aiogram.dispatcher - WARNING - Sleep for 4.971187 seconds and try again... (tryings = 107, bot id = 7349237883)
2026-03-20 10:14:07,822 - aiogram.dispatcher - ERROR - Failed to fetch updates - TelegramConflictError: Telegram server says - Conflict: terminated by other getUpdates request; make sure that only one bot instance is running
2026-03-20 10:14:07,822 - aiogram.dispatcher - WARNING - Sleep for 5.018753 seconds and try again... (tryings = 107, bot id = 7349237883)
2026-03-20 10:14:12,901 - aiogram.dispatcher - ERROR - Failed to fetch updates - TelegramConflictError: Telegram server says - Conflict: terminated by other getUpdates request; make sure that only one bot instance is running
2026-03-20 10:14:12,901 - aiogram.dispatcher - WARNING - Sleep for 4.956222 seconds and try again... (tryings = 108, bot id = 7349237883)
2026-03-20 10:14:17,907 - aiogram.dispatcher - ERROR - Failed to fetch updates - TelegramConflictError: Telegram server says - Conflict: terminated by other getUpdates request; make sure that only one bot instance is running
2026-03-20 10:14:17,907 - aiogram.dispatcher - WARNING - Sleep for 5.094211 seconds and try again... (tryings = 108, bot id = 7349237883)
2026-03-20 10:14:23,039 - aiogram.dispatcher - ERROR - Failed to fetch updates - TelegramConflictError: Telegram server says - Conflict: terminated by other getUpdates request; make sure that only one bot instance is running
2026-03-20 10:14:23,039 - aiogram.dispatcher - WARNING - Sleep for 5.103793 seconds and try again... (tryings = 109, bot id = 7349237883)
2026-03-20 10:14:28,205 - aiogram.dispatcher - ERROR - Failed to fetch updates - TelegramConflictError: Telegram server says - Conflict: terminated by other getUpdates request; make sure that only one bot instance is running
2026-03-20 10:14:28,205 - aiogram.dispatcher - WARNING - Sleep for 4.954910 seconds and try again... (tryings = 109, bot id = 7349237883)
2026-03-20 10:14:33,207 - aiogram.dispatcher - ERROR - Failed to fetch updates - TelegramConflictError: Telegram server says - Conflict: terminated by other getUpdates request; make sure that only one bot instance is running
2026-03-20 10:14:33,207 - aiogram.dispatcher - WARNING - Sleep for 4.825131 seconds and try again... (tryings = 110, bot id = 7349237883)
2026-03-20 10:14:38,083 - aiogram.dispatcher - ERROR - Failed to fetch updates - TelegramConflictError: Telegram server says - Conflict: terminated by other getUpdates request; make sure that only one bot instance is running
2026-03-20 10:14:38,083 - aiogram.dispatcher - WARNING - Sleep for 5.251412 seconds and try again... (tryings = 110, bot id = 7349237883)
2026-03-20 10:14:43,378 - aiogram.dispatcher - ERROR - Failed to fetch updates - TelegramConflictError: Telegram server says - Conflict: terminated by other getUpdates request; make sure that only one bot instance is running
2026-03-20 10:14:43,378 - aiogram.dispatcher - WARNING - Sleep for 4.785246 seconds and try again... (tryings = 111, bot id = 7349237883)
2026-03-20 10:14:48,210 - aiogram.dispatcher - ERROR - Failed to fetch updates - TelegramConflictError: Telegram server says - Conflict: terminated by other getUpdates request; make sure that only one bot instance is running
2026-03-20 10:14:48,210 - aiogram.dispatcher - WARNING - Sleep for 4.855042 seconds and try again... (tryings = 111, bot id = 7349237883)
2026-03-20 10:14:53,103 - aiogram.dispatcher - ERROR - Failed to fetch updates - TelegramConflictError: Telegram server says - Conflict: terminated by other getUpdates request; make sure that only one bot instance is running
2026-03-20 10:14:53,103 - aiogram.dispatcher - WARNING - Sleep for 4.944534 seconds and try again... (tryings = 112, bot id = 7349237883)
2026-03-20 10:14:58,085 - aiogram.dispatcher - ERROR - Failed to fetch updates - TelegramConflictError: Telegram server says - Conflict: terminated by other getUpdates request; make sure that only one bot instance is running
2026-03-20 10:14:58,085 - aiogram.dispatcher - WARNING - Sleep for 5.016084 seconds and try again... (tryings = 112, bot id = 7349237883)
2026-03-20 10:15:03,138 - aiogram.dispatcher - ERROR - Failed to fetch updates - TelegramConflictError: Telegram server says - Conflict: terminated by other getUpdates request; make sure that only one bot instance is running
2026-03-20 10:15:03,139 - aiogram.dispatcher - WARNING - Sleep for 4.795944 seconds and try again... (tryings = 113, bot id = 7349237883)
2026-03-20 10:15:07,981 - aiogram.dispatcher - ERROR - Failed to fetch updates - TelegramConflictError: Telegram server says - Conflict: terminated by other getUpdates request; make sure that only one bot instance is running
2026-03-20 10:15:07,981 - aiogram.dispatcher - WARNING - Sleep for 5.021036 seconds and try again... (tryings = 113, bot id = 7349237883)
2026-03-20 10:15:13,061 - aiogram.dispatcher - ERROR - Failed to fetch updates - TelegramConflictError: Telegram server says - Conflict: terminated by other getUpdates request; make sure that only one bot instance is running
2026-03-20 10:15:13,062 - aiogram.dispatcher - WARNING - Sleep for 5.269621 seconds and try again... (tryings = 114, bot id = 7349237883)
2026-03-20 10:15:18,464 - aiogram.dispatcher - ERROR - Failed to fetch updates - TelegramConflictError: Telegram server says - Conflict: terminated by other getUpdates request; make sure that only one bot instance is running
2026-03-20 10:15:18,464 - aiogram.dispatcher - WARNING - Sleep for 4.960677 seconds and try again... (tryings = 114, bot id = 7349237883)
2026-03-20 10:15:23,473 - aiogram.dispatcher - ERROR - Failed to fetch updates - TelegramConflictError: Telegram server says - Conflict: terminated by other getUpdates request; make sure that only one bot instance is running
2026-03-20 10:15:23,474 - aiogram.dispatcher - WARNING - Sleep for 4.963408 seconds and try again... (tryings = 115, bot id = 7349237883)
2026-03-20 10:15:28,487 - aiogram.dispatcher - ERROR - Failed to fetch updates - TelegramConflictError: Telegram server says - Conflict: terminated by other getUpdates request; make sure that only one bot instance is running
2026-03-20 10:15:28,487 - aiogram.dispatcher - WARNING - Sleep for 4.978197 seconds and try again... (tryings = 115, bot id = 7349237883)
2026-03-20 10:15:33,518 - aiogram.dispatcher - ERROR - Failed to fetch updates - TelegramConflictError: Telegram server says - Conflict: terminated by other getUpdates request; make sure that only one bot instance is running
2026-03-20 10:15:33,518 - aiogram.dispatcher - WARNING - Sleep for 5.003734 seconds and try again... (tryings = 116, bot id = 7349237883)
2026-03-20 10:15:38,567 - aiogram.dispatcher - ERROR - Failed to fetch updates - TelegramConflictError: Telegram server says - Conflict: terminated by other getUpdates request; make sure that only one bot instance is running
2026-03-20 10:15:38,567 - aiogram.dispatcher - WARNING - Sleep for 4.973151 seconds and try again... (tryings = 116, bot id = 7349237883)
2026-03-20 10:15:43,594 - aiogram.dispatcher - ERROR - Failed to fetch updates - TelegramConflictError: Telegram server says - Conflict: terminated by other getUpdates request; make sure that only one bot instance is running
2026-03-20 10:15:43,594 - aiogram.dispatcher - WARNING - Sleep for 4.883512 seconds and try again... (tryings = 117, bot id = 7349237883)
2026-03-20 10:15:48,519 - aiogram.dispatcher - ERROR - Failed to fetch updates - TelegramConflictError: Telegram server says - Conflict: terminated by other getUpdates request; make sure that only one bot instance is running
2026-03-20 10:15:48,519 - aiogram.dispatcher - WARNING - Sleep for 4.976046 seconds and try again... (tryings = 117, bot id = 7349237883)
2026-03-20 10:15:53,537 - aiogram.dispatcher - ERROR - Failed to fetch updates - TelegramConflictError: Telegram server says - Conflict: terminated by other getUpdates request; make sure that only one bot instance is running
2026-03-20 10:15:53,537 - aiogram.dispatcher - WARNING - Sleep for 4.905658 seconds and try again... (tryings = 118, bot id = 7349237883)
2026-03-20 10:15:58,495 - aiogram.dispatcher - ERROR - Failed to fetch updates - TelegramConflictError: Telegram server says - Conflict: terminated by other getUpdates request; make sure that only one bot instance is running
2026-03-20 10:15:58,495 - aiogram.dispatcher - WARNING - Sleep for 5.037875 seconds and try again... (tryings = 118, bot id = 7349237883)
2026-03-20 10:16:03,581 - aiogram.dispatcher - ERROR - Failed to fetch updates - TelegramConflictError: Telegram server says - Conflict: terminated by other getUpdates request; make sure that only one bot instance is running
2026-03-20 10:16:03,581 - aiogram.dispatcher - WARNING - Sleep for 5.013809 seconds and try again... (tryings = 119, bot id = 7349237883)
2026-03-20 10:16:08,634 - aiogram.dispatcher - ERROR - Failed to fetch updates - TelegramConflictError: Telegram server says - Conflict: terminated by other getUpdates request; make sure that only one bot instance is running
2026-03-20 10:16:08,635 - aiogram.dispatcher - WARNING - Sleep for 4.951815 seconds and try again... (tryings = 119, bot id = 7349237883)
2026-03-20 10:16:13,640 - aiogram.dispatcher - ERROR - Failed to fetch updates - TelegramConflictError: Telegram server says - Conflict: terminated by other getUpdates request; make sure that only one bot instance is running
2026-03-20 10:16:13,641 - aiogram.dispatcher - WARNING - Sleep for 5.099516 seconds and try again... (tryings = 120, bot id = 7349237883)
2026-03-20 10:16:18,773 - aiogram.dispatcher - ERROR - Failed to fetch updates - TelegramConflictError: Telegram server says - Conflict: terminated by other getUpdates request; make sure that only one bot instance is running
2026-03-20 10:16:18,773 - aiogram.dispatcher - WARNING - Sleep for 4.859855 seconds and try again... (tryings = 120, bot id = 7349237883)
2026-03-20 10:16:23,675 - aiogram.dispatcher - ERROR - Failed to fetch updates - TelegramConflictError: Telegram server says - Conflict: terminated by other getUpdates request; make sure that only one bot instance is running
2026-03-20 10:16:23,675 - aiogram.dispatcher - WARNING - Sleep for 4.983509 seconds and try again... (tryings = 121, bot id = 7349237883)
2026-03-20 10:16:28,693 - aiogram.dispatcher - ERROR - Failed to fetch updates - TelegramConflictError: Telegram server says - Conflict: terminated by other getUpdates request; make sure that only one bot instance is running
2026-03-20 10:16:28,694 - aiogram.dispatcher - WARNING - Sleep for 4.987418 seconds and try again... (tryings = 121, bot id = 7349237883)
2026-03-20 10:16:33,726 - aiogram.dispatcher - ERROR - Failed to fetch updates - TelegramConflictError: Telegram server says - Conflict: terminated by other getUpdates request; make sure that only one bot instance is running
2026-03-20 10:16:33,726 - aiogram.dispatcher - WARNING - Sleep for 5.025142 seconds and try again... (tryings = 122, bot id = 7349237883)
2026-03-20 10:16:38,799 - aiogram.dispatcher - ERROR - Failed to fetch updates - TelegramConflictError: Telegram server says - Conflict: terminated by other getUpdates request; make sure that only one bot instance is running
2026-03-20 10:16:38,799 - aiogram.dispatcher - WARNING - Sleep for 5.184747 seconds and try again... (tryings = 122, bot id = 7349237883)
2026-03-20 10:16:44,031 - aiogram.dispatcher - ERROR - Failed to fetch updates - TelegramConflictError: Telegram server says - Conflict: terminated by other getUpdates request; make sure that only one bot instance is running
2026-03-20 10:16:44,031 - aiogram.dispatcher - WARNING - Sleep for 4.899633 seconds and try again... (tryings = 123, bot id = 7349237883)
2026-03-20 10:16:48,974 - aiogram.dispatcher - ERROR - Failed to fetch updates - TelegramConflictError: Telegram server says - Conflict: terminated by other getUpdates request; make sure that only one bot instance is running
2026-03-20 10:16:48,974 - aiogram.dispatcher - WARNING - Sleep for 4.919235 seconds and try again... (tryings = 123, bot id = 7349237883)
2026-03-20 10:16:53,942 - aiogram.dispatcher - ERROR - Failed to fetch updates - TelegramConflictError: Telegram server says - Conflict: terminated by other getUpdates request; make sure that only one bot instance is running
2026-03-20 10:16:53,942 - aiogram.dispatcher - WARNING - Sleep for 5.026457 seconds and try again... (tryings = 124, bot id = 7349237883)
2026-03-20 10:16:59,014 - aiogram.dispatcher - ERROR - Failed to fetch updates - TelegramConflictError: Telegram server says - Conflict: terminated by other getUpdates request; make sure that only one bot instance is running
2026-03-20 10:16:59,014 - aiogram.dispatcher - WARNING - Sleep for 4.960773 seconds and try again... (tryings = 124, bot id = 7349237883)
2026-03-20 10:17:04,016 - aiogram.dispatcher - ERROR - Failed to fetch updates - TelegramConflictError: Telegram server says - Conflict: terminated by other getUpdates request; make sure that only one bot instance is running
2026-03-20 10:17:04,016 - aiogram.dispatcher - WARNING - Sleep for 5.129493 seconds and try again... (tryings = 125, bot id = 7349237883)
2026-03-20 10:17:09,188 - aiogram.dispatcher - ERROR - Failed to fetch updates - TelegramConflictError: Telegram server says - Conflict: terminated by other getUpdates request; make sure that only one bot instance is running
2026-03-20 10:17:09,188 - aiogram.dispatcher - WARNING - Sleep for 5.045605 seconds and try again... (tryings = 125, bot id = 7349237883)
2026-03-20 10:17:14,275 - aiogram.dispatcher - ERROR - Failed to fetch updates - TelegramConflictError: Telegram server says - Conflict: terminated by other getUpdates request; make sure that only one bot instance is running
2026-03-20 10:17:14,276 - aiogram.dispatcher - WARNING - Sleep for 5.054357 seconds and try again... (tryings = 126, bot id = 7349237883)
2026-03-20 10:17:19,395 - aiogram.dispatcher - ERROR - Failed to fetch updates - TelegramConflictError: Telegram server says - Conflict: terminated by other getUpdates request; make sure that only one bot instance is running
2026-03-20 10:17:19,395 - aiogram.dispatcher - WARNING - Sleep for 4.834379 seconds and try again... (tryings = 126, bot id = 7349237883)
2026-03-20 10:17:24,282 - aiogram.dispatcher - ERROR - Failed to fetch updates - TelegramConflictError: Telegram server says - Conflict: terminated by other getUpdates request; make sure that only one bot instance is running
2026-03-20 10:17:24,282 - aiogram.dispatcher - WARNING - Sleep for 5.090512 seconds and try again... (tryings = 127, bot id = 7349237883)
2026-03-20 10:17:29,408 - aiogram.dispatcher - ERROR - Failed to fetch updates - TelegramConflictError: Telegram server says - Conflict: terminated by other getUpdates request; make sure that only one bot instance is running
2026-03-20 10:17:29,408 - aiogram.dispatcher - WARNING - Sleep for 4.845645 seconds and try again... (tryings = 127, bot id = 7349237883)
2026-03-20 10:17:34,298 - aiogram.dispatcher - ERROR - Failed to fetch updates - TelegramConflictError: Telegram server says - Conflict: terminated by other getUpdates request; make sure that only one bot instance is running
2026-03-20 10:17:34,298 - aiogram.dispatcher - WARNING - Sleep for 5.110071 seconds and try again... (tryings = 128, bot id = 7349237883)
2026-03-20 10:17:39,454 - aiogram.dispatcher - ERROR - Failed to fetch updates - TelegramConflictError: Telegram server says - Conflict: terminated by other getUpdates request; make sure that only one bot instance is running
2026-03-20 10:17:39,454 - aiogram.dispatcher - WARNING - Sleep for 4.983862 seconds and try again... (tryings = 128, bot id = 7349237883)
2026-03-20 10:17:44,489 - aiogram.dispatcher - ERROR - Failed to fetch updates - TelegramConflictError: Telegram server says - Conflict: terminated by other getUpdates request; make sure that only one bot instance is running
2026-03-20 10:17:44,489 - aiogram.dispatcher - WARNING - Sleep for 4.954412 seconds and try again... (tryings = 129, bot id = 7349237883)
2026-03-20 10:17:49,483 - aiogram.dispatcher - ERROR - Failed to fetch updates - TelegramConflictError: Telegram server says - Conflict: terminated by other getUpdates request; make sure that only one bot instance is running
2026-03-20 10:17:49,484 - aiogram.dispatcher - WARNING - Sleep for 5.084750 seconds and try again... (tryings = 129, bot id = 7349237883)
2026-03-20 10:17:54,625 - aiogram.dispatcher - ERROR - Failed to fetch updates - TelegramConflictError: Telegram server says - Conflict: terminated by other getUpdates request; make sure that only one bot instance is running
2026-03-20 10:17:54,625 - aiogram.dispatcher - WARNING - Sleep for 4.871555 seconds and try again... (tryings = 130, bot id = 7349237883)
2026-03-20 10:17:59,537 - aiogram.dispatcher - ERROR - Failed to fetch updates - TelegramConflictError: Telegram server says - Conflict: terminated by other getUpdates request; make sure that only one bot instance is running
2026-03-20 10:17:59,537 - aiogram.dispatcher - WARNING - Sleep for 4.978861 seconds and try again... (tryings = 130, bot id = 7349237883)
2026-03-20 10:18:04,550 - aiogram.dispatcher - ERROR - Failed to fetch updates - TelegramConflictError: Telegram server says - Conflict: terminated by other getUpdates request; make sure that only one bot instance is running
2026-03-20 10:18:04,552 - aiogram.dispatcher - WARNING - Sleep for 5.101065 seconds and try again... (tryings = 131, bot id = 7349237883)
2026-03-20 10:18:09,697 - aiogram.dispatcher - ERROR - Failed to fetch updates - TelegramConflictError: Telegram server says - Conflict: terminated by other getUpdates request; make sure that only one bot instance is running
2026-03-20 10:18:09,697 - aiogram.dispatcher - WARNING - Sleep for 5.038846 seconds and try again... (tryings = 131, bot id = 7349237883)
2026-03-20 10:18:14,776 - aiogram.dispatcher - ERROR - Failed to fetch updates - TelegramConflictError: Telegram server says - Conflict: terminated by other getUpdates request; make sure that only one bot instance is running
2026-03-20 10:18:14,776 - aiogram.dispatcher - WARNING - Sleep for 4.981480 seconds and try again... (tryings = 132, bot id = 7349237883)
2026-03-20 10:18:19,812 - aiogram.dispatcher - ERROR - Failed to fetch updates - TelegramConflictError: Telegram server says - Conflict: terminated by other getUpdates request; make sure that only one bot instance is running
2026-03-20 10:18:19,812 - aiogram.dispatcher - WARNING - Sleep for 4.945668 seconds and try again... (tryings = 132, bot id = 7349237883)
2026-03-20 10:18:24,803 - aiogram.dispatcher - ERROR - Failed to fetch updates - TelegramConflictError: Telegram server says - Conflict: terminated by other getUpdates request; make sure that only one bot instance is running
2026-03-20 10:18:24,803 - aiogram.dispatcher - WARNING - Sleep for 4.996698 seconds and try again... (tryings = 133, bot id = 7349237883)
2026-03-20 10:18:29,839 - aiogram.dispatcher - ERROR - Failed to fetch updates - TelegramConflictError: Telegram server says - Conflict: terminated by other getUpdates request; make sure that only one bot instance is running
2026-03-20 10:18:29,839 - aiogram.dispatcher - WARNING - Sleep for 5.034665 seconds and try again... (tryings = 133, bot id = 7349237883)
2026-03-20 10:18:34,918 - aiogram.dispatcher - ERROR - Failed to fetch updates - TelegramConflictError: Telegram server says - Conflict: terminated by other getUpdates request; make sure that only one bot instance is running
2026-03-20 10:18:34,918 - aiogram.dispatcher - WARNING - Sleep for 4.924922 seconds and try again... (tryings = 134, bot id = 7349237883)
2026-03-20 10:18:39,890 - aiogram.dispatcher - ERROR - Failed to fetch updates - TelegramConflictError: Telegram server says - Conflict: terminated by other getUpdates request; make sure that only one bot instance is running
2026-03-20 10:18:39,890 - aiogram.dispatcher - WARNING - Sleep for 4.910390 seconds and try again... (tryings = 134, bot id = 7349237883)
2026-03-20 10:18:44,842 - aiogram.dispatcher - ERROR - Failed to fetch updates - TelegramConflictError: Telegram server says - Conflict: terminated by other getUpdates request; make sure that only one bot instance is running
2026-03-20 10:18:44,842 - aiogram.dispatcher - WARNING - Sleep for 4.855560 seconds and try again... (tryings = 135, bot id = 7349237883)
2026-03-20 10:18:49,739 - aiogram.dispatcher - ERROR - Failed to fetch updates - TelegramConflictError: Telegram server says - Conflict: terminated by other getUpdates request; make sure that only one bot instance is running
2026-03-20 10:18:49,740 - aiogram.dispatcher - WARNING - Sleep for 4.940991 seconds and try again... (tryings = 135, bot id = 7349237883)
2026-03-20 10:18:54,725 - aiogram.dispatcher - ERROR - Failed to fetch updates - TelegramConflictError: Telegram server says - Conflict: terminated by other getUpdates request; make sure that only one bot instance is running
2026-03-20 10:18:54,726 - aiogram.dispatcher - WARNING - Sleep for 4.946921 seconds and try again... (tryings = 136, bot id = 7349237883)
2026-03-20 10:18:59,711 - aiogram.dispatcher - ERROR - Failed to fetch updates - TelegramConflictError: Telegram server says - Conflict: terminated by other getUpdates request; make sure that only one bot instance is running
2026-03-20 10:18:59,712 - aiogram.dispatcher - WARNING - Sleep for 4.947123 seconds and try again... (tryings = 136, bot id = 7349237883)
2026-03-20 10:19:04,711 - aiogram.dispatcher - ERROR - Failed to fetch updates - TelegramConflictError: Telegram server says - Conflict: terminated by other getUpdates request; make sure that only one bot instance is running
2026-03-20 10:19:04,711 - aiogram.dispatcher - WARNING - Sleep for 4.877358 seconds and try again... (tryings = 137, bot id = 7349237883)
2026-03-20 10:19:09,638 - aiogram.dispatcher - ERROR - Failed to fetch updates - TelegramConflictError: Telegram server says - Conflict: terminated by other getUpdates request; make sure that only one bot instance is running
2026-03-20 10:19:09,638 - aiogram.dispatcher - WARNING - Sleep for 5.091009 seconds and try again... (tryings = 137, bot id = 7349237883)
2026-03-20 10:19:14,772 - aiogram.dispatcher - ERROR - Failed to fetch updates - TelegramConflictError: Telegram server says - Conflict: terminated by other getUpdates request; make sure that only one bot instance is running
2026-03-20 10:19:14,772 - aiogram.dispatcher - WARNING - Sleep for 5.060393 seconds and try again... (tryings = 138, bot id = 7349237883)
2026-03-20 10:19:19,875 - aiogram.dispatcher - ERROR - Failed to fetch updates - TelegramConflictError: Telegram server says - Conflict: terminated by other getUpdates request; make sure that only one bot instance is running
2026-03-20 10:19:19,875 - aiogram.dispatcher - WARNING - Sleep for 4.917095 seconds and try again... (tryings = 138, bot id = 7349237883)
2026-03-20 10:19:24,837 - aiogram.dispatcher - ERROR - Failed to fetch updates - TelegramConflictError: Telegram server says - Conflict: terminated by other getUpdates request; make sure that only one bot instance is running
2026-03-20 10:19:24,839 - aiogram.dispatcher - WARNING - Sleep for 5.047685 seconds and try again... (tryings = 139, bot id = 7349237883)
2026-03-20 10:19:29,925 - aiogram.dispatcher - ERROR - Failed to fetch updates - TelegramConflictError: Telegram server says - Conflict: terminated by other getUpdates request; make sure that only one bot instance is running
2026-03-20 10:19:29,925 - aiogram.dispatcher - WARNING - Sleep for 5.070347 seconds and try again... (tryings = 139, bot id = 7349237883)
2026-03-20 10:19:35,047 - aiogram.dispatcher - ERROR - Failed to fetch updates - TelegramConflictError: Telegram server says - Conflict: terminated by other getUpdates request; make sure that only one bot instance is running
2026-03-20 10:19:35,047 - aiogram.dispatcher - WARNING - Sleep for 4.976654 seconds and try again... (tryings = 140, bot id = 7349237883)
2026-03-20 10:19:40,087 - aiogram.dispatcher - ERROR - Failed to fetch updates - TelegramConflictError: Telegram server says - Conflict: terminated by other getUpdates request; make sure that only one bot instance is running
2026-03-20 10:19:40,087 - aiogram.dispatcher - WARNING - Sleep for 4.974253 seconds and try again... (tryings = 140, bot id = 7349237883)
2026-03-20 10:19:45,118 - aiogram.dispatcher - ERROR - Failed to fetch updates - TelegramConflictError: Telegram server says - Conflict: terminated by other getUpdates request; make sure that only one bot instance is running
2026-03-20 10:19:45,118 - aiogram.dispatcher - WARNING - Sleep for 5.088972 seconds and try again... (tryings = 141, bot id = 7349237883)
2026-03-20 10:19:50,268 - aiogram.dispatcher - ERROR - Failed to fetch updates - TelegramConflictError: Telegram server says - Conflict: terminated by other getUpdates request; make sure that only one bot instance is running
2026-03-20 10:19:50,268 - aiogram.dispatcher - WARNING - Sleep for 5.060659 seconds and try again... (tryings = 141, bot id = 7349237883)
2026-03-20 10:19:55,400 - aiogram.dispatcher - ERROR - Failed to fetch updates - TelegramConflictError: Telegram server says - Conflict: terminated by other getUpdates request; make sure that only one bot instance is running
2026-03-20 10:19:55,400 - aiogram.dispatcher - WARNING - Sleep for 5.051498 seconds and try again... (tryings = 142, bot id = 7349237883)
2026-03-20 10:20:00,511 - aiogram.dispatcher - ERROR - Failed to fetch updates - TelegramConflictError: Telegram server says - Conflict: terminated by other getUpdates request; make sure that only one bot instance is running
2026-03-20 10:20:00,511 - aiogram.dispatcher - WARNING - Sleep for 5.014865 seconds and try again... (tryings = 142, bot id = 7349237883)
2026-03-20 10:20:05,565 - aiogram.dispatcher - ERROR - Failed to fetch updates - TelegramConflictError: Telegram server says - Conflict: terminated by other getUpdates request; make sure that only one bot instance is running
2026-03-20 10:20:05,566 - aiogram.dispatcher - WARNING - Sleep for 5.107302 seconds and try again... (tryings = 143, bot id = 7349237883)
2026-03-20 10:20:10,720 - aiogram.dispatcher - ERROR - Failed to fetch updates - TelegramConflictError: Telegram server says - Conflict: terminated by other getUpdates request; make sure that only one bot instance is running
2026-03-20 10:20:10,721 - aiogram.dispatcher - WARNING - Sleep for 5.109369 seconds and try again... (tryings = 143, bot id = 7349237883)
2026-03-20 10:20:15,885 - aiogram.dispatcher - ERROR - Failed to fetch updates - TelegramConflictError: Telegram server says - Conflict: terminated by other getUpdates request; make sure that only one bot instance is running
2026-03-20 10:20:15,886 - aiogram.dispatcher - WARNING - Sleep for 4.955593 seconds and try again... (tryings = 144, bot id = 7349237883)
2026-03-20 10:20:20,886 - aiogram.dispatcher - ERROR - Failed to fetch updates - TelegramConflictError: Telegram server says - Conflict: terminated by other getUpdates request; make sure that only one bot instance is running
2026-03-20 10:20:20,886 - aiogram.dispatcher - WARNING - Sleep for 4.914654 seconds and try again... (tryings = 144, bot id = 7349237883)
2026-03-20 10:20:25,851 - aiogram.dispatcher - ERROR - Failed to fetch updates - TelegramConflictError: Telegram server says - Conflict: terminated by other getUpdates request; make sure that only one bot instance is running
2026-03-20 10:20:25,851 - aiogram.dispatcher - WARNING - Sleep for 4.859444 seconds and try again... (tryings = 145, bot id = 7349237883)
2026-03-20 10:20:30,734 - aiogram.dispatcher - ERROR - Failed to fetch updates - TelegramConflictError: Telegram server says - Conflict: terminated by other getUpdates request; make sure that only one bot instance is running
2026-03-20 10:20:30,734 - aiogram.dispatcher - WARNING - Sleep for 5.054315 seconds and try again... (tryings = 145, bot id = 7349237883)
2026-03-20 10:20:35,839 - aiogram.dispatcher - ERROR - Failed to fetch updates - TelegramConflictError: Telegram server says - Conflict: terminated by other getUpdates request; make sure that only one bot instance is running
2026-03-20 10:20:35,839 - aiogram.dispatcher - WARNING - Sleep for 4.908381 seconds and try again... (tryings = 146, bot id = 7349237883)
2026-03-20 10:20:40,784 - aiogram.dispatcher - ERROR - Failed to fetch updates - TelegramConflictError: Telegram server says - Conflict: terminated by other getUpdates request; make sure that only one bot instance is running
2026-03-20 10:20:40,784 - aiogram.dispatcher - WARNING - Sleep for 5.165913 seconds and try again... (tryings = 146, bot id = 7349237883)
2026-03-20 10:20:45,988 - aiogram.dispatcher - ERROR - Failed to fetch updates - TelegramConflictError: Telegram server says - Conflict: terminated by other getUpdates request; make sure that only one bot instance is running
2026-03-20 10:20:45,988 - aiogram.dispatcher - WARNING - Sleep for 4.996098 seconds and try again... (tryings = 147, bot id = 7349237883)
2026-03-20 10:20:51,019 - aiogram.dispatcher - ERROR - Failed to fetch updates - TelegramConflictError: Telegram server says - Conflict: terminated by other getUpdates request; make sure that only one bot instance is running
2026-03-20 10:20:51,019 - aiogram.dispatcher - WARNING - Sleep for 4.890581 seconds and try again... (tryings = 147, bot id = 7349237883)
2026-03-20 10:20:55,953 - aiogram.dispatcher - ERROR - Failed to fetch updates - TelegramConflictError: Telegram server says - Conflict: terminated by other getUpdates request; make sure that only one bot instance is running
2026-03-20 10:20:55,953 - aiogram.dispatcher - WARNING - Sleep for 5.131078 seconds and try again... (tryings = 148, bot id = 7349237883)
2026-03-20 10:21:01,133 - aiogram.dispatcher - ERROR - Failed to fetch updates - TelegramConflictError: Telegram server says - Conflict: terminated by other getUpdates request; make sure that only one bot instance is running
2026-03-20 10:21:01,134 - aiogram.dispatcher - WARNING - Sleep for 5.142114 seconds and try again... (tryings = 148, bot id = 7349237883)
2026-03-20 10:21:06,311 - aiogram.dispatcher - ERROR - Failed to fetch updates - TelegramConflictError: Telegram server says - Conflict: terminated by other getUpdates request; make sure that only one bot instance is running
2026-03-20 10:21:06,311 - aiogram.dispatcher - WARNING - Sleep for 5.072177 seconds and try again... (tryings = 149, bot id = 7349237883)
2026-03-20 10:21:11,444 - aiogram.dispatcher - ERROR - Failed to fetch updates - TelegramConflictError: Telegram server says - Conflict: terminated by other getUpdates request; make sure that only one bot instance is running
2026-03-20 10:21:11,445 - aiogram.dispatcher - WARNING - Sleep for 4.932387 seconds and try again... (tryings = 149, bot id = 7349237883)
2026-03-20 10:21:16,423 - aiogram.dispatcher - ERROR - Failed to fetch updates - TelegramConflictError: Telegram server says - Conflict: terminated by other getUpdates request; make sure that only one bot instance is running
2026-03-20 10:21:16,423 - aiogram.dispatcher - WARNING - Sleep for 5.018883 seconds and try again... (tryings = 150, bot id = 7349237883)
2026-03-20 10:21:21,490 - aiogram.dispatcher - ERROR - Failed to fetch updates - TelegramConflictError: Telegram server says - Conflict: terminated by other getUpdates request; make sure that only one bot instance is running
2026-03-20 10:21:21,490 - aiogram.dispatcher - WARNING - Sleep for 5.093661 seconds and try again... (tryings = 150, bot id = 7349237883)
2026-03-20 10:21:26,620 - aiogram.dispatcher - ERROR - Failed to fetch updates - TelegramConflictError: Telegram server says - Conflict: terminated by other getUpdates request; make sure that only one bot instance is running
2026-03-20 10:21:26,620 - aiogram.dispatcher - WARNING - Sleep for 4.914508 seconds and try again... (tryings = 151, bot id = 7349237883)
2026-03-20 10:21:31,569 - aiogram.dispatcher - ERROR - Failed to fetch updates - TelegramConflictError: Telegram server says - Conflict: terminated by other getUpdates request; make sure that only one bot instance is running
2026-03-20 10:21:31,570 - aiogram.dispatcher - WARNING - Sleep for 5.107521 seconds and try again... (tryings = 151, bot id = 7349237883)
2026-03-20 10:21:36,722 - aiogram.dispatcher - ERROR - Failed to fetch updates - TelegramConflictError: Telegram server says - Conflict: terminated by other getUpdates request; make sure that only one bot instance is running
2026-03-20 10:21:36,722 - aiogram.dispatcher - WARNING - Sleep for 4.825719 seconds and try again... (tryings = 152, bot id = 7349237883)
2026-03-20 10:21:41,604 - aiogram.dispatcher - ERROR - Failed to fetch updates - TelegramConflictError: Telegram server says - Conflict: terminated by other getUpdates request; make sure that only one bot instance is running
2026-03-20 10:21:41,604 - aiogram.dispatcher - WARNING - Sleep for 4.968264 seconds and try again... (tryings = 152, bot id = 7349237883)
2026-03-20 10:21:46,621 - aiogram.dispatcher - ERROR - Failed to fetch updates - TelegramConflictError: Telegram server says - Conflict: terminated by other getUpdates request; make sure that only one bot instance is running
2026-03-20 10:21:46,621 - aiogram.dispatcher - WARNING - Sleep for 4.810280 seconds and try again... (tryings = 153, bot id = 7349237883)
2026-03-20 10:21:51,475 - aiogram.dispatcher - ERROR - Failed to fetch updates - TelegramConflictError: Telegram server says - Conflict: terminated by other getUpdates request; make sure that only one bot instance is running
2026-03-20 10:21:51,476 - aiogram.dispatcher - WARNING - Sleep for 5.107540 seconds and try again... (tryings = 153, bot id = 7349237883)
2026-03-20 10:21:56,631 - aiogram.dispatcher - ERROR - Failed to fetch updates - TelegramConflictError: Telegram server says - Conflict: terminated by other getUpdates request; make sure that only one bot instance is running
2026-03-20 10:21:56,632 - aiogram.dispatcher - WARNING - Sleep for 5.016296 seconds and try again... (tryings = 154, bot id = 7349237883)
2026-03-20 10:22:01,694 - aiogram.dispatcher - ERROR - Failed to fetch updates - TelegramConflictError: Telegram server says - Conflict: terminated by other getUpdates request; make sure that only one bot instance is running
2026-03-20 10:22:01,694 - aiogram.dispatcher - WARNING - Sleep for 4.942159 seconds and try again... (tryings = 154, bot id = 7349237883)
2026-03-20 10:22:06,678 - aiogram.dispatcher - ERROR - Failed to fetch updates - TelegramConflictError: Telegram server says - Conflict: terminated by other getUpdates request; make sure that only one bot instance is running
2026-03-20 10:22:06,678 - aiogram.dispatcher - WARNING - Sleep for 5.166101 seconds and try again... (tryings = 155, bot id = 7349237883)
2026-03-20 10:22:11,900 - aiogram.dispatcher - ERROR - Failed to fetch updates - TelegramConflictError: Telegram server says - Conflict: terminated by other getUpdates request; make sure that only one bot instance is running
2026-03-20 10:22:11,900 - aiogram.dispatcher - WARNING - Sleep for 5.101434 seconds and try again... (tryings = 155, bot id = 7349237883)
2026-03-20 10:22:17,043 - aiogram.dispatcher - ERROR - Failed to fetch updates - TelegramConflictError: Telegram server says - Conflict: terminated by other getUpdates request; make sure that only one bot instance is running
2026-03-20 10:22:17,043 - aiogram.dispatcher - WARNING - Sleep for 4.974571 seconds and try again... (tryings = 156, bot id = 7349237883)
2026-03-20 10:22:22,062 - aiogram.dispatcher - ERROR - Failed to fetch updates - TelegramConflictError: Telegram server says - Conflict: terminated by other getUpdates request; make sure that only one bot instance is running
2026-03-20 10:22:22,063 - aiogram.dispatcher - WARNING - Sleep for 5.058081 seconds and try again... (tryings = 156, bot id = 7349237883)
2026-03-20 10:22:27,165 - aiogram.dispatcher - ERROR - Failed to fetch updates - TelegramConflictError: Telegram server says - Conflict: terminated by other getUpdates request; make sure that only one bot instance is running
2026-03-20 10:22:27,165 - aiogram.dispatcher - WARNING - Sleep for 5.048762 seconds and try again... (tryings = 157, bot id = 7349237883)
2026-03-20 10:22:32,261 - aiogram.dispatcher - ERROR - Failed to fetch updates - TelegramConflictError: Telegram server says - Conflict: terminated by other getUpdates request; make sure that only one bot instance is running
2026-03-20 10:22:32,261 - aiogram.dispatcher - WARNING - Sleep for 5.126265 seconds and try again... (tryings = 157, bot id = 7349237883)
2026-03-20 10:22:37,447 - aiogram.dispatcher - ERROR - Failed to fetch updates - TelegramConflictError: Telegram server says - Conflict: terminated by other getUpdates request; make sure that only one bot instance is running
2026-03-20 10:22:37,448 - aiogram.dispatcher - WARNING - Sleep for 5.092994 seconds and try again... (tryings = 158, bot id = 7349237883)
2026-03-20 10:22:42,584 - aiogram.dispatcher - ERROR - Failed to fetch updates - TelegramConflictError: Telegram server says - Conflict: terminated by other getUpdates request; make sure that only one bot instance is running
2026-03-20 10:22:42,584 - aiogram.dispatcher - WARNING - Sleep for 4.895580 seconds and try again... (tryings = 158, bot id = 7349237883)
2026-03-20 10:22:47,529 - aiogram.dispatcher - ERROR - Failed to fetch updates - TelegramConflictError: Telegram server says - Conflict: terminated by other getUpdates request; make sure that only one bot instance is running
2026-03-20 10:22:47,529 - aiogram.dispatcher - WARNING - Sleep for 4.781322 seconds and try again... (tryings = 159, bot id = 7349237883)
2026-03-20 10:22:52,353 - aiogram.dispatcher - ERROR - Failed to fetch updates - TelegramConflictError: Telegram server says - Conflict: terminated by other getUpdates request; make sure that only one bot instance is running
2026-03-20 10:22:52,354 - aiogram.dispatcher - WARNING - Sleep for 5.115837 seconds and try again... (tryings = 159, bot id = 7349237883)
2026-03-20 10:22:57,518 - aiogram.dispatcher - ERROR - Failed to fetch updates - TelegramConflictError: Telegram server says - Conflict: terminated by other getUpdates request; make sure that only one bot instance is running
2026-03-20 10:22:57,519 - aiogram.dispatcher - WARNING - Sleep for 4.964892 seconds and try again... (tryings = 160, bot id = 7349237883)
2026-03-20 10:23:02,526 - aiogram.dispatcher - ERROR - Failed to fetch updates - TelegramConflictError: Telegram server says - Conflict: terminated by other getUpdates request; make sure that only one bot instance is running
2026-03-20 10:23:02,526 - aiogram.dispatcher - WARNING - Sleep for 5.089040 seconds and try again... (tryings = 160, bot id = 7349237883)
2026-03-20 10:23:07,667 - aiogram.dispatcher - ERROR - Failed to fetch updates - TelegramConflictError: Telegram server says - Conflict: terminated by other getUpdates request; make sure that only one bot instance is running
2026-03-20 10:23:07,668 - aiogram.dispatcher - WARNING - Sleep for 5.268753 seconds and try again... (tryings = 161, bot id = 7349237883)
2026-03-20 10:23:12,971 - aiogram.dispatcher - ERROR - Failed to fetch updates - TelegramConflictError: Telegram server says - Conflict: terminated by other getUpdates request; make sure that only one bot instance is running
2026-03-20 10:23:12,972 - aiogram.dispatcher - WARNING - Sleep for 5.081727 seconds and try again... (tryings = 161, bot id = 7349237883)
2026-03-20 10:23:18,091 - aiogram.dispatcher - ERROR - Failed to fetch updates - TelegramConflictError: Telegram server says - Conflict: terminated by other getUpdates request; make sure that only one bot instance is running
2026-03-20 10:23:18,091 - aiogram.dispatcher - WARNING - Sleep for 4.761217 seconds and try again... (tryings = 162, bot id = 7349237883)
2026-03-20 10:23:22,897 - aiogram.dispatcher - ERROR - Failed to fetch updates - TelegramConflictError: Telegram server says - Conflict: terminated by other getUpdates request; make sure that only one bot instance is running
2026-03-20 10:23:22,898 - aiogram.dispatcher - WARNING - Sleep for 5.128237 seconds and try again... (tryings = 162, bot id = 7349237883)
2026-03-20 10:23:28,077 - aiogram.dispatcher - ERROR - Failed to fetch updates - TelegramConflictError: Telegram server says - Conflict: terminated by other getUpdates request; make sure that only one bot instance is running
2026-03-20 10:23:28,077 - aiogram.dispatcher - WARNING - Sleep for 5.082796 seconds and try again... (tryings = 163, bot id = 7349237883)
2026-03-20 10:23:33,198 - aiogram.dispatcher - ERROR - Failed to fetch updates - TelegramConflictError: Telegram server says - Conflict: terminated by other getUpdates request; make sure that only one bot instance is running
2026-03-20 10:23:33,198 - aiogram.dispatcher - WARNING - Sleep for 5.186443 seconds and try again... (tryings = 163, bot id = 7349237883)
2026-03-20 10:23:38,428 - aiogram.dispatcher - ERROR - Failed to fetch updates - TelegramConflictError: Telegram server says - Conflict: terminated by other getUpdates request; make sure that only one bot instance is running
2026-03-20 10:23:38,428 - aiogram.dispatcher - WARNING - Sleep for 5.066377 seconds and try again... (tryings = 164, bot id = 7349237883)
2026-03-20 10:23:43,551 - aiogram.dispatcher - ERROR - Failed to fetch updates - TelegramConflictError: Telegram server says - Conflict: terminated by other getUpdates request; make sure that only one bot instance is running
2026-03-20 10:23:43,551 - aiogram.dispatcher - WARNING - Sleep for 5.098563 seconds and try again... (tryings = 164, bot id = 7349237883)
2026-03-20 10:23:48,708 - aiogram.dispatcher - ERROR - Failed to fetch updates - TelegramConflictError: Telegram server says - Conflict: terminated by other getUpdates request; make sure that only one bot instance is running
2026-03-20 10:23:48,709 - aiogram.dispatcher - WARNING - Sleep for 4.963744 seconds and try again... (tryings = 165, bot id = 7349237883)
2026-03-20 10:23:53,715 - aiogram.dispatcher - ERROR - Failed to fetch updates - TelegramConflictError: Telegram server says - Conflict: terminated by other getUpdates request; make sure that only one bot instance is running
2026-03-20 10:23:53,715 - aiogram.dispatcher - WARNING - Sleep for 5.098532 seconds and try again... (tryings = 165, bot id = 7349237883)
2026-03-20 10:23:58,875 - aiogram.dispatcher - ERROR - Failed to fetch updates - TelegramConflictError: Telegram server says - Conflict: terminated by other getUpdates request; make sure that only one bot instance is running
2026-03-20 10:23:58,875 - aiogram.dispatcher - WARNING - Sleep for 4.940143 seconds and try again... (tryings = 166, bot id = 7349237883)
2026-03-20 10:24:03,863 - aiogram.dispatcher - ERROR - Failed to fetch updates - TelegramConflictError: Telegram server says - Conflict: terminated by other getUpdates request; make sure that only one bot instance is running
2026-03-20 10:24:03,863 - aiogram.dispatcher - WARNING - Sleep for 4.925876 seconds and try again... (tryings = 166, bot id = 7349237883)
2026-03-20 10:24:08,834 - aiogram.dispatcher - ERROR - Failed to fetch updates - TelegramConflictError: Telegram server says - Conflict: terminated by other getUpdates request; make sure that only one bot instance is running
2026-03-20 10:24:08,835 - aiogram.dispatcher - WARNING - Sleep for 5.026402 seconds and try again... (tryings = 167, bot id = 7349237883)
2026-03-20 10:24:13,906 - aiogram.dispatcher - ERROR - Failed to fetch updates - TelegramConflictError: Telegram server says - Conflict: terminated by other getUpdates request; make sure that only one bot instance is running
2026-03-20 10:24:13,906 - aiogram.dispatcher - WARNING - Sleep for 5.138311 seconds and try again... (tryings = 167, bot id = 7349237883)
2026-03-20 10:24:19,085 - aiogram.dispatcher - ERROR - Failed to fetch updates - TelegramConflictError: Telegram server says - Conflict: terminated by other getUpdates request; make sure that only one bot instance is running
2026-03-20 10:24:19,085 - aiogram.dispatcher - WARNING - Sleep for 5.074482 seconds and try again... (tryings = 168, bot id = 7349237883)
2026-03-20 10:24:24,197 - aiogram.dispatcher - ERROR - Failed to fetch updates - TelegramConflictError: Telegram server says - Conflict: terminated by other getUpdates request; make sure that only one bot instance is running
2026-03-20 10:24:24,199 - aiogram.dispatcher - WARNING - Sleep for 4.893193 seconds and try again... (tryings = 168, bot id = 7349237883)
2026-03-20 10:24:29,131 - aiogram.dispatcher - ERROR - Failed to fetch updates - TelegramConflictError: Telegram server says - Conflict: terminated by other getUpdates request; make sure that only one bot instance is running
2026-03-20 10:24:29,131 - aiogram.dispatcher - WARNING - Sleep for 4.975798 seconds and try again... (tryings = 169, bot id = 7349237883)
2026-03-20 10:24:34,150 - aiogram.dispatcher - ERROR - Failed to fetch updates - TelegramConflictError: Telegram server says - Conflict: terminated by other getUpdates request; make sure that only one bot instance is running
2026-03-20 10:24:34,150 - aiogram.dispatcher - WARNING - Sleep for 4.992321 seconds and try again... (tryings = 169, bot id = 7349237883)
2026-03-20 10:24:39,181 - aiogram.dispatcher - ERROR - Failed to fetch updates - TelegramConflictError: Telegram server says - Conflict: terminated by other getUpdates request; make sure that only one bot instance is running
2026-03-20 10:24:39,181 - aiogram.dispatcher - WARNING - Sleep for 4.947839 seconds and try again... (tryings = 170, bot id = 7349237883)
2026-03-20 10:24:44,175 - aiogram.dispatcher - ERROR - Failed to fetch updates - TelegramConflictError: Telegram server says - Conflict: terminated by other getUpdates request; make sure that only one bot instance is running
2026-03-20 10:24:44,175 - aiogram.dispatcher - WARNING - Sleep for 5.116069 seconds and try again... (tryings = 170, bot id = 7349237883)
2026-03-20 10:24:49,343 - aiogram.dispatcher - ERROR - Failed to fetch updates - TelegramConflictError: Telegram server says - Conflict: terminated by other getUpdates request; make sure that only one bot instance is running
2026-03-20 10:24:49,345 - aiogram.dispatcher - WARNING - Sleep for 4.992432 seconds and try again... (tryings = 171, bot id = 7349237883)
2026-03-20 10:24:54,382 - aiogram.dispatcher - ERROR - Failed to fetch updates - TelegramConflictError: Telegram server says - Conflict: terminated by other getUpdates request; make sure that only one bot instance is running
2026-03-20 10:24:54,382 - aiogram.dispatcher - WARNING - Sleep for 4.996440 seconds and try again... (tryings = 171, bot id = 7349237883)
2026-03-20 10:24:59,437 - aiogram.dispatcher - ERROR - Failed to fetch updates - TelegramConflictError: Telegram server says - Conflict: terminated by other getUpdates request; make sure that only one bot instance is running
2026-03-20 10:24:59,437 - aiogram.dispatcher - WARNING - Sleep for 4.849779 seconds and try again... (tryings = 172, bot id = 7349237883)
2026-03-20 10:25:04,327 - aiogram.dispatcher - ERROR - Failed to fetch updates - TelegramConflictError: Telegram server says - Conflict: terminated by other getUpdates request; make sure that only one bot instance is running
2026-03-20 10:25:04,327 - aiogram.dispatcher - WARNING - Sleep for 4.947857 seconds and try again... (tryings = 172, bot id = 7349237883)
2026-03-20 10:25:09,318 - aiogram.dispatcher - ERROR - Failed to fetch updates - TelegramConflictError: Telegram server says - Conflict: terminated by other getUpdates request; make sure that only one bot instance is running
2026-03-20 10:25:09,318 - aiogram.dispatcher - WARNING - Sleep for 4.961983 seconds and try again... (tryings = 173, bot id = 7349237883)
2026-03-20 10:25:14,320 - aiogram.dispatcher - ERROR - Failed to fetch updates - TelegramConflictError: Telegram server says - Conflict: terminated by other getUpdates request; make sure that only one bot instance is running
2026-03-20 10:25:14,320 - aiogram.dispatcher - WARNING - Sleep for 4.866142 seconds and try again... (tryings = 173, bot id = 7349237883)
2026-03-20 10:25:19,225 - aiogram.dispatcher - ERROR - Failed to fetch updates - TelegramConflictError: Telegram server says - Conflict: terminated by other getUpdates request; make sure that only one bot instance is running
2026-03-20 10:25:19,225 - aiogram.dispatcher - WARNING - Sleep for 4.870063 seconds and try again... (tryings = 174, bot id = 7349237883)
2026-03-20 10:25:24,137 - aiogram.dispatcher - ERROR - Failed to fetch updates - TelegramConflictError: Telegram server says - Conflict: terminated by other getUpdates request; make sure that only one bot instance is running
2026-03-20 10:25:24,137 - aiogram.dispatcher - WARNING - Sleep for 5.088269 seconds and try again... (tryings = 174, bot id = 7349237883)
2026-03-20 10:25:29,276 - aiogram.dispatcher - ERROR - Failed to fetch updates - TelegramConflictError: Telegram server says - Conflict: terminated by other getUpdates request; make sure that only one bot instance is running
2026-03-20 10:25:29,277 - aiogram.dispatcher - WARNING - Sleep for 4.801088 seconds and try again... (tryings = 175, bot id = 7349237883)
2026-03-20 10:25:34,109 - aiogram.dispatcher - ERROR - Failed to fetch updates - TelegramConflictError: Telegram server says - Conflict: terminated by other getUpdates request; make sure that only one bot instance is running
2026-03-20 10:25:34,110 - aiogram.dispatcher - WARNING - Sleep for 5.020948 seconds and try again... (tryings = 175, bot id = 7349237883)
2026-03-20 10:25:39,175 - aiogram.dispatcher - ERROR - Failed to fetch updates - TelegramConflictError: Telegram server says - Conflict: terminated by other getUpdates request; make sure that only one bot instance is running
2026-03-20 10:25:39,175 - aiogram.dispatcher - WARNING - Sleep for 5.139401 seconds and try again... (tryings = 176, bot id = 7349237883)
2026-03-20 10:25:44,363 - aiogram.dispatcher - ERROR - Failed to fetch updates - TelegramConflictError: Telegram server says - Conflict: terminated by other getUpdates request; make sure that only one bot instance is running
2026-03-20 10:25:44,364 - aiogram.dispatcher - WARNING - Sleep for 4.992830 seconds and try again... (tryings = 176, bot id = 7349237883)
2026-03-20 10:25:49,404 - aiogram.dispatcher - ERROR - Failed to fetch updates - TelegramConflictError: Telegram server says - Conflict: terminated by other getUpdates request; make sure that only one bot instance is running
2026-03-20 10:25:49,404 - aiogram.dispatcher - WARNING - Sleep for 5.089759 seconds and try again... (tryings = 177, bot id = 7349237883)
2026-03-20 10:25:54,600 - aiogram.dispatcher - ERROR - Failed to fetch updates - TelegramConflictError: Telegram server says - Conflict: terminated by other getUpdates request; make sure that only one bot instance is running
2026-03-20 10:25:54,601 - aiogram.dispatcher - WARNING - Sleep for 5.001025 seconds and try again... (tryings = 177, bot id = 7349237883)
2026-03-20 10:25:59,645 - aiogram.dispatcher - ERROR - Failed to fetch updates - TelegramConflictError: Telegram server says - Conflict: terminated by other getUpdates request; make sure that only one bot instance is running
2026-03-20 10:25:59,646 - aiogram.dispatcher - WARNING - Sleep for 4.899732 seconds and try again... (tryings = 178, bot id = 7349237883)
2026-03-20 10:26:04,599 - aiogram.dispatcher - ERROR - Failed to fetch updates - TelegramConflictError: Telegram server says - Conflict: terminated by other getUpdates request; make sure that only one bot instance is running
2026-03-20 10:26:04,599 - aiogram.dispatcher - WARNING - Sleep for 4.947578 seconds and try again... (tryings = 178, bot id = 7349237883)
2026-03-20 10:26:09,585 - aiogram.dispatcher - ERROR - Failed to fetch updates - TelegramConflictError: Telegram server says - Conflict: terminated by other getUpdates request; make sure that only one bot instance is running
2026-03-20 10:26:09,585 - aiogram.dispatcher - WARNING - Sleep for 4.819484 seconds and try again... (tryings = 179, bot id = 7349237883)
2026-03-20 10:26:14,444 - aiogram.dispatcher - ERROR - Failed to fetch updates - TelegramConflictError: Telegram server says - Conflict: terminated by other getUpdates request; make sure that only one bot instance is running
2026-03-20 10:26:14,444 - aiogram.dispatcher - WARNING - Sleep for 4.960891 seconds and try again... (tryings = 179, bot id = 7349237883)
2026-03-20 10:26:19,448 - aiogram.dispatcher - ERROR - Failed to fetch updates - TelegramConflictError: Telegram server says - Conflict: terminated by other getUpdates request; make sure that only one bot instance is running
2026-03-20 10:26:19,448 - aiogram.dispatcher - WARNING - Sleep for 4.898191 seconds and try again... (tryings = 180, bot id = 7349237883)
2026-03-20 10:26:24,414 - aiogram.dispatcher - ERROR - Failed to fetch updates - TelegramConflictError: Telegram server says - Conflict: terminated by other getUpdates request; make sure that only one bot instance is running
2026-03-20 10:26:24,414 - aiogram.dispatcher - WARNING - Sleep for 5.294932 seconds and try again... (tryings = 180, bot id = 7349237883)
2026-03-20 10:26:29,753 - aiogram.dispatcher - ERROR - Failed to fetch updates - TelegramConflictError: Telegram server says - Conflict: terminated by other getUpdates request; make sure that only one bot instance is running
2026-03-20 10:26:29,753 - aiogram.dispatcher - WARNING - Sleep for 4.938434 seconds and try again... (tryings = 181, bot id = 7349237883)
2026-03-20 10:26:34,735 - aiogram.dispatcher - ERROR - Failed to fetch updates - TelegramConflictError: Telegram server says - Conflict: terminated by other getUpdates request; make sure that only one bot instance is running
2026-03-20 10:26:34,736 - aiogram.dispatcher - WARNING - Sleep for 5.036979 seconds and try again... (tryings = 181, bot id = 7349237883)
2026-03-20 10:26:39,827 - aiogram.dispatcher - ERROR - Failed to fetch updates - TelegramConflictError: Telegram server says - Conflict: terminated by other getUpdates request; make sure that only one bot instance is running
2026-03-20 10:26:39,828 - aiogram.dispatcher - WARNING - Sleep for 5.213762 seconds and try again... (tryings = 182, bot id = 7349237883)
2026-03-20 10:26:45,086 - aiogram.dispatcher - ERROR - Failed to fetch updates - TelegramConflictError: Telegram server says - Conflict: terminated by other getUpdates request; make sure that only one bot instance is running
2026-03-20 10:26:45,086 - aiogram.dispatcher - WARNING - Sleep for 4.928856 seconds and try again... (tryings = 182, bot id = 7349237883)
2026-03-20 10:26:50,061 - aiogram.dispatcher - ERROR - Failed to fetch updates - TelegramConflictError: Telegram server says - Conflict: terminated by other getUpdates request; make sure that only one bot instance is running
2026-03-20 10:26:50,062 - aiogram.dispatcher - WARNING - Sleep for 5.020448 seconds and try again... (tryings = 183, bot id = 7349237883)
2026-03-20 10:26:55,138 - aiogram.dispatcher - ERROR - Failed to fetch updates - TelegramConflictError: Telegram server says - Conflict: terminated by other getUpdates request; make sure that only one bot instance is running
2026-03-20 10:26:55,138 - aiogram.dispatcher - WARNING - Sleep for 5.060230 seconds and try again... (tryings = 183, bot id = 7349237883)
2026-03-20 10:27:00,244 - aiogram.dispatcher - ERROR - Failed to fetch updates - TelegramConflictError: Telegram server says - Conflict: terminated by other getUpdates request; make sure that only one bot instance is running
2026-03-20 10:27:00,245 - aiogram.dispatcher - WARNING - Sleep for 5.012894 seconds and try again... (tryings = 184, bot id = 7349237883)
2026-03-20 10:27:05,297 - aiogram.dispatcher - ERROR - Failed to fetch updates - TelegramConflictError: Telegram server says - Conflict: terminated by other getUpdates request; make sure that only one bot instance is running
2026-03-20 10:27:05,298 - aiogram.dispatcher - WARNING - Sleep for 5.035631 seconds and try again... (tryings = 184, bot id = 7349237883)
2026-03-20 10:27:10,379 - aiogram.dispatcher - ERROR - Failed to fetch updates - TelegramConflictError: Telegram server says - Conflict: terminated by other getUpdates request; make sure that only one bot instance is running
2026-03-20 10:27:10,379 - aiogram.dispatcher - WARNING - Sleep for 5.109263 seconds and try again... (tryings = 185, bot id = 7349237883)
2026-03-20 10:27:15,568 - aiogram.dispatcher - ERROR - Failed to fetch updates - TelegramConflictError: Telegram server says - Conflict: terminated by other getUpdates request; make sure that only one bot instance is running
2026-03-20 10:27:15,568 - aiogram.dispatcher - WARNING - Sleep for 4.842361 seconds and try again... (tryings = 185, bot id = 7349237883)
2026-03-20 10:27:20,449 - aiogram.dispatcher - ERROR - Failed to fetch updates - TelegramConflictError: Telegram server says - Conflict: terminated by other getUpdates request; make sure that only one bot instance is running
2026-03-20 10:27:20,449 - aiogram.dispatcher - WARNING - Sleep for 4.974683 seconds and try again... (tryings = 186, bot id = 7349237883)
2026-03-20 10:27:25,457 - aiogram.dispatcher - ERROR - Failed to fetch updates - TelegramConflictError: Telegram server says - Conflict: terminated by other getUpdates request; make sure that only one bot instance is running
2026-03-20 10:27:25,458 - aiogram.dispatcher - WARNING - Sleep for 4.849157 seconds and try again... (tryings = 186, bot id = 7349237883)
2026-03-20 10:27:30,351 - aiogram.dispatcher - ERROR - Failed to fetch updates - TelegramConflictError: Telegram server says - Conflict: terminated by other getUpdates request; make sure that only one bot instance is running
2026-03-20 10:27:30,351 - aiogram.dispatcher - WARNING - Sleep for 4.855603 seconds and try again... (tryings = 187, bot id = 7349237883)
2026-03-20 10:27:35,292 - aiogram.dispatcher - ERROR - Failed to fetch updates - TelegramConflictError: Telegram server says - Conflict: terminated by other getUpdates request; make sure that only one bot instance is running
2026-03-20 10:27:35,292 - aiogram.dispatcher - WARNING - Sleep for 5.140601 seconds and try again... (tryings = 187, bot id = 7349237883)
2026-03-20 10:27:40,466 - aiogram.dispatcher - ERROR - Failed to fetch updates - TelegramConflictError: Telegram server says - Conflict: terminated by other getUpdates request; make sure that only one bot instance is running
2026-03-20 10:27:40,467 - aiogram.dispatcher - WARNING - Sleep for 4.880299 seconds and try again... (tryings = 188, bot id = 7349237883)
2026-03-20 10:27:45,416 - aiogram.dispatcher - ERROR - Failed to fetch updates - TelegramConflictError: Telegram server says - Conflict: terminated by other getUpdates request; make sure that only one bot instance is running
2026-03-20 10:27:45,417 - aiogram.dispatcher - WARNING - Sleep for 5.222170 seconds and try again... (tryings = 188, bot id = 7349237883)
2026-03-20 10:27:50,712 - aiogram.dispatcher - ERROR - Failed to fetch updates - TelegramConflictError: Telegram server says - Conflict: terminated by other getUpdates request; make sure that only one bot instance is running
2026-03-20 10:27:50,712 - aiogram.dispatcher - WARNING - Sleep for 4.865162 seconds and try again... (tryings = 189, bot id = 7349237883)
2026-03-20 10:27:55,618 - aiogram.dispatcher - ERROR - Failed to fetch updates - TelegramConflictError: Telegram server says - Conflict: terminated by other getUpdates request; make sure that only one bot instance is running
2026-03-20 10:27:55,618 - aiogram.dispatcher - WARNING - Sleep for 5.012454 seconds and try again... (tryings = 189, bot id = 7349237883)
2026-03-20 10:28:00,684 - aiogram.dispatcher - ERROR - Failed to fetch updates - TelegramConflictError: Telegram server says - Conflict: terminated by other getUpdates request; make sure that only one bot instance is running
2026-03-20 10:28:00,685 - aiogram.dispatcher - WARNING - Sleep for 5.100456 seconds and try again... (tryings = 190, bot id = 7349237883)
2026-03-20 10:28:05,821 - aiogram.dispatcher - ERROR - Failed to fetch updates - TelegramConflictError: Telegram server says - Conflict: terminated by other getUpdates request; make sure that only one bot instance is running
2026-03-20 10:28:05,823 - aiogram.dispatcher - WARNING - Sleep for 4.928570 seconds and try again... (tryings = 190, bot id = 7349237883)
2026-03-20 10:28:10,793 - aiogram.dispatcher - ERROR - Failed to fetch updates - TelegramConflictError: Telegram server says - Conflict: terminated by other getUpdates request; make sure that only one bot instance is running
2026-03-20 10:28:10,793 - aiogram.dispatcher - WARNING - Sleep for 4.891493 seconds and try again... (tryings = 191, bot id = 7349237883)
2026-03-20 10:28:15,722 - aiogram.dispatcher - ERROR - Failed to fetch updates - TelegramConflictError: Telegram server says - Conflict: terminated by other getUpdates request; make sure that only one bot instance is running
2026-03-20 10:28:15,722 - aiogram.dispatcher - WARNING - Sleep for 4.807550 seconds and try again... (tryings = 191, bot id = 7349237883)
2026-03-20 10:28:20,575 - aiogram.dispatcher - ERROR - Failed to fetch updates - TelegramConflictError: Telegram server says - Conflict: terminated by other getUpdates request; make sure that only one bot instance is running
2026-03-20 10:28:20,575 - aiogram.dispatcher - WARNING - Sleep for 5.131932 seconds and try again... (tryings = 192, bot id = 7349237883)
2026-03-20 10:28:25,751 - aiogram.dispatcher - ERROR - Failed to fetch updates - TelegramConflictError: Telegram server says - Conflict: terminated by other getUpdates request; make sure that only one bot instance is running
2026-03-20 10:28:25,751 - aiogram.dispatcher - WARNING - Sleep for 4.877206 seconds and try again... (tryings = 192, bot id = 7349237883)
2026-03-20 10:28:30,686 - aiogram.dispatcher - ERROR - Failed to fetch updates - TelegramConflictError: Telegram server says - Conflict: terminated by other getUpdates request; make sure that only one bot instance is running
2026-03-20 10:28:30,687 - aiogram.dispatcher - WARNING - Sleep for 4.996638 seconds and try again... (tryings = 193, bot id = 7349237883)
2026-03-20 10:28:35,718 - aiogram.dispatcher - ERROR - Failed to fetch updates - TelegramConflictError: Telegram server says - Conflict: terminated by other getUpdates request; make sure that only one bot instance is running
2026-03-20 10:28:35,718 - aiogram.dispatcher - WARNING - Sleep for 5.059077 seconds and try again... (tryings = 193, bot id = 7349237883)
2026-03-20 10:28:40,839 - aiogram.dispatcher - ERROR - Failed to fetch updates - TelegramConflictError: Telegram server says - Conflict: terminated by other getUpdates request; make sure that only one bot instance is running
2026-03-20 10:28:40,839 - aiogram.dispatcher - WARNING - Sleep for 5.051367 seconds and try again... (tryings = 194, bot id = 7349237883)
2026-03-20 10:28:45,928 - aiogram.dispatcher - ERROR - Failed to fetch updates - TelegramConflictError: Telegram server says - Conflict: terminated by other getUpdates request; make sure that only one bot instance is running
2026-03-20 10:28:45,929 - aiogram.dispatcher - WARNING - Sleep for 4.885859 seconds and try again... (tryings = 194, bot id = 7349237883)
2026-03-20 10:28:50,854 - aiogram.dispatcher - ERROR - Failed to fetch updates - TelegramConflictError: Telegram server says - Conflict: terminated by other getUpdates request; make sure that only one bot instance is running
2026-03-20 10:28:50,854 - aiogram.dispatcher - WARNING - Sleep for 5.175672 seconds and try again... (tryings = 195, bot id = 7349237883)
2026-03-20 10:28:56,066 - aiogram.dispatcher - ERROR - Failed to fetch updates - TelegramConflictError: Telegram server says - Conflict: terminated by other getUpdates request; make sure that only one bot instance is running
2026-03-20 10:28:56,067 - aiogram.dispatcher - WARNING - Sleep for 5.290359 seconds and try again... (tryings = 195, bot id = 7349237883)
2026-03-20 10:29:01,403 - aiogram.dispatcher - ERROR - Failed to fetch updates - TelegramConflictError: Telegram server says - Conflict: terminated by other getUpdates request; make sure that only one bot instance is running
2026-03-20 10:29:01,403 - aiogram.dispatcher - WARNING - Sleep for 5.102799 seconds and try again... (tryings = 196, bot id = 7349237883)
2026-03-20 10:29:06,542 - aiogram.dispatcher - ERROR - Failed to fetch updates - TelegramConflictError: Telegram server says - Conflict: terminated by other getUpdates request; make sure that only one bot instance is running
2026-03-20 10:29:06,542 - aiogram.dispatcher - WARNING - Sleep for 4.930317 seconds and try again... (tryings = 196, bot id = 7349237883)
2026-03-20 10:29:11,526 - aiogram.dispatcher - ERROR - Failed to fetch updates - TelegramConflictError: Telegram server says - Conflict: terminated by other getUpdates request; make sure that only one bot instance is running
2026-03-20 10:29:11,528 - aiogram.dispatcher - WARNING - Sleep for 5.059424 seconds and try again... (tryings = 197, bot id = 7349237883)
2026-03-20 10:29:16,632 - aiogram.dispatcher - ERROR - Failed to fetch updates - TelegramConflictError: Telegram server says - Conflict: terminated by other getUpdates request; make sure that only one bot instance is running
2026-03-20 10:29:16,632 - aiogram.dispatcher - WARNING - Sleep for 4.948196 seconds and try again... (tryings = 197, bot id = 7349237883)
2026-03-20 10:29:21,630 - aiogram.dispatcher - ERROR - Failed to fetch updates - TelegramConflictError: Telegram server says - Conflict: terminated by other getUpdates request; make sure that only one bot instance is running
2026-03-20 10:29:21,630 - aiogram.dispatcher - WARNING - Sleep for 5.077795 seconds and try again... (tryings = 198, bot id = 7349237883)
2026-03-20 10:29:26,755 - aiogram.dispatcher - ERROR - Failed to fetch updates - TelegramConflictError: Telegram server says - Conflict: terminated by other getUpdates request; make sure that only one bot instance is running
2026-03-20 10:29:26,755 - aiogram.dispatcher - WARNING - Sleep for 4.949026 seconds and try again... (tryings = 198, bot id = 7349237883)
2026-03-20 10:29:31,835 - aiogram.dispatcher - ERROR - Failed to fetch updates - TelegramConflictError: Telegram server says - Conflict: terminated by other getUpdates request; make sure that only one bot instance is running
2026-03-20 10:29:31,836 - aiogram.dispatcher - WARNING - Sleep for 5.114769 seconds and try again... (tryings = 199, bot id = 7349237883)
2026-03-20 10:29:36,986 - aiogram.dispatcher - ERROR - Failed to fetch updates - TelegramConflictError: Telegram server says - Conflict: terminated by other getUpdates request; make sure that only one bot instance is running
2026-03-20 10:29:36,986 - aiogram.dispatcher - WARNING - Sleep for 5.091075 seconds and try again... (tryings = 199, bot id = 7349237883)
2026-03-20 10:29:42,111 - aiogram.dispatcher - ERROR - Failed to fetch updates - TelegramConflictError: Telegram server says - Conflict: terminated by other getUpdates request; make sure that only one bot instance is running
2026-03-20 10:29:42,111 - aiogram.dispatcher - WARNING - Sleep for 4.963380 seconds and try again... (tryings = 200, bot id = 7349237883)
2026-03-20 10:29:47,480 - aiogram.dispatcher - ERROR - Failed to fetch updates - TelegramConflictError: Telegram server says - Conflict: terminated by other getUpdates request; make sure that only one bot instance is running
2026-03-20 10:29:47,481 - aiogram.dispatcher - WARNING - Sleep for 5.008911 seconds and try again... (tryings = 200, bot id = 7349237883)
2026-03-20 10:29:52,532 - aiogram.dispatcher - ERROR - Failed to fetch updates - TelegramConflictError: Telegram server says - Conflict: terminated by other getUpdates request; make sure that only one bot instance is running
2026-03-20 10:29:52,532 - aiogram.dispatcher - WARNING - Sleep for 4.934052 seconds and try again... (tryings = 201, bot id = 7349237883)
2026-03-20 10:29:57,513 - aiogram.dispatcher - ERROR - Failed to fetch updates - TelegramConflictError: Telegram server says - Conflict: terminated by other getUpdates request; make sure that only one bot instance is running
2026-03-20 10:29:57,513 - aiogram.dispatcher - WARNING - Sleep for 4.996035 seconds and try again... (tryings = 201, bot id = 7349237883)
2026-03-20 10:30:02,540 - aiogram.dispatcher - ERROR - Failed to fetch updates - TelegramConflictError: Telegram server says - Conflict: terminated by other getUpdates request; make sure that only one bot instance is running
2026-03-20 10:30:02,540 - aiogram.dispatcher - WARNING - Sleep for 4.987977 seconds and try again... (tryings = 202, bot id = 7349237883)
2026-03-20 10:30:07,576 - aiogram.dispatcher - ERROR - Failed to fetch updates - TelegramConflictError: Telegram server says - Conflict: terminated by other getUpdates request; make sure that only one bot instance is running
2026-03-20 10:30:07,576 - aiogram.dispatcher - WARNING - Sleep for 5.063291 seconds and try again... (tryings = 202, bot id = 7349237883)
2026-03-20 10:30:12,678 - aiogram.dispatcher - ERROR - Failed to fetch updates - TelegramConflictError: Telegram server says - Conflict: terminated by other getUpdates request; make sure that only one bot instance is running
2026-03-20 10:30:12,679 - aiogram.dispatcher - WARNING - Sleep for 4.993014 seconds and try again... (tryings = 203, bot id = 7349237883)
2026-03-20 10:30:17,718 - aiogram.dispatcher - ERROR - Failed to fetch updates - TelegramConflictError: Telegram server says - Conflict: terminated by other getUpdates request; make sure that only one bot instance is running
2026-03-20 10:30:17,718 - aiogram.dispatcher - WARNING - Sleep for 5.087409 seconds and try again... (tryings = 203, bot id = 7349237883)
2026-03-20 10:30:22,847 - aiogram.dispatcher - ERROR - Failed to fetch updates - TelegramConflictError: Telegram server says - Conflict: terminated by other getUpdates request; make sure that only one bot instance is running
2026-03-20 10:30:22,847 - aiogram.dispatcher - WARNING - Sleep for 4.991956 seconds and try again... (tryings = 204, bot id = 7349237883)
2026-03-20 10:30:27,893 - aiogram.dispatcher - ERROR - Failed to fetch updates - TelegramConflictError: Telegram server says - Conflict: terminated by other getUpdates request; make sure that only one bot instance is running
2026-03-20 10:30:27,894 - aiogram.dispatcher - WARNING - Sleep for 5.029231 seconds and try again... (tryings = 204, bot id = 7349237883)
2026-03-20 10:30:32,981 - aiogram.dispatcher - ERROR - Failed to fetch updates - TelegramConflictError: Telegram server says - Conflict: terminated by other getUpdates request; make sure that only one bot instance is running
2026-03-20 10:30:32,982 - aiogram.dispatcher - WARNING - Sleep for 4.728347 seconds and try again... (tryings = 205, bot id = 7349237883)
2026-03-20 10:30:37,748 - aiogram.dispatcher - ERROR - Failed to fetch updates - TelegramConflictError: Telegram server says - Conflict: terminated by other getUpdates request; make sure that only one bot instance is running
2026-03-20 10:30:37,750 - aiogram.dispatcher - WARNING - Sleep for 5.030789 seconds and try again... (tryings = 205, bot id = 7349237883)
2026-03-20 10:30:42,838 - aiogram.dispatcher - ERROR - Failed to fetch updates - TelegramConflictError: Telegram server says - Conflict: terminated by other getUpdates request; make sure that only one bot instance is running
2026-03-20 10:30:42,838 - aiogram.dispatcher - WARNING - Sleep for 4.991530 seconds and try again... (tryings = 206, bot id = 7349237883)
2026-03-20 10:30:47,876 - aiogram.dispatcher - ERROR - Failed to fetch updates - TelegramConflictError: Telegram server says - Conflict: terminated by other getUpdates request; make sure that only one bot instance is running
2026-03-20 10:30:47,876 - aiogram.dispatcher - WARNING - Sleep for 4.981838 seconds and try again... (tryings = 206, bot id = 7349237883)
2026-03-20 10:30:52,914 - aiogram.dispatcher - ERROR - Failed to fetch updates - TelegramConflictError: Telegram server says - Conflict: terminated by other getUpdates request; make sure that only one bot instance is running
2026-03-20 10:30:52,914 - aiogram.dispatcher - WARNING - Sleep for 5.034460 seconds and try again... (tryings = 207, bot id = 7349237883)
2026-03-20 10:30:57,996 - aiogram.dispatcher - ERROR - Failed to fetch updates - TelegramConflictError: Telegram server says - Conflict: terminated by other getUpdates request; make sure that only one bot instance is running
2026-03-20 10:30:57,996 - aiogram.dispatcher - WARNING - Sleep for 4.988305 seconds and try again... (tryings = 207, bot id = 7349237883)
2026-03-20 10:31:03,030 - aiogram.dispatcher - ERROR - Failed to fetch updates - TelegramConflictError: Telegram server says - Conflict: terminated by other getUpdates request; make sure that only one bot instance is running
2026-03-20 10:31:03,030 - aiogram.dispatcher - WARNING - Sleep for 4.937610 seconds and try again... (tryings = 208, bot id = 7349237883)
2026-03-20 10:31:08,010 - aiogram.dispatcher - ERROR - Failed to fetch updates - TelegramConflictError: Telegram server says - Conflict: terminated by other getUpdates request; make sure that only one bot instance is running
2026-03-20 10:31:08,010 - aiogram.dispatcher - WARNING - Sleep for 4.990256 seconds and try again... (tryings = 208, bot id = 7349237883)
2026-03-20 10:31:13,042 - aiogram.dispatcher - ERROR - Failed to fetch updates - TelegramConflictError: Telegram server says - Conflict: terminated by other getUpdates request; make sure that only one bot instance is running
2026-03-20 10:31:13,042 - aiogram.dispatcher - WARNING - Sleep for 4.903903 seconds and try again... (tryings = 209, bot id = 7349237883)
2026-03-20 10:31:17,986 - aiogram.dispatcher - ERROR - Failed to fetch updates - TelegramConflictError: Telegram server says - Conflict: terminated by other getUpdates request; make sure that only one bot instance is running
2026-03-20 10:31:17,986 - aiogram.dispatcher - WARNING - Sleep for 5.070337 seconds and try again... (tryings = 209, bot id = 7349237883)
2026-03-20 10:31:23,092 - aiogram.dispatcher - ERROR - Failed to fetch updates - TelegramConflictError: Telegram server says - Conflict: terminated by other getUpdates request; make sure that only one bot instance is running
2026-03-20 10:31:23,093 - aiogram.dispatcher - WARNING - Sleep for 5.024376 seconds and try again... (tryings = 210, bot id = 7349237883)
2026-03-20 10:31:28,163 - aiogram.dispatcher - ERROR - Failed to fetch updates - TelegramConflictError: Telegram server says - Conflict: terminated by other getUpdates request; make sure that only one bot instance is running
2026-03-20 10:31:28,164 - aiogram.dispatcher - WARNING - Sleep for 4.981824 seconds and try again... (tryings = 210, bot id = 7349237883)
2026-03-20 10:31:33,187 - aiogram.dispatcher - ERROR - Failed to fetch updates - TelegramConflictError: Telegram server says - Conflict: terminated by other getUpdates request; make sure that only one bot instance is running
2026-03-20 10:31:33,189 - aiogram.dispatcher - WARNING - Sleep for 5.213099 seconds and try again... (tryings = 211, bot id = 7349237883)
2026-03-20 10:31:38,449 - aiogram.dispatcher - ERROR - Failed to fetch updates - TelegramConflictError: Telegram server says - Conflict: terminated by other getUpdates request; make sure that only one bot instance is running
2026-03-20 10:31:38,449 - aiogram.dispatcher - WARNING - Sleep for 4.919917 seconds and try again... (tryings = 211, bot id = 7349237883)
2026-03-20 10:31:43,409 - aiogram.dispatcher - ERROR - Failed to fetch updates - TelegramConflictError: Telegram server says - Conflict: terminated by other getUpdates request; make sure that only one bot instance is running
2026-03-20 10:31:43,410 - aiogram.dispatcher - WARNING - Sleep for 5.072275 seconds and try again... (tryings = 212, bot id = 7349237883)
2026-03-20 10:31:48,520 - aiogram.dispatcher - ERROR - Failed to fetch updates - TelegramConflictError: Telegram server says - Conflict: terminated by other getUpdates request; make sure that only one bot instance is running
2026-03-20 10:31:48,520 - aiogram.dispatcher - WARNING - Sleep for 5.108784 seconds and try again... (tryings = 212, bot id = 7349237883)
2026-03-20 10:31:53,668 - aiogram.dispatcher - ERROR - Failed to fetch updates - TelegramConflictError: Telegram server says - Conflict: terminated by other getUpdates request; make sure that only one bot instance is running
2026-03-20 10:31:53,669 - aiogram.dispatcher - WARNING - Sleep for 5.112041 seconds and try again... (tryings = 213, bot id = 7349237883)
2026-03-20 10:31:58,830 - aiogram.dispatcher - ERROR - Failed to fetch updates - TelegramConflictError: Telegram server says - Conflict: terminated by other getUpdates request; make sure that only one bot instance is running
2026-03-20 10:31:58,830 - aiogram.dispatcher - WARNING - Sleep for 4.774995 seconds and try again... (tryings = 213, bot id = 7349237883)
2026-03-20 10:32:03,657 - aiogram.dispatcher - ERROR - Failed to fetch updates - TelegramConflictError: Telegram server says - Conflict: terminated by other getUpdates request; make sure that only one bot instance is running
2026-03-20 10:32:03,657 - aiogram.dispatcher - WARNING - Sleep for 5.291615 seconds and try again... (tryings = 214, bot id = 7349237883)
2026-03-20 10:32:09,138 - aiogram.dispatcher - ERROR - Failed to fetch updates - TelegramConflictError: Telegram server says - Conflict: terminated by other getUpdates request; make sure that only one bot instance is running
2026-03-20 10:32:09,138 - aiogram.dispatcher - WARNING - Sleep for 5.101449 seconds and try again... (tryings = 214, bot id = 7349237883)
2026-03-20 10:32:14,286 - aiogram.dispatcher - ERROR - Failed to fetch updates - TelegramConflictError: Telegram server says - Conflict: terminated by other getUpdates request; make sure that only one bot instance is running
2026-03-20 10:32:14,286 - aiogram.dispatcher - WARNING - Sleep for 4.928756 seconds and try again... (tryings = 215, bot id = 7349237883)
2026-03-20 10:32:19,268 - aiogram.dispatcher - ERROR - Failed to fetch updates - TelegramConflictError: Telegram server says - Conflict: terminated by other getUpdates request; make sure that only one bot instance is running
2026-03-20 10:32:19,268 - aiogram.dispatcher - WARNING - Sleep for 4.889020 seconds and try again... (tryings = 215, bot id = 7349237883)
2026-03-20 10:32:24,192 - aiogram.dispatcher - ERROR - Failed to fetch updates - TelegramConflictError: Telegram server says - Conflict: terminated by other getUpdates request; make sure that only one bot instance is running
2026-03-20 10:32:24,192 - aiogram.dispatcher - WARNING - Sleep for 4.964072 seconds and try again... (tryings = 216, bot id = 7349237883)
2026-03-20 10:32:29,193 - aiogram.dispatcher - ERROR - Failed to fetch updates - TelegramConflictError: Telegram server says - Conflict: terminated by other getUpdates request; make sure that only one bot instance is running
2026-03-20 10:32:29,194 - aiogram.dispatcher - WARNING - Sleep for 5.041590 seconds and try again... (tryings = 216, bot id = 7349237883)
2026-03-20 10:32:34,276 - aiogram.dispatcher - ERROR - Failed to fetch updates - TelegramConflictError: Telegram server says - Conflict: terminated by other getUpdates request; make sure that only one bot instance is running
2026-03-20 10:32:34,278 - aiogram.dispatcher - WARNING - Sleep for 4.983917 seconds and try again... (tryings = 217, bot id = 7349237883)
2026-03-20 10:32:39,308 - aiogram.dispatcher - ERROR - Failed to fetch updates - TelegramConflictError: Telegram server says - Conflict: terminated by other getUpdates request; make sure that only one bot instance is running
2026-03-20 10:32:39,308 - aiogram.dispatcher - WARNING - Sleep for 5.008363 seconds and try again... (tryings = 217, bot id = 7349237883)
2026-03-20 10:32:44,354 - aiogram.dispatcher - ERROR - Failed to fetch updates - TelegramConflictError: Telegram server says - Conflict: terminated by other getUpdates request; make sure that only one bot instance is running
2026-03-20 10:32:44,354 - aiogram.dispatcher - WARNING - Sleep for 4.946806 seconds and try again... (tryings = 218, bot id = 7349237883)
2026-03-20 10:32:49,338 - aiogram.dispatcher - ERROR - Failed to fetch updates - TelegramConflictError: Telegram server says - Conflict: terminated by other getUpdates request; make sure that only one bot instance is running
2026-03-20 10:32:49,338 - aiogram.dispatcher - WARNING - Sleep for 4.822331 seconds and try again... (tryings = 218, bot id = 7349237883)
2026-03-20 10:32:54,196 - aiogram.dispatcher - ERROR - Failed to fetch updates - TelegramConflictError: Telegram server says - Conflict: terminated by other getUpdates request; make sure that only one bot instance is running
2026-03-20 10:32:54,197 - aiogram.dispatcher - WARNING - Sleep for 5.020986 seconds and try again... (tryings = 219, bot id = 7349237883)
2026-03-20 10:32:59,267 - aiogram.dispatcher - ERROR - Failed to fetch updates - TelegramConflictError: Telegram server says - Conflict: terminated by other getUpdates request; make sure that only one bot instance is running
2026-03-20 10:32:59,267 - aiogram.dispatcher - WARNING - Sleep for 5.078749 seconds and try again... (tryings = 219, bot id = 7349237883)
2026-03-20 10:33:04,385 - aiogram.dispatcher - ERROR - Failed to fetch updates - TelegramConflictError: Telegram server says - Conflict: terminated by other getUpdates request; make sure that only one bot instance is running
2026-03-20 10:33:04,385 - aiogram.dispatcher - WARNING - Sleep for 5.036031 seconds and try again... (tryings = 220, bot id = 7349237883)
2026-03-20 10:33:09,463 - aiogram.dispatcher - ERROR - Failed to fetch updates - TelegramConflictError: Telegram server says - Conflict: terminated by other getUpdates request; make sure that only one bot instance is running
2026-03-20 10:33:09,463 - aiogram.dispatcher - WARNING - Sleep for 5.098815 seconds and try again... (tryings = 220, bot id = 7349237883)
2026-03-20 10:33:14,597 - aiogram.dispatcher - ERROR - Failed to fetch updates - TelegramConflictError: Telegram server says - Conflict: terminated by other getUpdates request; make sure that only one bot instance is running
2026-03-20 10:33:14,598 - aiogram.dispatcher - WARNING - Sleep for 4.879390 seconds and try again... (tryings = 221, bot id = 7349237883)
2026-03-20 10:33:19,512 - aiogram.dispatcher - ERROR - Failed to fetch updates - TelegramConflictError: Telegram server says - Conflict: terminated by other getUpdates request; make sure that only one bot instance is running
2026-03-20 10:33:19,512 - aiogram.dispatcher - WARNING - Sleep for 4.904212 seconds and try again... (tryings = 221, bot id = 7349237883)
2026-03-20 10:33:24,541 - aiogram.dispatcher - ERROR - Failed to fetch updates - TelegramConflictError: Telegram server says - Conflict: terminated by other getUpdates request; make sure that only one bot instance is running
2026-03-20 10:33:24,541 - aiogram.dispatcher - WARNING - Sleep for 5.034345 seconds and try again... (tryings = 222, bot id = 7349237883)
2026-03-20 10:33:29,621 - aiogram.dispatcher - ERROR - Failed to fetch updates - TelegramConflictError: Telegram server says - Conflict: terminated by other getUpdates request; make sure that only one bot instance is running
2026-03-20 10:33:29,622 - aiogram.dispatcher - WARNING - Sleep for 5.030481 seconds and try again... (tryings = 222, bot id = 7349237883)
2026-03-20 10:33:34,707 - aiogram.dispatcher - ERROR - Failed to fetch updates - TelegramConflictError: Telegram server says - Conflict: terminated by other getUpdates request; make sure that only one bot instance is running
2026-03-20 10:33:34,707 - aiogram.dispatcher - WARNING - Sleep for 5.020046 seconds and try again... (tryings = 223, bot id = 7349237883)
2026-03-20 10:33:39,769 - aiogram.dispatcher - ERROR - Failed to fetch updates - TelegramConflictError: Telegram server says - Conflict: terminated by other getUpdates request; make sure that only one bot instance is running
2026-03-20 10:33:39,769 - aiogram.dispatcher - WARNING - Sleep for 4.888466 seconds and try again... (tryings = 223, bot id = 7349237883)
2026-03-20 10:33:44,696 - aiogram.dispatcher - ERROR - Failed to fetch updates - TelegramConflictError: Telegram server says - Conflict: terminated by other getUpdates request; make sure that only one bot instance is running
2026-03-20 10:33:44,697 - aiogram.dispatcher - WARNING - Sleep for 4.800402 seconds and try again... (tryings = 224, bot id = 7349237883)
2026-03-20 10:33:49,536 - aiogram.dispatcher - ERROR - Failed to fetch updates - TelegramConflictError: Telegram server says - Conflict: terminated by other getUpdates request; make sure that only one bot instance is running
2026-03-20 10:33:49,536 - aiogram.dispatcher - WARNING - Sleep for 4.903787 seconds and try again... (tryings = 224, bot id = 7349237883)
2026-03-20 10:33:54,487 - aiogram.dispatcher - ERROR - Failed to fetch updates - TelegramConflictError: Telegram server says - Conflict: terminated by other getUpdates request; make sure that only one bot instance is running
2026-03-20 10:33:54,487 - aiogram.dispatcher - WARNING - Sleep for 4.969055 seconds and try again... (tryings = 225, bot id = 7349237883)
2026-03-20 10:33:59,500 - aiogram.dispatcher - ERROR - Failed to fetch updates - TelegramConflictError: Telegram server says - Conflict: terminated by other getUpdates request; make sure that only one bot instance is running
2026-03-20 10:33:59,500 - aiogram.dispatcher - WARNING - Sleep for 4.904948 seconds and try again... (tryings = 225, bot id = 7349237883)
2026-03-20 10:34:04,455 - aiogram.dispatcher - ERROR - Failed to fetch updates - TelegramConflictError: Telegram server says - Conflict: terminated by other getUpdates request; make sure that only one bot instance is running
2026-03-20 10:34:04,455 - aiogram.dispatcher - WARNING - Sleep for 5.116008 seconds and try again... (tryings = 226, bot id = 7349237883)
2026-03-20 10:34:09,624 - aiogram.dispatcher - ERROR - Failed to fetch updates - TelegramConflictError: Telegram server says - Conflict: terminated by other getUpdates request; make sure that only one bot instance is running
2026-03-20 10:34:09,624 - aiogram.dispatcher - WARNING - Sleep for 4.985842 seconds and try again... (tryings = 226, bot id = 7349237883)
2026-03-20 10:34:14,655 - aiogram.dispatcher - ERROR - Failed to fetch updates - TelegramConflictError: Telegram server says - Conflict: terminated by other getUpdates request; make sure that only one bot instance is running
2026-03-20 10:34:14,655 - aiogram.dispatcher - WARNING - Sleep for 4.985075 seconds and try again... (tryings = 227, bot id = 7349237883)
2026-03-20 10:34:19,691 - aiogram.dispatcher - ERROR - Failed to fetch updates - TelegramConflictError: Telegram server says - Conflict: terminated by other getUpdates request; make sure that only one bot instance is running
2026-03-20 10:34:19,691 - aiogram.dispatcher - WARNING - Sleep for 5.044842 seconds and try again... (tryings = 227, bot id = 7349237883)
2026-03-20 10:34:24,770 - aiogram.dispatcher - ERROR - Failed to fetch updates - TelegramConflictError: Telegram server says - Conflict: terminated by other getUpdates request; make sure that only one bot instance is running
2026-03-20 10:34:24,771 - aiogram.dispatcher - WARNING - Sleep for 4.925868 seconds and try again... (tryings = 228, bot id = 7349237883)
2026-03-20 10:34:29,733 - aiogram.dispatcher - ERROR - Failed to fetch updates - TelegramConflictError: Telegram server says - Conflict: terminated by other getUpdates request; make sure that only one bot instance is running
2026-03-20 10:34:29,733 - aiogram.dispatcher - WARNING - Sleep for 4.941383 seconds and try again... (tryings = 228, bot id = 7349237883)
2026-03-20 10:34:34,711 - aiogram.dispatcher - ERROR - Failed to fetch updates - TelegramConflictError: Telegram server says - Conflict: terminated by other getUpdates request; make sure that only one bot instance is running
2026-03-20 10:34:34,712 - aiogram.dispatcher - WARNING - Sleep for 4.999723 seconds and try again... (tryings = 229, bot id = 7349237883)
2026-03-20 10:34:39,752 - aiogram.dispatcher - ERROR - Failed to fetch updates - TelegramConflictError: Telegram server says - Conflict: terminated by other getUpdates request; make sure that only one bot instance is running
2026-03-20 10:34:39,752 - aiogram.dispatcher - WARNING - Sleep for 4.945762 seconds and try again... (tryings = 229, bot id = 7349237883)
2026-03-20 10:34:44,746 - aiogram.dispatcher - ERROR - Failed to fetch updates - TelegramConflictError: Telegram server says - Conflict: terminated by other getUpdates request; make sure that only one bot instance is running
2026-03-20 10:34:44,747 - aiogram.dispatcher - WARNING - Sleep for 5.031608 seconds and try again... (tryings = 230, bot id = 7349237883)
2026-03-20 10:34:49,823 - aiogram.dispatcher - ERROR - Failed to fetch updates - TelegramConflictError: Telegram server says - Conflict: terminated by other getUpdates request; make sure that only one bot instance is running
2026-03-20 10:34:49,824 - aiogram.dispatcher - WARNING - Sleep for 4.851956 seconds and try again... (tryings = 230, bot id = 7349237883)
2026-03-20 10:34:54,716 - aiogram.dispatcher - ERROR - Failed to fetch updates - TelegramConflictError: Telegram server says - Conflict: terminated by other getUpdates request; make sure that only one bot instance is running
2026-03-20 10:34:54,716 - aiogram.dispatcher - WARNING - Sleep for 4.945608 seconds and try again... (tryings = 231, bot id = 7349237883)
2026-03-20 10:34:59,703 - aiogram.dispatcher - ERROR - Failed to fetch updates - TelegramConflictError: Telegram server says - Conflict: terminated by other getUpdates request; make sure that only one bot instance is running
2026-03-20 10:34:59,703 - aiogram.dispatcher - WARNING - Sleep for 5.131178 seconds and try again... (tryings = 231, bot id = 7349237883)
2026-03-20 10:35:04,868 - aiogram.dispatcher - ERROR - Failed to fetch updates - TelegramConflictError: Telegram server says - Conflict: terminated by other getUpdates request; make sure that only one bot instance is running
2026-03-20 10:35:04,868 - aiogram.dispatcher - WARNING - Sleep for 5.000393 seconds and try again... (tryings = 232, bot id = 7349237883)
2026-03-20 10:35:09,909 - aiogram.dispatcher - ERROR - Failed to fetch updates - TelegramConflictError: Telegram server says - Conflict: terminated by other getUpdates request; make sure that only one bot instance is running
2026-03-20 10:35:09,909 - aiogram.dispatcher - WARNING - Sleep for 5.045279 seconds and try again... (tryings = 232, bot id = 7349237883)
2026-03-20 10:35:15,002 - aiogram.dispatcher - ERROR - Failed to fetch updates - TelegramConflictError: Telegram server says - Conflict: terminated by other getUpdates request; make sure that only one bot instance is running
2026-03-20 10:35:15,003 - aiogram.dispatcher - WARNING - Sleep for 4.849840 seconds and try again... (tryings = 233, bot id = 7349237883)
2026-03-20 10:35:19,886 - aiogram.dispatcher - ERROR - Failed to fetch updates - TelegramConflictError: Telegram server says - Conflict: terminated by other getUpdates request; make sure that only one bot instance is running
2026-03-20 10:35:19,886 - aiogram.dispatcher - WARNING - Sleep for 5.088496 seconds and try again... (tryings = 233, bot id = 7349237883)
2026-03-20 10:35:25,012 - aiogram.dispatcher - ERROR - Failed to fetch updates - TelegramConflictError: Telegram server says - Conflict: terminated by other getUpdates request; make sure that only one bot instance is running
2026-03-20 10:35:25,013 - aiogram.dispatcher - WARNING - Sleep for 5.011766 seconds and try again... (tryings = 234, bot id = 7349237883)
2026-03-20 10:35:30,075 - aiogram.dispatcher - ERROR - Failed to fetch updates - TelegramConflictError: Telegram server says - Conflict: terminated by other getUpdates request; make sure that only one bot instance is running
2026-03-20 10:35:30,076 - aiogram.dispatcher - WARNING - Sleep for 5.122074 seconds and try again... (tryings = 234, bot id = 7349237883)
2026-03-20 10:35:35,238 - aiogram.dispatcher - ERROR - Failed to fetch updates - TelegramConflictError: Telegram server says - Conflict: terminated by other getUpdates request; make sure that only one bot instance is running
2026-03-20 10:35:35,238 - aiogram.dispatcher - WARNING - Sleep for 4.970236 seconds and try again... (tryings = 235, bot id = 7349237883)
2026-03-20 10:35:40,249 - aiogram.dispatcher - ERROR - Failed to fetch updates - TelegramConflictError: Telegram server says - Conflict: terminated by other getUpdates request; make sure that only one bot instance is running
2026-03-20 10:35:40,250 - aiogram.dispatcher - WARNING - Sleep for 5.043092 seconds and try again... (tryings = 235, bot id = 7349237883)
2026-03-20 10:35:45,342 - aiogram.dispatcher - ERROR - Failed to fetch updates - TelegramConflictError: Telegram server says - Conflict: terminated by other getUpdates request; make sure that only one bot instance is running
2026-03-20 10:35:45,342 - aiogram.dispatcher - WARNING - Sleep for 4.957606 seconds and try again... (tryings = 236, bot id = 7349237883)
2026-03-20 10:35:50,342 - aiogram.dispatcher - ERROR - Failed to fetch updates - TelegramConflictError: Telegram server says - Conflict: terminated by other getUpdates request; make sure that only one bot instance is running
2026-03-20 10:35:50,342 - aiogram.dispatcher - WARNING - Sleep for 5.122241 seconds and try again... (tryings = 236, bot id = 7349237883)
2026-03-20 10:35:55,502 - aiogram.dispatcher - ERROR - Failed to fetch updates - TelegramConflictError: Telegram server says - Conflict: terminated by other getUpdates request; make sure that only one bot instance is running
2026-03-20 10:35:55,502 - aiogram.dispatcher - WARNING - Sleep for 4.885795 seconds and try again... (tryings = 237, bot id = 7349237883)
2026-03-20 10:36:00,427 - aiogram.dispatcher - ERROR - Failed to fetch updates - TelegramConflictError: Telegram server says - Conflict: terminated by other getUpdates request; make sure that only one bot instance is running
2026-03-20 10:36:00,427 - aiogram.dispatcher - WARNING - Sleep for 5.043867 seconds and try again... (tryings = 237, bot id = 7349237883)
2026-03-20 10:36:05,517 - aiogram.dispatcher - ERROR - Failed to fetch updates - TelegramConflictError: Telegram server says - Conflict: terminated by other getUpdates request; make sure that only one bot instance is running
2026-03-20 10:36:05,517 - aiogram.dispatcher - WARNING - Sleep for 5.023298 seconds and try again... (tryings = 238, bot id = 7349237883)
2026-03-20 10:36:10,574 - aiogram.dispatcher - ERROR - Failed to fetch updates - TelegramConflictError: Telegram server says - Conflict: terminated by other getUpdates request; make sure that only one bot instance is running
2026-03-20 10:36:10,574 - aiogram.dispatcher - WARNING - Sleep for 5.030917 seconds and try again... (tryings = 238, bot id = 7349237883)
2026-03-20 10:36:15,645 - aiogram.dispatcher - ERROR - Failed to fetch updates - TelegramConflictError: Telegram server says - Conflict: terminated by other getUpdates request; make sure that only one bot instance is running
2026-03-20 10:36:15,645 - aiogram.dispatcher - WARNING - Sleep for 5.160383 seconds and try again... (tryings = 239, bot id = 7349237883)
2026-03-20 10:36:20,862 - aiogram.dispatcher - ERROR - Failed to fetch updates - TelegramConflictError: Telegram server says - Conflict: terminated by other getUpdates request; make sure that only one bot instance is running
2026-03-20 10:36:20,863 - aiogram.dispatcher - WARNING - Sleep for 4.910122 seconds and try again... (tryings = 239, bot id = 7349237883)
2026-03-20 10:36:25,826 - aiogram.dispatcher - ERROR - Failed to fetch updates - TelegramConflictError: Telegram server says - Conflict: terminated by other getUpdates request; make sure that only one bot instance is running
2026-03-20 10:36:25,827 - aiogram.dispatcher - WARNING - Sleep for 5.015484 seconds and try again... (tryings = 240, bot id = 7349237883)
2026-03-20 10:36:30,872 - aiogram.dispatcher - ERROR - Failed to fetch updates - TelegramConflictError: Telegram server says - Conflict: terminated by other getUpdates request; make sure that only one bot instance is running
2026-03-20 10:36:30,872 - aiogram.dispatcher - WARNING - Sleep for 5.194482 seconds and try again... (tryings = 240, bot id = 7349237883)
2026-03-20 10:36:36,106 - aiogram.dispatcher - ERROR - Failed to fetch updates - TelegramConflictError: Telegram server says - Conflict: terminated by other getUpdates request; make sure that only one bot instance is running
2026-03-20 10:36:36,106 - aiogram.dispatcher - WARNING - Sleep for 5.023598 seconds and try again... (tryings = 241, bot id = 7349237883)
2026-03-20 10:36:41,177 - aiogram.dispatcher - ERROR - Failed to fetch updates - TelegramConflictError: Telegram server says - Conflict: terminated by other getUpdates request; make sure that only one bot instance is running
2026-03-20 10:36:41,177 - aiogram.dispatcher - WARNING - Sleep for 4.990839 seconds and try again... (tryings = 241, bot id = 7349237883)
2026-03-20 10:36:46,205 - aiogram.dispatcher - ERROR - Failed to fetch updates - TelegramConflictError: Telegram server says - Conflict: terminated by other getUpdates request; make sure that only one bot instance is running
2026-03-20 10:36:46,205 - aiogram.dispatcher - WARNING - Sleep for 5.073543 seconds and try again... (tryings = 242, bot id = 7349237883)
2026-03-20 10:36:51,310 - aiogram.dispatcher - ERROR - Failed to fetch updates - TelegramConflictError: Telegram server says - Conflict: terminated by other getUpdates request; make sure that only one bot instance is running
2026-03-20 10:36:51,310 - aiogram.dispatcher - WARNING - Sleep for 5.078260 seconds and try again... (tryings = 242, bot id = 7349237883)
2026-03-20 10:36:56,415 - aiogram.dispatcher - ERROR - Failed to fetch updates - TelegramConflictError: Telegram server says - Conflict: terminated by other getUpdates request; make sure that only one bot instance is running
2026-03-20 10:36:56,415 - aiogram.dispatcher - WARNING - Sleep for 4.971383 seconds and try again... (tryings = 243, bot id = 7349237883)
2026-03-20 10:37:01,429 - aiogram.dispatcher - ERROR - Failed to fetch updates - TelegramConflictError: Telegram server says - Conflict: terminated by other getUpdates request; make sure that only one bot instance is running
2026-03-20 10:37:01,430 - aiogram.dispatcher - WARNING - Sleep for 5.059494 seconds and try again... (tryings = 243, bot id = 7349237883)
2026-03-20 10:37:06,535 - aiogram.dispatcher - ERROR - Failed to fetch updates - TelegramConflictError: Telegram server says - Conflict: terminated by other getUpdates request; make sure that only one bot instance is running
2026-03-20 10:37:06,536 - aiogram.dispatcher - WARNING - Sleep for 4.881752 seconds and try again... (tryings = 244, bot id = 7349237883)
2026-03-20 10:37:11,454 - aiogram.dispatcher - ERROR - Failed to fetch updates - TelegramConflictError: Telegram server says - Conflict: terminated by other getUpdates request; make sure that only one bot instance is running
2026-03-20 10:37:11,454 - aiogram.dispatcher - WARNING - Sleep for 4.968286 seconds and try again... (tryings = 244, bot id = 7349237883)
2026-03-20 10:37:16,562 - aiogram.dispatcher - ERROR - Failed to fetch updates - TelegramConflictError: Telegram server says - Conflict: terminated by other getUpdates request; make sure that only one bot instance is running
2026-03-20 10:37:16,563 - aiogram.dispatcher - WARNING - Sleep for 5.007068 seconds and try again... (tryings = 245, bot id = 7349237883)
2026-03-20 10:37:21,632 - aiogram.dispatcher - ERROR - Failed to fetch updates - TelegramConflictError: Telegram server says - Conflict: terminated by other getUpdates request; make sure that only one bot instance is running
2026-03-20 10:37:21,632 - aiogram.dispatcher - WARNING - Sleep for 4.931163 seconds and try again... (tryings = 245, bot id = 7349237883)
2026-03-20 10:37:26,612 - aiogram.dispatcher - ERROR - Failed to fetch updates - TelegramConflictError: Telegram server says - Conflict: terminated by other getUpdates request; make sure that only one bot instance is running
2026-03-20 10:37:26,613 - aiogram.dispatcher - WARNING - Sleep for 4.801523 seconds and try again... (tryings = 246, bot id = 7349237883)
2026-03-20 10:37:31,454 - aiogram.dispatcher - ERROR - Failed to fetch updates - TelegramConflictError: Telegram server says - Conflict: terminated by other getUpdates request; make sure that only one bot instance is running
2026-03-20 10:37:31,454 - aiogram.dispatcher - WARNING - Sleep for 4.937225 seconds and try again... (tryings = 246, bot id = 7349237883)
2026-03-20 10:37:36,433 - aiogram.dispatcher - ERROR - Failed to fetch updates - TelegramConflictError: Telegram server says - Conflict: terminated by other getUpdates request; make sure that only one bot instance is running
2026-03-20 10:37:36,434 - aiogram.dispatcher - WARNING - Sleep for 5.063366 seconds and try again... (tryings = 247, bot id = 7349237883)
2026-03-20 10:37:41,550 - aiogram.dispatcher - ERROR - Failed to fetch updates - TelegramConflictError: Telegram server says - Conflict: terminated by other getUpdates request; make sure that only one bot instance is running
2026-03-20 10:37:41,550 - aiogram.dispatcher - WARNING - Sleep for 5.145161 seconds and try again... (tryings = 247, bot id = 7349237883)
2026-03-20 10:37:46,733 - aiogram.dispatcher - ERROR - Failed to fetch updates - TelegramConflictError: Telegram server says - Conflict: terminated by other getUpdates request; make sure that only one bot instance is running
2026-03-20 10:37:46,733 - aiogram.dispatcher - WARNING - Sleep for 5.137469 seconds and try again... (tryings = 248, bot id = 7349237883)
2026-03-20 10:37:51,907 - aiogram.dispatcher - ERROR - Failed to fetch updates - TelegramConflictError: Telegram server says - Conflict: terminated by other getUpdates request; make sure that only one bot instance is running
2026-03-20 10:37:51,907 - aiogram.dispatcher - WARNING - Sleep for 5.129433 seconds and try again... (tryings = 248, bot id = 7349237883)
2026-03-20 10:37:57,068 - aiogram.dispatcher - ERROR - Failed to fetch updates - TelegramConflictError: Telegram server says - Conflict: terminated by other getUpdates request; make sure that only one bot instance is running
2026-03-20 10:37:57,068 - aiogram.dispatcher - WARNING - Sleep for 5.005393 seconds and try again... (tryings = 249, bot id = 7349237883)
2026-03-20 10:38:02,121 - aiogram.dispatcher - ERROR - Failed to fetch updates - TelegramConflictError: Telegram server says - Conflict: terminated by other getUpdates request; make sure that only one bot instance is running
2026-03-20 10:38:02,121 - aiogram.dispatcher - WARNING - Sleep for 4.960154 seconds and try again... (tryings = 249, bot id = 7349237883)
2026-03-20 10:38:07,124 - aiogram.dispatcher - ERROR - Failed to fetch updates - TelegramConflictError: Telegram server says - Conflict: terminated by other getUpdates request; make sure that only one bot instance is running
2026-03-20 10:38:07,124 - aiogram.dispatcher - WARNING - Sleep for 5.023051 seconds and try again... (tryings = 250, bot id = 7349237883)
2026-03-20 10:38:12,189 - aiogram.dispatcher - ERROR - Failed to fetch updates - TelegramConflictError: Telegram server says - Conflict: terminated by other getUpdates request; make sure that only one bot instance is running
2026-03-20 10:38:12,189 - aiogram.dispatcher - WARNING - Sleep for 5.086809 seconds and try again... (tryings = 250, bot id = 7349237883)
2026-03-20 10:38:17,315 - aiogram.dispatcher - ERROR - Failed to fetch updates - TelegramConflictError: Telegram server says - Conflict: terminated by other getUpdates request; make sure that only one bot instance is running
2026-03-20 10:38:17,315 - aiogram.dispatcher - WARNING - Sleep for 4.984331 seconds and try again... (tryings = 251, bot id = 7349237883)
2026-03-20 10:38:22,332 - aiogram.dispatcher - ERROR - Failed to fetch updates - TelegramConflictError: Telegram server says - Conflict: terminated by other getUpdates request; make sure that only one bot instance is running
2026-03-20 10:38:22,332 - aiogram.dispatcher - WARNING - Sleep for 5.028541 seconds and try again... (tryings = 251, bot id = 7349237883)
2026-03-20 10:38:27,396 - aiogram.dispatcher - ERROR - Failed to fetch updates - TelegramConflictError: Telegram server says - Conflict: terminated by other getUpdates request; make sure that only one bot instance is running
2026-03-20 10:38:27,397 - aiogram.dispatcher - WARNING - Sleep for 4.944299 seconds and try again... (tryings = 252, bot id = 7349237883)
2026-03-20 10:38:32,390 - aiogram.dispatcher - ERROR - Failed to fetch updates - TelegramConflictError: Telegram server says - Conflict: terminated by other getUpdates request; make sure that only one bot instance is running
2026-03-20 10:38:32,390 - aiogram.dispatcher - WARNING - Sleep for 4.885952 seconds and try again... (tryings = 252, bot id = 7349237883)
2026-03-20 10:38:37,317 - aiogram.dispatcher - ERROR - Failed to fetch updates - TelegramConflictError: Telegram server says - Conflict: terminated by other getUpdates request; make sure that only one bot instance is running
2026-03-20 10:38:37,317 - aiogram.dispatcher - WARNING - Sleep for 5.058964 seconds and try again... (tryings = 253, bot id = 7349237883)
2026-03-20 10:38:42,424 - aiogram.dispatcher - ERROR - Failed to fetch updates - TelegramConflictError: Telegram server says - Conflict: terminated by other getUpdates request; make sure that only one bot instance is running
2026-03-20 10:38:42,424 - aiogram.dispatcher - WARNING - Sleep for 4.807096 seconds and try again... (tryings = 253, bot id = 7349237883)
2026-03-20 10:38:47,277 - aiogram.dispatcher - ERROR - Failed to fetch updates - TelegramConflictError: Telegram server says - Conflict: terminated by other getUpdates request; make sure that only one bot instance is running
2026-03-20 10:38:47,277 - aiogram.dispatcher - WARNING - Sleep for 5.096491 seconds and try again... (tryings = 254, bot id = 7349237883)
2026-03-20 10:38:52,414 - aiogram.dispatcher - ERROR - Failed to fetch updates - TelegramConflictError: Telegram server says - Conflict: terminated by other getUpdates request; make sure that only one bot instance is running
2026-03-20 10:38:52,414 - aiogram.dispatcher - WARNING - Sleep for 4.801395 seconds and try again... (tryings = 254, bot id = 7349237883)
2026-03-20 10:38:57,251 - aiogram.dispatcher - ERROR - Failed to fetch updates - TelegramConflictError: Telegram server says - Conflict: terminated by other getUpdates request; make sure that only one bot instance is running
2026-03-20 10:38:57,252 - aiogram.dispatcher - WARNING - Sleep for 4.981008 seconds and try again... (tryings = 255, bot id = 7349237883)
2026-03-20 10:39:02,279 - aiogram.dispatcher - ERROR - Failed to fetch updates - TelegramConflictError: Telegram server says - Conflict: terminated by other getUpdates request; make sure that only one bot instance is running
2026-03-20 10:39:02,279 - aiogram.dispatcher - WARNING - Sleep for 5.032806 seconds and try again... (tryings = 255, bot id = 7349237883)
2026-03-20 10:39:07,356 - aiogram.dispatcher - ERROR - Failed to fetch updates - TelegramConflictError: Telegram server says - Conflict: terminated by other getUpdates request; make sure that only one bot instance is running
2026-03-20 10:39:07,357 - aiogram.dispatcher - WARNING - Sleep for 4.857239 seconds and try again... (tryings = 256, bot id = 7349237883)
2026-03-20 10:39:12,245 - aiogram.dispatcher - ERROR - Failed to fetch updates - TelegramConflictError: Telegram server says - Conflict: terminated by other getUpdates request; make sure that only one bot instance is running
2026-03-20 10:39:12,245 - aiogram.dispatcher - WARNING - Sleep for 4.937644 seconds and try again... (tryings = 256, bot id = 7349237883)
2026-03-20 10:39:17,225 - aiogram.dispatcher - ERROR - Failed to fetch updates - TelegramConflictError: Telegram server says - Conflict: terminated by other getUpdates request; make sure that only one bot instance is running
2026-03-20 10:39:17,226 - aiogram.dispatcher - WARNING - Sleep for 4.937640 seconds and try again... (tryings = 257, bot id = 7349237883)
2026-03-20 10:39:22,203 - aiogram.dispatcher - ERROR - Failed to fetch updates - TelegramConflictError: Telegram server says - Conflict: terminated by other getUpdates request; make sure that only one bot instance is running
2026-03-20 10:39:22,203 - aiogram.dispatcher - WARNING - Sleep for 4.907704 seconds and try again... (tryings = 257, bot id = 7349237883)
2026-03-20 10:39:27,153 - aiogram.dispatcher - ERROR - Failed to fetch updates - TelegramConflictError: Telegram server says - Conflict: terminated by other getUpdates request; make sure that only one bot instance is running
2026-03-20 10:39:27,153 - aiogram.dispatcher - WARNING - Sleep for 4.916203 seconds and try again... (tryings = 258, bot id = 7349237883)
2026-03-20 10:39:32,107 - aiogram.dispatcher - ERROR - Failed to fetch updates - TelegramConflictError: Telegram server says - Conflict: terminated by other getUpdates request; make sure that only one bot instance is running
2026-03-20 10:39:32,107 - aiogram.dispatcher - WARNING - Sleep for 4.926299 seconds and try again... (tryings = 258, bot id = 7349237883)
2026-03-20 10:39:37,067 - aiogram.dispatcher - ERROR - Failed to fetch updates - TelegramConflictError: Telegram server says - Conflict: terminated by other getUpdates request; make sure that only one bot instance is running
2026-03-20 10:39:37,067 - aiogram.dispatcher - WARNING - Sleep for 4.802920 seconds and try again... (tryings = 259, bot id = 7349237883)
2026-03-20 10:39:41,914 - aiogram.dispatcher - ERROR - Failed to fetch updates - TelegramConflictError: Telegram server says - Conflict: terminated by other getUpdates request; make sure that only one bot instance is running
2026-03-20 10:39:41,914 - aiogram.dispatcher - WARNING - Sleep for 5.229853 seconds and try again... (tryings = 259, bot id = 7349237883)
2026-03-20 10:39:47,184 - aiogram.dispatcher - ERROR - Failed to fetch updates - TelegramConflictError: Telegram server says - Conflict: terminated by other getUpdates request; make sure that only one bot instance is running
2026-03-20 10:39:47,185 - aiogram.dispatcher - WARNING - Sleep for 5.004750 seconds and try again... (tryings = 260, bot id = 7349237883)
2026-03-20 10:39:52,236 - aiogram.dispatcher - ERROR - Failed to fetch updates - TelegramConflictError: Telegram server says - Conflict: terminated by other getUpdates request; make sure that only one bot instance is running
2026-03-20 10:39:52,236 - aiogram.dispatcher - WARNING - Sleep for 5.067421 seconds and try again... (tryings = 260, bot id = 7349237883)
2026-03-20 10:39:57,337 - aiogram.dispatcher - ERROR - Failed to fetch updates - TelegramConflictError: Telegram server says - Conflict: terminated by other getUpdates request; make sure that only one bot instance is running
2026-03-20 10:39:57,338 - aiogram.dispatcher - WARNING - Sleep for 5.049214 seconds and try again... (tryings = 261, bot id = 7349237883)
2026-03-20 10:40:02,425 - aiogram.dispatcher - ERROR - Failed to fetch updates - TelegramConflictError: Telegram server says - Conflict: terminated by other getUpdates request; make sure that only one bot instance is running
2026-03-20 10:40:02,426 - aiogram.dispatcher - WARNING - Sleep for 5.054683 seconds and try again... (tryings = 261, bot id = 7349237883)
2026-03-20 10:40:07,506 - aiogram.dispatcher - ERROR - Failed to fetch updates - TelegramConflictError: Telegram server says - Conflict: terminated by other getUpdates request; make sure that only one bot instance is running
2026-03-20 10:40:07,506 - aiogram.dispatcher - WARNING - Sleep for 5.167768 seconds and try again... (tryings = 262, bot id = 7349237883)
2026-03-20 10:40:12,727 - aiogram.dispatcher - ERROR - Failed to fetch updates - TelegramConflictError: Telegram server says - Conflict: terminated by other getUpdates request; make sure that only one bot instance is running
2026-03-20 10:40:12,727 - aiogram.dispatcher - WARNING - Sleep for 4.990867 seconds and try again... (tryings = 262, bot id = 7349237883)
2026-03-20 10:40:17,759 - aiogram.dispatcher - ERROR - Failed to fetch updates - TelegramConflictError: Telegram server says - Conflict: terminated by other getUpdates request; make sure that only one bot instance is running
2026-03-20 10:40:17,759 - aiogram.dispatcher - WARNING - Sleep for 4.900763 seconds and try again... (tryings = 263, bot id = 7349237883)
2026-03-20 10:40:22,728 - aiogram.dispatcher - ERROR - Failed to fetch updates - TelegramConflictError: Telegram server says - Conflict: terminated by other getUpdates request; make sure that only one bot instance is running
2026-03-20 10:40:22,728 - aiogram.dispatcher - WARNING - Sleep for 4.988088 seconds and try again... (tryings = 263, bot id = 7349237883)
2026-03-20 10:40:27,765 - aiogram.dispatcher - ERROR - Failed to fetch updates - TelegramConflictError: Telegram server says - Conflict: terminated by other getUpdates request; make sure that only one bot instance is running
2026-03-20 10:40:27,766 - aiogram.dispatcher - WARNING - Sleep for 4.943261 seconds and try again... (tryings = 264, bot id = 7349237883)
2026-03-20 10:40:32,753 - aiogram.dispatcher - ERROR - Failed to fetch updates - TelegramConflictError: Telegram server says - Conflict: terminated by other getUpdates request; make sure that only one bot instance is running
2026-03-20 10:40:32,753 - aiogram.dispatcher - WARNING - Sleep for 5.033228 seconds and try again... (tryings = 264, bot id = 7349237883)
2026-03-20 10:40:37,829 - aiogram.dispatcher - ERROR - Failed to fetch updates - TelegramConflictError: Telegram server says - Conflict: terminated by other getUpdates request; make sure that only one bot instance is running
2026-03-20 10:40:37,830 - aiogram.dispatcher - WARNING - Sleep for 5.005046 seconds and try again... (tryings = 265, bot id = 7349237883)
2026-03-20 10:40:42,873 - aiogram.dispatcher - ERROR - Failed to fetch updates - TelegramConflictError: Telegram server says - Conflict: terminated by other getUpdates request; make sure that only one bot instance is running
2026-03-20 10:40:42,873 - aiogram.dispatcher - WARNING - Sleep for 4.939308 seconds and try again... (tryings = 265, bot id = 7349237883)
2026-03-20 10:40:47,852 - aiogram.dispatcher - ERROR - Failed to fetch updates - TelegramConflictError: Telegram server says - Conflict: terminated by other getUpdates request; make sure that only one bot instance is running
2026-03-20 10:40:47,853 - aiogram.dispatcher - WARNING - Sleep for 4.882524 seconds and try again... (tryings = 266, bot id = 7349237883)
2026-03-20 10:40:52,773 - aiogram.dispatcher - ERROR - Failed to fetch updates - TelegramConflictError: Telegram server says - Conflict: terminated by other getUpdates request; make sure that only one bot instance is running
2026-03-20 10:40:52,773 - aiogram.dispatcher - WARNING - Sleep for 4.966644 seconds and try again... (tryings = 266, bot id = 7349237883)
2026-03-20 10:40:57,777 - aiogram.dispatcher - ERROR - Failed to fetch updates - TelegramConflictError: Telegram server says - Conflict: terminated by other getUpdates request; make sure that only one bot instance is running
2026-03-20 10:40:57,777 - aiogram.dispatcher - WARNING - Sleep for 4.954525 seconds and try again... (tryings = 267, bot id = 7349237883)
2026-03-20 10:41:02,776 - aiogram.dispatcher - ERROR - Failed to fetch updates - TelegramConflictError: Telegram server says - Conflict: terminated by other getUpdates request; make sure that only one bot instance is running
2026-03-20 10:41:02,776 - aiogram.dispatcher - WARNING - Sleep for 5.041172 seconds and try again... (tryings = 267, bot id = 7349237883)
2026-03-20 10:41:07,863 - aiogram.dispatcher - ERROR - Failed to fetch updates - TelegramConflictError: Telegram server says - Conflict: terminated by other getUpdates request; make sure that only one bot instance is running
2026-03-20 10:41:07,863 - aiogram.dispatcher - WARNING - Sleep for 5.141990 seconds and try again... (tryings = 268, bot id = 7349237883)
2026-03-20 10:41:13,050 - aiogram.dispatcher - ERROR - Failed to fetch updates - TelegramConflictError: Telegram server says - Conflict: terminated by other getUpdates request; make sure that only one bot instance is running
2026-03-20 10:41:13,051 - aiogram.dispatcher - WARNING - Sleep for 5.013146 seconds and try again... (tryings = 268, bot id = 7349237883)
2026-03-20 10:41:18,106 - aiogram.dispatcher - ERROR - Failed to fetch updates - TelegramConflictError: Telegram server says - Conflict: terminated by other getUpdates request; make sure that only one bot instance is running
2026-03-20 10:41:18,106 - aiogram.dispatcher - WARNING - Sleep for 5.048656 seconds and try again... (tryings = 269, bot id = 7349237883)
2026-03-20 10:41:23,199 - aiogram.dispatcher - ERROR - Failed to fetch updates - TelegramConflictError: Telegram server says - Conflict: terminated by other getUpdates request; make sure that only one bot instance is running
2026-03-20 10:41:23,199 - aiogram.dispatcher - WARNING - Sleep for 5.086217 seconds and try again... (tryings = 269, bot id = 7349237883)
2026-03-20 10:41:28,324 - aiogram.dispatcher - ERROR - Failed to fetch updates - TelegramConflictError: Telegram server says - Conflict: terminated by other getUpdates request; make sure that only one bot instance is running
2026-03-20 10:41:28,324 - aiogram.dispatcher - WARNING - Sleep for 4.916220 seconds and try again... (tryings = 270, bot id = 7349237883)
2026-03-20 10:41:33,280 - aiogram.dispatcher - ERROR - Failed to fetch updates - TelegramConflictError: Telegram server says - Conflict: terminated by other getUpdates request; make sure that only one bot instance is running
2026-03-20 10:41:33,281 - aiogram.dispatcher - WARNING - Sleep for 4.896036 seconds and try again... (tryings = 270, bot id = 7349237883)
2026-03-20 10:41:38,217 - aiogram.dispatcher - ERROR - Failed to fetch updates - TelegramConflictError: Telegram server says - Conflict: terminated by other getUpdates request; make sure that only one bot instance is running
2026-03-20 10:41:38,217 - aiogram.dispatcher - WARNING - Sleep for 4.975013 seconds and try again... (tryings = 271, bot id = 7349237883)
2026-03-20 10:41:43,360 - aiogram.dispatcher - ERROR - Failed to fetch updates - TelegramConflictError: Telegram server says - Conflict: terminated by other getUpdates request; make sure that only one bot instance is running
2026-03-20 10:41:43,360 - aiogram.dispatcher - WARNING - Sleep for 5.090061 seconds and try again... (tryings = 271, bot id = 7349237883)
2026-03-20 10:41:48,502 - aiogram.dispatcher - ERROR - Failed to fetch updates - TelegramConflictError: Telegram server says - Conflict: terminated by other getUpdates request; make sure that only one bot instance is running
2026-03-20 10:41:48,502 - aiogram.dispatcher - WARNING - Sleep for 4.870768 seconds and try again... (tryings = 272, bot id = 7349237883)
2026-03-20 10:41:53,418 - aiogram.dispatcher - ERROR - Failed to fetch updates - TelegramConflictError: Telegram server says - Conflict: terminated by other getUpdates request; make sure that only one bot instance is running
2026-03-20 10:41:53,419 - aiogram.dispatcher - WARNING - Sleep for 4.984272 seconds and try again... (tryings = 272, bot id = 7349237883)
2026-03-20 10:41:58,449 - aiogram.dispatcher - ERROR - Failed to fetch updates - TelegramConflictError: Telegram server says - Conflict: terminated by other getUpdates request; make sure that only one bot instance is running
2026-03-20 10:41:58,449 - aiogram.dispatcher - WARNING - Sleep for 5.238347 seconds and try again... (tryings = 273, bot id = 7349237883)
2026-03-20 10:42:03,723 - aiogram.dispatcher - ERROR - Failed to fetch updates - TelegramConflictError: Telegram server says - Conflict: terminated by other getUpdates request; make sure that only one bot instance is running
2026-03-20 10:42:03,724 - aiogram.dispatcher - WARNING - Sleep for 5.066018 seconds and try again... (tryings = 273, bot id = 7349237883)
2026-03-20 10:42:08,822 - aiogram.dispatcher - ERROR - Failed to fetch updates - TelegramConflictError: Telegram server says - Conflict: terminated by other getUpdates request; make sure that only one bot instance is running
2026-03-20 10:42:08,822 - aiogram.dispatcher - WARNING - Sleep for 4.939383 seconds and try again... (tryings = 274, bot id = 7349237883)
2026-03-20 10:42:13,801 - aiogram.dispatcher - ERROR - Failed to fetch updates - TelegramConflictError: Telegram server says - Conflict: terminated by other getUpdates request; make sure that only one bot instance is running
2026-03-20 10:42:13,801 - aiogram.dispatcher - WARNING - Sleep for 4.995617 seconds and try again... (tryings = 274, bot id = 7349237883)
2026-03-20 10:42:18,828 - aiogram.dispatcher - ERROR - Failed to fetch updates - TelegramConflictError: Telegram server says - Conflict: terminated by other getUpdates request; make sure that only one bot instance is running
2026-03-20 10:42:18,829 - aiogram.dispatcher - WARNING - Sleep for 5.148470 seconds and try again... (tryings = 275, bot id = 7349237883)
2026-03-20 10:42:24,015 - aiogram.dispatcher - ERROR - Failed to fetch updates - TelegramConflictError: Telegram server says - Conflict: terminated by other getUpdates request; make sure that only one bot instance is running
2026-03-20 10:42:24,015 - aiogram.dispatcher - WARNING - Sleep for 5.097015 seconds and try again... (tryings = 275, bot id = 7349237883)
2026-03-20 10:42:29,154 - aiogram.dispatcher - ERROR - Failed to fetch updates - TelegramConflictError: Telegram server says - Conflict: terminated by other getUpdates request; make sure that only one bot instance is running
2026-03-20 10:42:29,154 - aiogram.dispatcher - WARNING - Sleep for 5.155634 seconds and try again... (tryings = 276, bot id = 7349237883)
2026-03-20 10:42:34,356 - aiogram.dispatcher - ERROR - Failed to fetch updates - TelegramConflictError: Telegram server says - Conflict: terminated by other getUpdates request; make sure that only one bot instance is running
2026-03-20 10:42:34,356 - aiogram.dispatcher - WARNING - Sleep for 5.088981 seconds and try again... (tryings = 276, bot id = 7349237883)
2026-03-20 10:42:39,494 - aiogram.dispatcher - ERROR - Failed to fetch updates - TelegramConflictError: Telegram server says - Conflict: terminated by other getUpdates request; make sure that only one bot instance is running
2026-03-20 10:42:39,494 - aiogram.dispatcher - WARNING - Sleep for 5.029914 seconds and try again... (tryings = 277, bot id = 7349237883)
2026-03-20 10:42:44,681 - aiogram.dispatcher - ERROR - Failed to fetch updates - TelegramConflictError: Telegram server says - Conflict: terminated by other getUpdates request; make sure that only one bot instance is running
2026-03-20 10:42:44,681 - aiogram.dispatcher - WARNING - Sleep for 5.104709 seconds and try again... (tryings = 277, bot id = 7349237883)
2026-03-20 10:42:49,835 - aiogram.dispatcher - ERROR - Failed to fetch updates - TelegramConflictError: Telegram server says - Conflict: terminated by other getUpdates request; make sure that only one bot instance is running
2026-03-20 10:42:49,835 - aiogram.dispatcher - WARNING - Sleep for 4.959573 seconds and try again... (tryings = 278, bot id = 7349237883)
2026-03-20 10:42:54,837 - aiogram.dispatcher - ERROR - Failed to fetch updates - TelegramConflictError: Telegram server says - Conflict: terminated by other getUpdates request; make sure that only one bot instance is running
2026-03-20 10:42:54,837 - aiogram.dispatcher - WARNING - Sleep for 5.186847 seconds and try again... (tryings = 278, bot id = 7349237883)
2026-03-20 10:43:00,079 - aiogram.dispatcher - ERROR - Failed to fetch updates - TelegramConflictError: Telegram server says - Conflict: terminated by other getUpdates request; make sure that only one bot instance is running
2026-03-20 10:43:00,079 - aiogram.dispatcher - WARNING - Sleep for 5.053636 seconds and try again... (tryings = 279, bot id = 7349237883)
2026-03-20 10:43:05,170 - aiogram.dispatcher - ERROR - Failed to fetch updates - TelegramConflictError: Telegram server says - Conflict: terminated by other getUpdates request; make sure that only one bot instance is running
2026-03-20 10:43:05,170 - aiogram.dispatcher - WARNING - Sleep for 5.069630 seconds and try again... (tryings = 279, bot id = 7349237883)
2026-03-20 10:43:10,300 - aiogram.dispatcher - ERROR - Failed to fetch updates - TelegramConflictError: Telegram server says - Conflict: terminated by other getUpdates request; make sure that only one bot instance is running
2026-03-20 10:43:10,300 - aiogram.dispatcher - WARNING - Sleep for 4.943231 seconds and try again... (tryings = 280, bot id = 7349237883)
2026-03-20 10:43:15,280 - aiogram.dispatcher - ERROR - Failed to fetch updates - TelegramConflictError: Telegram server says - Conflict: terminated by other getUpdates request; make sure that only one bot instance is running
2026-03-20 10:43:15,280 - aiogram.dispatcher - WARNING - Sleep for 5.157154 seconds and try again... (tryings = 280, bot id = 7349237883)
2026-03-20 10:43:20,474 - aiogram.dispatcher - ERROR - Failed to fetch updates - TelegramConflictError: Telegram server says - Conflict: terminated by other getUpdates request; make sure that only one bot instance is running
2026-03-20 10:43:20,474 - aiogram.dispatcher - WARNING - Sleep for 5.098004 seconds and try again... (tryings = 281, bot id = 7349237883)
2026-03-20 10:43:25,616 - aiogram.dispatcher - ERROR - Failed to fetch updates - TelegramConflictError: Telegram server says - Conflict: terminated by other getUpdates request; make sure that only one bot instance is running
2026-03-20 10:43:25,616 - aiogram.dispatcher - WARNING - Sleep for 5.140343 seconds and try again... (tryings = 281, bot id = 7349237883)
2026-03-20 10:43:30,802 - aiogram.dispatcher - ERROR - Failed to fetch updates - TelegramConflictError: Telegram server says - Conflict: terminated by other getUpdates request; make sure that only one bot instance is running
2026-03-20 10:43:30,802 - aiogram.dispatcher - WARNING - Sleep for 5.077539 seconds and try again... (tryings = 282, bot id = 7349237883)
2026-03-20 10:43:35,924 - aiogram.dispatcher - ERROR - Failed to fetch updates - TelegramConflictError: Telegram server says - Conflict: terminated by other getUpdates request; make sure that only one bot instance is running
2026-03-20 10:43:35,924 - aiogram.dispatcher - WARNING - Sleep for 5.198957 seconds and try again... (tryings = 282, bot id = 7349237883)
2026-03-20 10:43:41,154 - aiogram.dispatcher - ERROR - Failed to fetch updates - TelegramConflictError: Telegram server says - Conflict: terminated by other getUpdates request; make sure that only one bot instance is running
2026-03-20 10:43:41,154 - aiogram.dispatcher - WARNING - Sleep for 5.020657 seconds and try again... (tryings = 283, bot id = 7349237883)
2026-03-20 10:43:46,222 - aiogram.dispatcher - ERROR - Failed to fetch updates - TelegramConflictError: Telegram server says - Conflict: terminated by other getUpdates request; make sure that only one bot instance is running
2026-03-20 10:43:46,223 - aiogram.dispatcher - WARNING - Sleep for 4.967860 seconds and try again... (tryings = 283, bot id = 7349237883)
2026-03-20 10:43:51,237 - aiogram.dispatcher - ERROR - Failed to fetch updates - TelegramConflictError: Telegram server says - Conflict: terminated by other getUpdates request; make sure that only one bot instance is running
2026-03-20 10:43:51,238 - aiogram.dispatcher - WARNING - Sleep for 5.099145 seconds and try again... (tryings = 284, bot id = 7349237883)
2026-03-20 10:43:56,384 - aiogram.dispatcher - ERROR - Failed to fetch updates - TelegramConflictError: Telegram server says - Conflict: terminated by other getUpdates request; make sure that only one bot instance is running
2026-03-20 10:43:56,384 - aiogram.dispatcher - WARNING - Sleep for 4.963484 seconds and try again... (tryings = 284, bot id = 7349237883)
2026-03-20 10:44:01,397 - aiogram.dispatcher - ERROR - Failed to fetch updates - TelegramConflictError: Telegram server says - Conflict: terminated by other getUpdates request; make sure that only one bot instance is running
2026-03-20 10:44:01,398 - aiogram.dispatcher - WARNING - Sleep for 4.937538 seconds and try again... (tryings = 285, bot id = 7349237883)
2026-03-20 10:44:06,383 - aiogram.dispatcher - ERROR - Failed to fetch updates - TelegramConflictError: Telegram server says - Conflict: terminated by other getUpdates request; make sure that only one bot instance is running
2026-03-20 10:44:06,384 - aiogram.dispatcher - WARNING - Sleep for 4.967904 seconds and try again... (tryings = 285, bot id = 7349237883)
2026-03-20 10:44:11,676 - aiogram.dispatcher - ERROR - Failed to fetch updates - TelegramConflictError: Telegram server says - Conflict: terminated by other getUpdates request; make sure that only one bot instance is running
2026-03-20 10:44:11,676 - aiogram.dispatcher - WARNING - Sleep for 5.010004 seconds and try again... (tryings = 286, bot id = 7349237883)
2026-03-20 10:44:16,725 - aiogram.dispatcher - ERROR - Failed to fetch updates - TelegramConflictError: Telegram server says - Conflict: terminated by other getUpdates request; make sure that only one bot instance is running
2026-03-20 10:44:16,725 - aiogram.dispatcher - WARNING - Sleep for 4.899661 seconds and try again... (tryings = 286, bot id = 7349237883)
2026-03-20 10:44:21,664 - aiogram.dispatcher - ERROR - Failed to fetch updates - TelegramConflictError: Telegram server says - Conflict: terminated by other getUpdates request; make sure that only one bot instance is running
2026-03-20 10:44:21,664 - aiogram.dispatcher - WARNING - Sleep for 4.954796 seconds and try again... (tryings = 287, bot id = 7349237883)
2026-03-20 10:44:26,669 - aiogram.dispatcher - ERROR - Failed to fetch updates - TelegramConflictError: Telegram server says - Conflict: terminated by other getUpdates request; make sure that only one bot instance is running
2026-03-20 10:44:26,669 - aiogram.dispatcher - WARNING - Sleep for 4.992760 seconds and try again... (tryings = 287, bot id = 7349237883)
2026-03-20 10:44:31,710 - aiogram.dispatcher - ERROR - Failed to fetch updates - TelegramConflictError: Telegram server says - Conflict: terminated by other getUpdates request; make sure that only one bot instance is running
2026-03-20 10:44:31,710 - aiogram.dispatcher - WARNING - Sleep for 5.053556 seconds and try again... (tryings = 288, bot id = 7349237883)
2026-03-20 10:44:36,811 - aiogram.dispatcher - ERROR - Failed to fetch updates - TelegramConflictError: Telegram server says - Conflict: terminated by other getUpdates request; make sure that only one bot instance is running
2026-03-20 10:44:36,812 - aiogram.dispatcher - WARNING - Sleep for 4.997856 seconds and try again... (tryings = 288, bot id = 7349237883)
2026-03-20 10:44:41,847 - aiogram.dispatcher - ERROR - Failed to fetch updates - TelegramConflictError: Telegram server says - Conflict: terminated by other getUpdates request; make sure that only one bot instance is running
2026-03-20 10:44:41,847 - aiogram.dispatcher - WARNING - Sleep for 4.981289 seconds and try again... (tryings = 289, bot id = 7349237883)
2026-03-20 10:44:46,860 - aiogram.dispatcher - ERROR - Failed to fetch updates - TelegramConflictError: Telegram server says - Conflict: terminated by other getUpdates request; make sure that only one bot instance is running
2026-03-20 10:44:46,861 - aiogram.dispatcher - WARNING - Sleep for 5.139491 seconds and try again... (tryings = 289, bot id = 7349237883)
2026-03-20 10:44:52,057 - aiogram.dispatcher - ERROR - Failed to fetch updates - TelegramConflictError: Telegram server says - Conflict: terminated by other getUpdates request; make sure that only one bot instance is running
2026-03-20 10:44:52,057 - aiogram.dispatcher - WARNING - Sleep for 5.019764 seconds and try again... (tryings = 290, bot id = 7349237883)
2026-03-20 10:44:57,124 - aiogram.dispatcher - ERROR - Failed to fetch updates - TelegramConflictError: Telegram server says - Conflict: terminated by other getUpdates request; make sure that only one bot instance is running
2026-03-20 10:44:57,124 - aiogram.dispatcher - WARNING - Sleep for 5.060430 seconds and try again... (tryings = 290, bot id = 7349237883)
2026-03-20 10:45:02,227 - aiogram.dispatcher - ERROR - Failed to fetch updates - TelegramConflictError: Telegram server says - Conflict: terminated by other getUpdates request; make sure that only one bot instance is running
2026-03-20 10:45:02,227 - aiogram.dispatcher - WARNING - Sleep for 5.142871 seconds and try again... (tryings = 291, bot id = 7349237883)
2026-03-20 10:45:07,405 - aiogram.dispatcher - ERROR - Failed to fetch updates - TelegramConflictError: Telegram server says - Conflict: terminated by other getUpdates request; make sure that only one bot instance is running
2026-03-20 10:45:07,405 - aiogram.dispatcher - WARNING - Sleep for 5.034070 seconds and try again... (tryings = 291, bot id = 7349237883)
2026-03-20 10:45:12,484 - aiogram.dispatcher - ERROR - Failed to fetch updates - TelegramConflictError: Telegram server says - Conflict: terminated by other getUpdates request; make sure that only one bot instance is running
2026-03-20 10:45:12,486 - aiogram.dispatcher - WARNING - Sleep for 5.021668 seconds and try again... (tryings = 292, bot id = 7349237883)
2026-03-20 10:45:17,545 - aiogram.dispatcher - ERROR - Failed to fetch updates - TelegramConflictError: Telegram server says - Conflict: terminated by other getUpdates request; make sure that only one bot instance is running
2026-03-20 10:45:17,545 - aiogram.dispatcher - WARNING - Sleep for 5.017924 seconds and try again... (tryings = 292, bot id = 7349237883)
2026-03-20 10:45:22,596 - aiogram.dispatcher - ERROR - Failed to fetch updates - TelegramConflictError: Telegram server says - Conflict: terminated by other getUpdates request; make sure that only one bot instance is running
2026-03-20 10:45:22,596 - aiogram.dispatcher - WARNING - Sleep for 4.901534 seconds and try again... (tryings = 293, bot id = 7349237883)
2026-03-20 10:45:27,545 - aiogram.dispatcher - ERROR - Failed to fetch updates - TelegramConflictError: Telegram server says - Conflict: terminated by other getUpdates request; make sure that only one bot instance is running
2026-03-20 10:45:27,545 - aiogram.dispatcher - WARNING - Sleep for 5.001349 seconds and try again... (tryings = 293, bot id = 7349237883)
2026-03-20 10:45:32,591 - aiogram.dispatcher - ERROR - Failed to fetch updates - TelegramConflictError: Telegram server says - Conflict: terminated by other getUpdates request; make sure that only one bot instance is running
2026-03-20 10:45:32,593 - aiogram.dispatcher - WARNING - Sleep for 4.964931 seconds and try again... (tryings = 294, bot id = 7349237883)
2026-03-20 10:45:37,605 - aiogram.dispatcher - ERROR - Failed to fetch updates - TelegramConflictError: Telegram server says - Conflict: terminated by other getUpdates request; make sure that only one bot instance is running
2026-03-20 10:45:37,605 - aiogram.dispatcher - WARNING - Sleep for 4.900259 seconds and try again... (tryings = 294, bot id = 7349237883)
2026-03-20 10:45:42,544 - aiogram.dispatcher - ERROR - Failed to fetch updates - TelegramConflictError: Telegram server says - Conflict: terminated by other getUpdates request; make sure that only one bot instance is running
2026-03-20 10:45:42,544 - aiogram.dispatcher - WARNING - Sleep for 4.968520 seconds and try again... (tryings = 295, bot id = 7349237883)
2026-03-20 10:45:47,548 - aiogram.dispatcher - ERROR - Failed to fetch updates - TelegramConflictError: Telegram server says - Conflict: terminated by other getUpdates request; make sure that only one bot instance is running
2026-03-20 10:45:47,549 - aiogram.dispatcher - WARNING - Sleep for 5.114822 seconds and try again... (tryings = 295, bot id = 7349237883)
2026-03-20 10:45:52,711 - aiogram.dispatcher - ERROR - Failed to fetch updates - TelegramConflictError: Telegram server says - Conflict: terminated by other getUpdates request; make sure that only one bot instance is running
2026-03-20 10:45:52,711 - aiogram.dispatcher - WARNING - Sleep for 4.908923 seconds and try again... (tryings = 296, bot id = 7349237883)
2026-03-20 10:45:57,660 - aiogram.dispatcher - ERROR - Failed to fetch updates - TelegramConflictError: Telegram server says - Conflict: terminated by other getUpdates request; make sure that only one bot instance is running
2026-03-20 10:45:57,660 - aiogram.dispatcher - WARNING - Sleep for 4.860019 seconds and try again... (tryings = 296, bot id = 7349237883)
2026-03-20 10:46:02,560 - aiogram.dispatcher - ERROR - Failed to fetch updates - TelegramConflictError: Telegram server says - Conflict: terminated by other getUpdates request; make sure that only one bot instance is running
2026-03-20 10:46:02,560 - aiogram.dispatcher - WARNING - Sleep for 5.018843 seconds and try again... (tryings = 297, bot id = 7349237883)
2026-03-20 10:46:07,621 - aiogram.dispatcher - ERROR - Failed to fetch updates - TelegramConflictError: Telegram server says - Conflict: terminated by other getUpdates request; make sure that only one bot instance is running
2026-03-20 10:46:07,621 - aiogram.dispatcher - WARNING - Sleep for 4.920870 seconds and try again... (tryings = 297, bot id = 7349237883)
2026-03-20 10:46:12,582 - aiogram.dispatcher - ERROR - Failed to fetch updates - TelegramConflictError: Telegram server says - Conflict: terminated by other getUpdates request; make sure that only one bot instance is running
2026-03-20 10:46:12,582 - aiogram.dispatcher - WARNING - Sleep for 5.013642 seconds and try again... (tryings = 298, bot id = 7349237883)
2026-03-20 10:46:17,641 - aiogram.dispatcher - ERROR - Failed to fetch updates - TelegramConflictError: Telegram server says - Conflict: terminated by other getUpdates request; make sure that only one bot instance is running
2026-03-20 10:46:17,641 - aiogram.dispatcher - WARNING - Sleep for 4.903667 seconds and try again... (tryings = 298, bot id = 7349237883)
2026-03-20 10:46:22,675 - aiogram.dispatcher - ERROR - Failed to fetch updates - TelegramConflictError: Telegram server says - Conflict: terminated by other getUpdates request; make sure that only one bot instance is running
2026-03-20 10:46:22,675 - aiogram.dispatcher - WARNING - Sleep for 4.987059 seconds and try again... (tryings = 299, bot id = 7349237883)
2026-03-20 10:46:27,707 - aiogram.dispatcher - ERROR - Failed to fetch updates - TelegramConflictError: Telegram server says - Conflict: terminated by other getUpdates request; make sure that only one bot instance is running
2026-03-20 10:46:27,707 - aiogram.dispatcher - WARNING - Sleep for 5.075914 seconds and try again... (tryings = 299, bot id = 7349237883)
2026-03-20 10:46:32,830 - aiogram.dispatcher - ERROR - Failed to fetch updates - TelegramConflictError: Telegram server says - Conflict: terminated by other getUpdates request; make sure that only one bot instance is running
2026-03-20 10:46:32,830 - aiogram.dispatcher - WARNING - Sleep for 5.025857 seconds and try again... (tryings = 300, bot id = 7349237883)
2026-03-20 10:46:37,896 - aiogram.dispatcher - ERROR - Failed to fetch updates - TelegramConflictError: Telegram server says - Conflict: terminated by other getUpdates request; make sure that only one bot instance is running
2026-03-20 10:46:37,896 - aiogram.dispatcher - WARNING - Sleep for 5.127464 seconds and try again... (tryings = 300, bot id = 7349237883)
2026-03-20 10:46:43,066 - aiogram.dispatcher - ERROR - Failed to fetch updates - TelegramConflictError: Telegram server says - Conflict: terminated by other getUpdates request; make sure that only one bot instance is running
2026-03-20 10:46:43,067 - aiogram.dispatcher - WARNING - Sleep for 4.964581 seconds and try again... (tryings = 301, bot id = 7349237883)
2026-03-20 10:46:48,085 - aiogram.dispatcher - ERROR - Failed to fetch updates - TelegramConflictError: Telegram server says - Conflict: terminated by other getUpdates request; make sure that only one bot instance is running
2026-03-20 10:46:48,085 - aiogram.dispatcher - WARNING - Sleep for 4.890198 seconds and try again... (tryings = 301, bot id = 7349237883)
2026-03-20 10:46:53,014 - aiogram.dispatcher - ERROR - Failed to fetch updates - TelegramConflictError: Telegram server says - Conflict: terminated by other getUpdates request; make sure that only one bot instance is running
2026-03-20 10:46:53,014 - aiogram.dispatcher - WARNING - Sleep for 5.020274 seconds and try again... (tryings = 302, bot id = 7349237883)
2026-03-20 10:46:58,083 - aiogram.dispatcher - ERROR - Failed to fetch updates - TelegramConflictError: Telegram server says - Conflict: terminated by other getUpdates request; make sure that only one bot instance is running
2026-03-20 10:46:58,083 - aiogram.dispatcher - WARNING - Sleep for 4.871592 seconds and try again... (tryings = 302, bot id = 7349237883)
2026-03-20 10:47:02,997 - aiogram.dispatcher - ERROR - Failed to fetch updates - TelegramConflictError: Telegram server says - Conflict: terminated by other getUpdates request; make sure that only one bot instance is running
2026-03-20 10:47:02,997 - aiogram.dispatcher - WARNING - Sleep for 5.101249 seconds and try again... (tryings = 303, bot id = 7349237883)
2026-03-20 10:47:08,136 - aiogram.dispatcher - ERROR - Failed to fetch updates - TelegramConflictError: Telegram server says - Conflict: terminated by other getUpdates request; make sure that only one bot instance is running
2026-03-20 10:47:08,136 - aiogram.dispatcher - WARNING - Sleep for 4.863019 seconds and try again... (tryings = 303, bot id = 7349237883)
2026-03-20 10:47:13,050 - aiogram.dispatcher - ERROR - Failed to fetch updates - TelegramConflictError: Telegram server says - Conflict: terminated by other getUpdates request; make sure that only one bot instance is running
2026-03-20 10:47:13,051 - aiogram.dispatcher - WARNING - Sleep for 5.044116 seconds and try again... (tryings = 304, bot id = 7349237883)
2026-03-20 10:47:18,140 - aiogram.dispatcher - ERROR - Failed to fetch updates - TelegramConflictError: Telegram server says - Conflict: terminated by other getUpdates request; make sure that only one bot instance is running
2026-03-20 10:47:18,141 - aiogram.dispatcher - WARNING - Sleep for 5.067413 seconds and try again... (tryings = 304, bot id = 7349237883)
2026-03-20 10:47:23,254 - aiogram.dispatcher - ERROR - Failed to fetch updates - TelegramConflictError: Telegram server says - Conflict: terminated by other getUpdates request; make sure that only one bot instance is running
2026-03-20 10:47:23,254 - aiogram.dispatcher - WARNING - Sleep for 5.061073 seconds and try again... (tryings = 305, bot id = 7349237883)
2026-03-20 10:47:28,360 - aiogram.dispatcher - ERROR - Failed to fetch updates - TelegramConflictError: Telegram server says - Conflict: terminated by other getUpdates request; make sure that only one bot instance is running
2026-03-20 10:47:28,360 - aiogram.dispatcher - WARNING - Sleep for 5.084380 seconds and try again... (tryings = 305, bot id = 7349237883)
2026-03-20 10:47:33,496 - aiogram.dispatcher - ERROR - Failed to fetch updates - TelegramConflictError: Telegram server says - Conflict: terminated by other getUpdates request; make sure that only one bot instance is running
2026-03-20 10:47:33,496 - aiogram.dispatcher - WARNING - Sleep for 5.075799 seconds and try again... (tryings = 306, bot id = 7349237883)
2026-03-20 10:47:38,624 - aiogram.dispatcher - ERROR - Failed to fetch updates - TelegramConflictError: Telegram server says - Conflict: terminated by other getUpdates request; make sure that only one bot instance is running
2026-03-20 10:47:38,624 - aiogram.dispatcher - WARNING - Sleep for 4.985955 seconds and try again... (tryings = 306, bot id = 7349237883)
2026-03-20 10:47:43,644 - aiogram.dispatcher - ERROR - Failed to fetch updates - TelegramConflictError: Telegram server says - Conflict: terminated by other getUpdates request; make sure that only one bot instance is running
2026-03-20 10:47:43,646 - aiogram.dispatcher - WARNING - Sleep for 4.962124 seconds and try again... (tryings = 307, bot id = 7349237883)
2026-03-20 10:47:48,652 - aiogram.dispatcher - ERROR - Failed to fetch updates - TelegramConflictError: Telegram server says - Conflict: terminated by other getUpdates request; make sure that only one bot instance is running
2026-03-20 10:47:48,652 - aiogram.dispatcher - WARNING - Sleep for 4.935913 seconds and try again... (tryings = 307, bot id = 7349237883)
2026-03-20 10:47:53,623 - aiogram.dispatcher - ERROR - Failed to fetch updates - TelegramConflictError: Telegram server says - Conflict: terminated by other getUpdates request; make sure that only one bot instance is running
2026-03-20 10:47:53,623 - aiogram.dispatcher - WARNING - Sleep for 4.875283 seconds and try again... (tryings = 308, bot id = 7349237883)
2026-03-20 10:47:58,546 - aiogram.dispatcher - ERROR - Failed to fetch updates - TelegramConflictError: Telegram server says - Conflict: terminated by other getUpdates request; make sure that only one bot instance is running
2026-03-20 10:47:58,546 - aiogram.dispatcher - WARNING - Sleep for 4.978684 seconds and try again... (tryings = 308, bot id = 7349237883)
2026-03-20 10:48:03,564 - aiogram.dispatcher - ERROR - Failed to fetch updates - TelegramConflictError: Telegram server says - Conflict: terminated by other getUpdates request; make sure that only one bot instance is running
2026-03-20 10:48:03,565 - aiogram.dispatcher - WARNING - Sleep for 4.804402 seconds and try again... (tryings = 309, bot id = 7349237883)
2026-03-20 10:48:08,415 - aiogram.dispatcher - ERROR - Failed to fetch updates - TelegramConflictError: Telegram server says - Conflict: terminated by other getUpdates request; make sure that only one bot instance is running
2026-03-20 10:48:08,415 - aiogram.dispatcher - WARNING - Sleep for 4.936782 seconds and try again... (tryings = 309, bot id = 7349237883)
2026-03-20 10:48:13,396 - aiogram.dispatcher - ERROR - Failed to fetch updates - TelegramConflictError: Telegram server says - Conflict: terminated by other getUpdates request; make sure that only one bot instance is running
2026-03-20 10:48:13,397 - aiogram.dispatcher - WARNING - Sleep for 4.969962 seconds and try again... (tryings = 310, bot id = 7349237883)
2026-03-20 10:48:18,414 - aiogram.dispatcher - ERROR - Failed to fetch updates - TelegramConflictError: Telegram server says - Conflict: terminated by other getUpdates request; make sure that only one bot instance is running
2026-03-20 10:48:18,415 - aiogram.dispatcher - WARNING - Sleep for 4.989588 seconds and try again... (tryings = 310, bot id = 7349237883)
2026-03-20 10:48:23,446 - aiogram.dispatcher - ERROR - Failed to fetch updates - TelegramConflictError: Telegram server says - Conflict: terminated by other getUpdates request; make sure that only one bot instance is running
2026-03-20 10:48:23,447 - aiogram.dispatcher - WARNING - Sleep for 4.974500 seconds and try again... (tryings = 311, bot id = 7349237883)
2026-03-20 10:48:28,463 - aiogram.dispatcher - ERROR - Failed to fetch updates - TelegramConflictError: Telegram server says - Conflict: terminated by other getUpdates request; make sure that only one bot instance is running
2026-03-20 10:48:28,464 - aiogram.dispatcher - WARNING - Sleep for 5.099066 seconds and try again... (tryings = 311, bot id = 7349237883)
2026-03-20 10:48:33,601 - aiogram.dispatcher - ERROR - Failed to fetch updates - TelegramConflictError: Telegram server says - Conflict: terminated by other getUpdates request; make sure that only one bot instance is running
2026-03-20 10:48:33,602 - aiogram.dispatcher - WARNING - Sleep for 4.873115 seconds and try again... (tryings = 312, bot id = 7349237883)
2026-03-20 10:48:38,516 - aiogram.dispatcher - ERROR - Failed to fetch updates - TelegramConflictError: Telegram server says - Conflict: terminated by other getUpdates request; make sure that only one bot instance is running
2026-03-20 10:48:38,516 - aiogram.dispatcher - WARNING - Sleep for 4.987390 seconds and try again... (tryings = 312, bot id = 7349237883)
2026-03-20 10:48:43,550 - aiogram.dispatcher - ERROR - Failed to fetch updates - TelegramConflictError: Telegram server says - Conflict: terminated by other getUpdates request; make sure that only one bot instance is running
2026-03-20 10:48:43,550 - aiogram.dispatcher - WARNING - Sleep for 5.093116 seconds and try again... (tryings = 313, bot id = 7349237883)
2026-03-20 10:48:48,686 - aiogram.dispatcher - ERROR - Failed to fetch updates - TelegramConflictError: Telegram server says - Conflict: terminated by other getUpdates request; make sure that only one bot instance is running
2026-03-20 10:48:48,686 - aiogram.dispatcher - WARNING - Sleep for 5.021361 seconds and try again... (tryings = 313, bot id = 7349237883)
2026-03-20 10:48:53,749 - aiogram.dispatcher - ERROR - Failed to fetch updates - TelegramConflictError: Telegram server says - Conflict: terminated by other getUpdates request; make sure that only one bot instance is running
2026-03-20 10:48:53,749 - aiogram.dispatcher - WARNING - Sleep for 4.979705 seconds and try again... (tryings = 314, bot id = 7349237883)
2026-03-20 10:48:58,871 - aiogram.dispatcher - ERROR - Failed to fetch updates - TelegramConflictError: Telegram server says - Conflict: terminated by other getUpdates request; make sure that only one bot instance is running
2026-03-20 10:48:58,872 - aiogram.dispatcher - WARNING - Sleep for 4.998218 seconds and try again... (tryings = 314, bot id = 7349237883)
2026-03-20 10:49:03,892 - aiogram.dispatcher - ERROR - Failed to fetch updates - TelegramConflictError: Telegram server says - Conflict: terminated by other getUpdates request; make sure that only one bot instance is running
2026-03-20 10:49:03,892 - aiogram.dispatcher - WARNING - Sleep for 5.092800 seconds and try again... (tryings = 315, bot id = 7349237883)
2026-03-20 10:49:09,040 - aiogram.dispatcher - ERROR - Failed to fetch updates - TelegramConflictError: Telegram server says - Conflict: terminated by other getUpdates request; make sure that only one bot instance is running
2026-03-20 10:49:09,041 - aiogram.dispatcher - WARNING - Sleep for 5.187975 seconds and try again... (tryings = 315, bot id = 7349237883)
2026-03-20 10:49:14,276 - aiogram.dispatcher - ERROR - Failed to fetch updates - TelegramConflictError: Telegram server says - Conflict: terminated by other getUpdates request; make sure that only one bot instance is running
2026-03-20 10:49:14,276 - aiogram.dispatcher - WARNING - Sleep for 5.000365 seconds and try again... (tryings = 316, bot id = 7349237883)
2026-03-20 10:49:19,323 - aiogram.dispatcher - ERROR - Failed to fetch updates - TelegramConflictError: Telegram server says - Conflict: terminated by other getUpdates request; make sure that only one bot instance is running
2026-03-20 10:49:19,323 - aiogram.dispatcher - WARNING - Sleep for 4.869165 seconds and try again... (tryings = 316, bot id = 7349237883)
2026-03-20 10:49:24,227 - aiogram.dispatcher - ERROR - Failed to fetch updates - TelegramConflictError: Telegram server says - Conflict: terminated by other getUpdates request; make sure that only one bot instance is running
2026-03-20 10:49:24,228 - aiogram.dispatcher - WARNING - Sleep for 4.934538 seconds and try again... (tryings = 317, bot id = 7349237883)
2026-03-20 10:49:29,209 - aiogram.dispatcher - ERROR - Failed to fetch updates - TelegramConflictError: Telegram server says - Conflict: terminated by other getUpdates request; make sure that only one bot instance is running
2026-03-20 10:49:29,210 - aiogram.dispatcher - WARNING - Sleep for 5.033744 seconds and try again... (tryings = 317, bot id = 7349237883)
2026-03-20 10:49:34,295 - aiogram.dispatcher - ERROR - Failed to fetch updates - TelegramConflictError: Telegram server says - Conflict: terminated by other getUpdates request; make sure that only one bot instance is running
2026-03-20 10:49:34,295 - aiogram.dispatcher - WARNING - Sleep for 5.003315 seconds and try again... (tryings = 318, bot id = 7349237883)
2026-03-20 10:49:39,384 - aiogram.dispatcher - ERROR - Failed to fetch updates - TelegramConflictError: Telegram server says - Conflict: terminated by other getUpdates request; make sure that only one bot instance is running
2026-03-20 10:49:39,384 - aiogram.dispatcher - WARNING - Sleep for 5.027256 seconds and try again... (tryings = 318, bot id = 7349237883)
2026-03-20 10:49:44,459 - aiogram.dispatcher - ERROR - Failed to fetch updates - TelegramConflictError: Telegram server says - Conflict: terminated by other getUpdates request; make sure that only one bot instance is running
2026-03-20 10:49:44,459 - aiogram.dispatcher - WARNING - Sleep for 4.889082 seconds and try again... (tryings = 319, bot id = 7349237883)
2026-03-20 10:49:49,384 - aiogram.dispatcher - ERROR - Failed to fetch updates - TelegramConflictError: Telegram server says - Conflict: terminated by other getUpdates request; make sure that only one bot instance is running
2026-03-20 10:49:49,384 - aiogram.dispatcher - WARNING - Sleep for 4.951082 seconds and try again... (tryings = 319, bot id = 7349237883)
2026-03-20 10:49:54,382 - aiogram.dispatcher - ERROR - Failed to fetch updates - TelegramConflictError: Telegram server says - Conflict: terminated by other getUpdates request; make sure that only one bot instance is running
2026-03-20 10:49:54,383 - aiogram.dispatcher - WARNING - Sleep for 4.954913 seconds and try again... (tryings = 320, bot id = 7349237883)
2026-03-20 10:49:59,391 - aiogram.dispatcher - ERROR - Failed to fetch updates - TelegramConflictError: Telegram server says - Conflict: terminated by other getUpdates request; make sure that only one bot instance is running
2026-03-20 10:49:59,391 - aiogram.dispatcher - WARNING - Sleep for 4.973399 seconds and try again... (tryings = 320, bot id = 7349237883)
2026-03-20 10:50:04,413 - aiogram.dispatcher - ERROR - Failed to fetch updates - TelegramConflictError: Telegram server says - Conflict: terminated by other getUpdates request; make sure that only one bot instance is running
2026-03-20 10:50:04,413 - aiogram.dispatcher - WARNING - Sleep for 5.014503 seconds and try again... (tryings = 321, bot id = 7349237883)
2026-03-20 10:50:09,471 - aiogram.dispatcher - ERROR - Failed to fetch updates - TelegramConflictError: Telegram server says - Conflict: terminated by other getUpdates request; make sure that only one bot instance is running
2026-03-20 10:50:09,472 - aiogram.dispatcher - WARNING - Sleep for 5.034787 seconds and try again... (tryings = 321, bot id = 7349237883)
2026-03-20 10:50:14,558 - aiogram.dispatcher - ERROR - Failed to fetch updates - TelegramConflictError: Telegram server says - Conflict: terminated by other getUpdates request; make sure that only one bot instance is running
2026-03-20 10:50:14,558 - aiogram.dispatcher - WARNING - Sleep for 4.959382 seconds and try again... (tryings = 322, bot id = 7349237883)
2026-03-20 10:50:19,562 - aiogram.dispatcher - ERROR - Failed to fetch updates - TelegramConflictError: Telegram server says - Conflict: terminated by other getUpdates request; make sure that only one bot instance is running
2026-03-20 10:50:19,562 - aiogram.dispatcher - WARNING - Sleep for 5.103381 seconds and try again... (tryings = 322, bot id = 7349237883)
2026-03-20 10:50:24,702 - aiogram.dispatcher - ERROR - Failed to fetch updates - TelegramConflictError: Telegram server says - Conflict: terminated by other getUpdates request; make sure that only one bot instance is running
2026-03-20 10:50:24,702 - aiogram.dispatcher - WARNING - Sleep for 5.060181 seconds and try again... (tryings = 323, bot id = 7349237883)
2026-03-20 10:50:29,810 - aiogram.dispatcher - ERROR - Failed to fetch updates - TelegramConflictError: Telegram server says - Conflict: terminated by other getUpdates request; make sure that only one bot instance is running
2026-03-20 10:50:29,810 - aiogram.dispatcher - WARNING - Sleep for 5.019822 seconds and try again... (tryings = 323, bot id = 7349237883)
2026-03-20 10:50:34,887 - aiogram.dispatcher - ERROR - Failed to fetch updates - TelegramConflictError: Telegram server says - Conflict: terminated by other getUpdates request; make sure that only one bot instance is running
2026-03-20 10:50:34,887 - aiogram.dispatcher - WARNING - Sleep for 4.832855 seconds and try again... (tryings = 324, bot id = 7349237883)
2026-03-20 10:50:39,762 - aiogram.dispatcher - ERROR - Failed to fetch updates - TelegramConflictError: Telegram server says - Conflict: terminated by other getUpdates request; make sure that only one bot instance is running
2026-03-20 10:50:39,762 - aiogram.dispatcher - WARNING - Sleep for 4.847893 seconds and try again... (tryings = 324, bot id = 7349237883)
2026-03-20 10:50:44,648 - aiogram.dispatcher - ERROR - Failed to fetch updates - TelegramConflictError: Telegram server says - Conflict: terminated by other getUpdates request; make sure that only one bot instance is running
2026-03-20 10:50:44,648 - aiogram.dispatcher - WARNING - Sleep for 5.097368 seconds and try again... (tryings = 325, bot id = 7349237883)
2026-03-20 10:50:49,791 - aiogram.dispatcher - ERROR - Failed to fetch updates - TelegramConflictError: Telegram server says - Conflict: terminated by other getUpdates request; make sure that only one bot instance is running
2026-03-20 10:50:49,791 - aiogram.dispatcher - WARNING - Sleep for 4.870363 seconds and try again... (tryings = 325, bot id = 7349237883)
2026-03-20 10:50:54,715 - aiogram.dispatcher - ERROR - Failed to fetch updates - TelegramConflictError: Telegram server says - Conflict: terminated by other getUpdates request; make sure that only one bot instance is running
2026-03-20 10:50:54,715 - aiogram.dispatcher - WARNING - Sleep for 5.045787 seconds and try again... (tryings = 326, bot id = 7349237883)
2026-03-20 10:50:59,817 - aiogram.dispatcher - ERROR - Failed to fetch updates - TelegramConflictError: Telegram server says - Conflict: terminated by other getUpdates request; make sure that only one bot instance is running
2026-03-20 10:50:59,817 - aiogram.dispatcher - WARNING - Sleep for 4.948940 seconds and try again... (tryings = 326, bot id = 7349237883)
2026-03-20 10:51:04,804 - aiogram.dispatcher - ERROR - Failed to fetch updates - TelegramConflictError: Telegram server says - Conflict: terminated by other getUpdates request; make sure that only one bot instance is running
2026-03-20 10:51:04,804 - aiogram.dispatcher - WARNING - Sleep for 5.007387 seconds and try again... (tryings = 327, bot id = 7349237883)
2026-03-20 10:51:09,849 - aiogram.dispatcher - ERROR - Failed to fetch updates - TelegramConflictError: Telegram server says - Conflict: terminated by other getUpdates request; make sure that only one bot instance is running
2026-03-20 10:51:09,849 - aiogram.dispatcher - WARNING - Sleep for 4.947800 seconds and try again... (tryings = 327, bot id = 7349237883)
2026-03-20 10:51:14,837 - aiogram.dispatcher - ERROR - Failed to fetch updates - TelegramConflictError: Telegram server says - Conflict: terminated by other getUpdates request; make sure that only one bot instance is running
2026-03-20 10:51:14,838 - aiogram.dispatcher - WARNING - Sleep for 5.003073 seconds and try again... (tryings = 328, bot id = 7349237883)
2026-03-20 10:51:19,884 - aiogram.dispatcher - ERROR - Failed to fetch updates - TelegramConflictError: Telegram server says - Conflict: terminated by other getUpdates request; make sure that only one bot instance is running
2026-03-20 10:51:19,885 - aiogram.dispatcher - WARNING - Sleep for 5.011674 seconds and try again... (tryings = 328, bot id = 7349237883)
2026-03-20 10:51:24,933 - aiogram.dispatcher - ERROR - Failed to fetch updates - TelegramConflictError: Telegram server says - Conflict: terminated by other getUpdates request; make sure that only one bot instance is running
2026-03-20 10:51:24,933 - aiogram.dispatcher - WARNING - Sleep for 4.904333 seconds and try again... (tryings = 329, bot id = 7349237883)
2026-03-20 10:51:29,887 - aiogram.dispatcher - ERROR - Failed to fetch updates - TelegramConflictError: Telegram server says - Conflict: terminated by other getUpdates request; make sure that only one bot instance is running
2026-03-20 10:51:29,888 - aiogram.dispatcher - WARNING - Sleep for 4.915269 seconds and try again... (tryings = 329, bot id = 7349237883)
2026-03-20 10:51:34,838 - aiogram.dispatcher - ERROR - Failed to fetch updates - TelegramConflictError: Telegram server says - Conflict: terminated by other getUpdates request; make sure that only one bot instance is running
2026-03-20 10:51:34,838 - aiogram.dispatcher - WARNING - Sleep for 4.978451 seconds and try again... (tryings = 330, bot id = 7349237883)
2026-03-20 10:51:39,856 - aiogram.dispatcher - ERROR - Failed to fetch updates - TelegramConflictError: Telegram server says - Conflict: terminated by other getUpdates request; make sure that only one bot instance is running
2026-03-20 10:51:39,857 - aiogram.dispatcher - WARNING - Sleep for 4.901585 seconds and try again... (tryings = 330, bot id = 7349237883)
2026-03-20 10:51:44,799 - aiogram.dispatcher - ERROR - Failed to fetch updates - TelegramConflictError: Telegram server says - Conflict: terminated by other getUpdates request; make sure that only one bot instance is running
2026-03-20 10:51:44,799 - aiogram.dispatcher - WARNING - Sleep for 4.991384 seconds and try again... (tryings = 331, bot id = 7349237883)
2026-03-20 10:51:49,836 - aiogram.dispatcher - ERROR - Failed to fetch updates - TelegramConflictError: Telegram server says - Conflict: terminated by other getUpdates request; make sure that only one bot instance is running
2026-03-20 10:51:49,836 - aiogram.dispatcher - WARNING - Sleep for 4.836845 seconds and try again... (tryings = 331, bot id = 7349237883)
2026-03-20 10:51:54,719 - aiogram.dispatcher - ERROR - Failed to fetch updates - TelegramConflictError: Telegram server says - Conflict: terminated by other getUpdates request; make sure that only one bot instance is running
2026-03-20 10:51:54,720 - aiogram.dispatcher - WARNING - Sleep for 5.160938 seconds and try again... (tryings = 332, bot id = 7349237883)
2026-03-20 10:51:59,926 - aiogram.dispatcher - ERROR - Failed to fetch updates - TelegramConflictError: Telegram server says - Conflict: terminated by other getUpdates request; make sure that only one bot instance is running
2026-03-20 10:51:59,926 - aiogram.dispatcher - WARNING - Sleep for 4.947706 seconds and try again... (tryings = 332, bot id = 7349237883)
2026-03-20 10:52:04,914 - aiogram.dispatcher - ERROR - Failed to fetch updates - TelegramConflictError: Telegram server says - Conflict: terminated by other getUpdates request; make sure that only one bot instance is running
2026-03-20 10:52:04,914 - aiogram.dispatcher - WARNING - Sleep for 4.962083 seconds and try again... (tryings = 333, bot id = 7349237883)
2026-03-20 10:52:09,922 - aiogram.dispatcher - ERROR - Failed to fetch updates - TelegramConflictError: Telegram server says - Conflict: terminated by other getUpdates request; make sure that only one bot instance is running
2026-03-20 10:52:09,923 - aiogram.dispatcher - WARNING - Sleep for 4.935504 seconds and try again... (tryings = 333, bot id = 7349237883)
2026-03-20 10:52:14,901 - aiogram.dispatcher - ERROR - Failed to fetch updates - TelegramConflictError: Telegram server says - Conflict: terminated by other getUpdates request; make sure that only one bot instance is running
2026-03-20 10:52:14,901 - aiogram.dispatcher - WARNING - Sleep for 4.999575 seconds and try again... (tryings = 334, bot id = 7349237883)
2026-03-20 10:52:19,948 - aiogram.dispatcher - ERROR - Failed to fetch updates - TelegramConflictError: Telegram server says - Conflict: terminated by other getUpdates request; make sure that only one bot instance is running
2026-03-20 10:52:19,948 - aiogram.dispatcher - WARNING - Sleep for 4.941757 seconds and try again... (tryings = 334, bot id = 7349237883)
2026-03-20 10:52:24,935 - aiogram.dispatcher - ERROR - Failed to fetch updates - TelegramConflictError: Telegram server says - Conflict: terminated by other getUpdates request; make sure that only one bot instance is running
2026-03-20 10:52:24,936 - aiogram.dispatcher - WARNING - Sleep for 5.075590 seconds and try again... (tryings = 335, bot id = 7349237883)
2026-03-20 10:52:30,050 - aiogram.dispatcher - ERROR - Failed to fetch updates - TelegramConflictError: Telegram server says - Conflict: terminated by other getUpdates request; make sure that only one bot instance is running
2026-03-20 10:52:30,050 - aiogram.dispatcher - WARNING - Sleep for 5.036197 seconds and try again... (tryings = 335, bot id = 7349237883)
2026-03-20 10:52:35,127 - aiogram.dispatcher - ERROR - Failed to fetch updates - TelegramConflictError: Telegram server says - Conflict: terminated by other getUpdates request; make sure that only one bot instance is running
2026-03-20 10:52:35,127 - aiogram.dispatcher - WARNING - Sleep for 4.926689 seconds and try again... (tryings = 336, bot id = 7349237883)
2026-03-20 10:52:40,101 - aiogram.dispatcher - ERROR - Failed to fetch updates - TelegramConflictError: Telegram server says - Conflict: terminated by other getUpdates request; make sure that only one bot instance is running
2026-03-20 10:52:40,101 - aiogram.dispatcher - WARNING - Sleep for 5.032615 seconds and try again... (tryings = 336, bot id = 7349237883)
2026-03-20 10:52:45,169 - aiogram.dispatcher - ERROR - Failed to fetch updates - TelegramConflictError: Telegram server says - Conflict: terminated by other getUpdates request; make sure that only one bot instance is running
2026-03-20 10:52:45,169 - aiogram.dispatcher - WARNING - Sleep for 5.238135 seconds and try again... (tryings = 337, bot id = 7349237883)
2026-03-20 10:52:50,437 - aiogram.dispatcher - ERROR - Failed to fetch updates - TelegramConflictError: Telegram server says - Conflict: terminated by other getUpdates request; make sure that only one bot instance is running
2026-03-20 10:52:50,437 - aiogram.dispatcher - WARNING - Sleep for 5.262528 seconds and try again... (tryings = 337, bot id = 7349237883)
2026-03-20 10:52:55,737 - aiogram.dispatcher - ERROR - Failed to fetch updates - TelegramConflictError: Telegram server says - Conflict: terminated by other getUpdates request; make sure that only one bot instance is running
2026-03-20 10:52:55,737 - aiogram.dispatcher - WARNING - Sleep for 5.210639 seconds and try again... (tryings = 338, bot id = 7349237883)
2026-03-20 10:53:00,996 - aiogram.dispatcher - ERROR - Failed to fetch updates - TelegramConflictError: Telegram server says - Conflict: terminated by other getUpdates request; make sure that only one bot instance is running
2026-03-20 10:53:00,996 - aiogram.dispatcher - WARNING - Sleep for 4.899873 seconds and try again... (tryings = 338, bot id = 7349237883)
2026-03-20 10:53:05,928 - aiogram.dispatcher - ERROR - Failed to fetch updates - TelegramConflictError: Telegram server says - Conflict: terminated by other getUpdates request; make sure that only one bot instance is running
2026-03-20 10:53:05,928 - aiogram.dispatcher - WARNING - Sleep for 5.101144 seconds and try again... (tryings = 339, bot id = 7349237883)
2026-03-20 10:53:11,075 - aiogram.dispatcher - ERROR - Failed to fetch updates - TelegramConflictError: Telegram server says - Conflict: terminated by other getUpdates request; make sure that only one bot instance is running
2026-03-20 10:53:11,075 - aiogram.dispatcher - WARNING - Sleep for 5.100356 seconds and try again... (tryings = 339, bot id = 7349237883)
2026-03-20 10:53:16,221 - aiogram.dispatcher - ERROR - Failed to fetch updates - TelegramConflictError: Telegram server says - Conflict: terminated by other getUpdates request; make sure that only one bot instance is running
2026-03-20 10:53:16,221 - aiogram.dispatcher - WARNING - Sleep for 4.972300 seconds and try again... (tryings = 340, bot id = 7349237883)
2026-03-20 10:53:21,254 - aiogram.dispatcher - ERROR - Failed to fetch updates - TelegramConflictError: Telegram server says - Conflict: terminated by other getUpdates request; make sure that only one bot instance is running
2026-03-20 10:53:21,254 - aiogram.dispatcher - WARNING - Sleep for 5.033894 seconds and try again... (tryings = 340, bot id = 7349237883)
2026-03-20 10:53:26,331 - aiogram.dispatcher - ERROR - Failed to fetch updates - TelegramConflictError: Telegram server says - Conflict: terminated by other getUpdates request; make sure that only one bot instance is running
2026-03-20 10:53:26,332 - aiogram.dispatcher - WARNING - Sleep for 4.960560 seconds and try again... (tryings = 341, bot id = 7349237883)
2026-03-20 10:53:31,338 - aiogram.dispatcher - ERROR - Failed to fetch updates - TelegramConflictError: Telegram server says - Conflict: terminated by other getUpdates request; make sure that only one bot instance is running
2026-03-20 10:53:31,340 - aiogram.dispatcher - WARNING - Sleep for 5.110535 seconds and try again... (tryings = 341, bot id = 7349237883)
2026-03-20 10:53:36,507 - aiogram.dispatcher - ERROR - Failed to fetch updates - TelegramConflictError: Telegram server says - Conflict: terminated by other getUpdates request; make sure that only one bot instance is running
2026-03-20 10:53:36,507 - aiogram.dispatcher - WARNING - Sleep for 5.000399 seconds and try again... (tryings = 342, bot id = 7349237883)
2026-03-20 10:53:41,558 - aiogram.dispatcher - ERROR - Failed to fetch updates - TelegramConflictError: Telegram server says - Conflict: terminated by other getUpdates request; make sure that only one bot instance is running
2026-03-20 10:53:41,558 - aiogram.dispatcher - WARNING - Sleep for 4.986429 seconds and try again... (tryings = 342, bot id = 7349237883)
2026-03-20 10:53:46,694 - aiogram.dispatcher - ERROR - Failed to fetch updates - TelegramConflictError: Telegram server says - Conflict: terminated by other getUpdates request; make sure that only one bot instance is running
2026-03-20 10:53:46,694 - aiogram.dispatcher - WARNING - Sleep for 4.973888 seconds and try again... (tryings = 343, bot id = 7349237883)
2026-03-20 10:53:51,709 - aiogram.dispatcher - ERROR - Failed to fetch updates - TelegramConflictError: Telegram server says - Conflict: terminated by other getUpdates request; make sure that only one bot instance is running
2026-03-20 10:53:51,709 - aiogram.dispatcher - WARNING - Sleep for 5.072297 seconds and try again... (tryings = 343, bot id = 7349237883)
2026-03-20 10:53:56,821 - aiogram.dispatcher - ERROR - Failed to fetch updates - TelegramConflictError: Telegram server says - Conflict: terminated by other getUpdates request; make sure that only one bot instance is running
2026-03-20 10:53:56,821 - aiogram.dispatcher - WARNING - Sleep for 4.992237 seconds and try again... (tryings = 344, bot id = 7349237883)
2026-03-20 10:54:01,864 - aiogram.dispatcher - ERROR - Failed to fetch updates - TelegramConflictError: Telegram server says - Conflict: terminated by other getUpdates request; make sure that only one bot instance is running
2026-03-20 10:54:01,865 - aiogram.dispatcher - WARNING - Sleep for 4.998365 seconds and try again... (tryings = 344, bot id = 7349237883)
2026-03-20 10:54:06,905 - aiogram.dispatcher - ERROR - Failed to fetch updates - TelegramConflictError: Telegram server says - Conflict: terminated by other getUpdates request; make sure that only one bot instance is running
2026-03-20 10:54:06,905 - aiogram.dispatcher - WARNING - Sleep for 5.087476 seconds and try again... (tryings = 345, bot id = 7349237883)
2026-03-20 10:54:12,030 - aiogram.dispatcher - ERROR - Failed to fetch updates - TelegramConflictError: Telegram server says - Conflict: terminated by other getUpdates request; make sure that only one bot instance is running
2026-03-20 10:54:12,030 - aiogram.dispatcher - WARNING - Sleep for 5.166863 seconds and try again... (tryings = 345, bot id = 7349237883)
2026-03-20 10:54:17,232 - aiogram.dispatcher - ERROR - Failed to fetch updates - TelegramConflictError: Telegram server says - Conflict: terminated by other getUpdates request; make sure that only one bot instance is running
2026-03-20 10:54:17,233 - aiogram.dispatcher - WARNING - Sleep for 5.018589 seconds and try again... (tryings = 346, bot id = 7349237883)
2026-03-20 10:54:22,280 - aiogram.dispatcher - ERROR - Failed to fetch updates - TelegramConflictError: Telegram server says - Conflict: terminated by other getUpdates request; make sure that only one bot instance is running
2026-03-20 10:54:22,280 - aiogram.dispatcher - WARNING - Sleep for 5.054667 seconds and try again... (tryings = 346, bot id = 7349237883)
2026-03-20 10:54:27,375 - aiogram.dispatcher - ERROR - Failed to fetch updates - TelegramConflictError: Telegram server says - Conflict: terminated by other getUpdates request; make sure that only one bot instance is running
2026-03-20 10:54:27,375 - aiogram.dispatcher - WARNING - Sleep for 4.825440 seconds and try again... (tryings = 347, bot id = 7349237883)
2026-03-20 10:54:32,243 - aiogram.dispatcher - ERROR - Failed to fetch updates - TelegramConflictError: Telegram server says - Conflict: terminated by other getUpdates request; make sure that only one bot instance is running
2026-03-20 10:54:32,243 - aiogram.dispatcher - WARNING - Sleep for 4.928649 seconds and try again... (tryings = 347, bot id = 7349237883)
2026-03-20 10:54:37,216 - aiogram.dispatcher - ERROR - Failed to fetch updates - TelegramConflictError: Telegram server says - Conflict: terminated by other getUpdates request; make sure that only one bot instance is running
2026-03-20 10:54:37,216 - aiogram.dispatcher - WARNING - Sleep for 4.993393 seconds and try again... (tryings = 348, bot id = 7349237883)
2026-03-20 10:54:42,252 - aiogram.dispatcher - ERROR - Failed to fetch updates - TelegramConflictError: Telegram server says - Conflict: terminated by other getUpdates request; make sure that only one bot instance is running
2026-03-20 10:54:42,253 - aiogram.dispatcher - WARNING - Sleep for 4.957115 seconds and try again... (tryings = 348, bot id = 7349237883)
2026-03-20 10:54:47,245 - aiogram.dispatcher - ERROR - Failed to fetch updates - TelegramConflictError: Telegram server says - Conflict: terminated by other getUpdates request; make sure that only one bot instance is running
2026-03-20 10:54:47,245 - aiogram.dispatcher - WARNING - Sleep for 5.025442 seconds and try again... (tryings = 349, bot id = 7349237883)
2026-03-20 10:54:52,305 - aiogram.dispatcher - ERROR - Failed to fetch updates - TelegramConflictError: Telegram server says - Conflict: terminated by other getUpdates request; make sure that only one bot instance is running
2026-03-20 10:54:52,305 - aiogram.dispatcher - WARNING - Sleep for 5.012332 seconds and try again... (tryings = 349, bot id = 7349237883)
2026-03-20 10:54:57,362 - aiogram.dispatcher - ERROR - Failed to fetch updates - TelegramConflictError: Telegram server says - Conflict: terminated by other getUpdates request; make sure that only one bot instance is running
2026-03-20 10:54:57,362 - aiogram.dispatcher - WARNING - Sleep for 5.012622 seconds and try again... (tryings = 350, bot id = 7349237883)
2026-03-20 10:55:02,464 - aiogram.dispatcher - ERROR - Failed to fetch updates - TelegramConflictError: Telegram server says - Conflict: terminated by other getUpdates request; make sure that only one bot instance is running
2026-03-20 10:55:02,464 - aiogram.dispatcher - WARNING - Sleep for 5.142625 seconds and try again... (tryings = 350, bot id = 7349237883)
2026-03-20 10:55:07,652 - aiogram.dispatcher - ERROR - Failed to fetch updates - TelegramConflictError: Telegram server says - Conflict: terminated by other getUpdates request; make sure that only one bot instance is running
2026-03-20 10:55:07,652 - aiogram.dispatcher - WARNING - Sleep for 5.091999 seconds and try again... (tryings = 351, bot id = 7349237883)
2026-03-20 10:55:12,793 - aiogram.dispatcher - ERROR - Failed to fetch updates - TelegramConflictError: Telegram server says - Conflict: terminated by other getUpdates request; make sure that only one bot instance is running
2026-03-20 10:55:12,793 - aiogram.dispatcher - WARNING - Sleep for 5.021032 seconds and try again... (tryings = 351, bot id = 7349237883)
2026-03-20 10:55:17,858 - aiogram.dispatcher - ERROR - Failed to fetch updates - TelegramConflictError: Telegram server says - Conflict: terminated by other getUpdates request; make sure that only one bot instance is running
2026-03-20 10:55:17,858 - aiogram.dispatcher - WARNING - Sleep for 4.968644 seconds and try again... (tryings = 352, bot id = 7349237883)
2026-03-20 10:55:22,870 - aiogram.dispatcher - ERROR - Failed to fetch updates - TelegramConflictError: Telegram server says - Conflict: terminated by other getUpdates request; make sure that only one bot instance is running
2026-03-20 10:55:22,870 - aiogram.dispatcher - WARNING - Sleep for 4.911655 seconds and try again... (tryings = 352, bot id = 7349237883)
2026-03-20 10:55:27,814 - aiogram.dispatcher - ERROR - Failed to fetch updates - TelegramConflictError: Telegram server says - Conflict: terminated by other getUpdates request; make sure that only one bot instance is running
2026-03-20 10:55:27,815 - aiogram.dispatcher - WARNING - Sleep for 4.867000 seconds and try again... (tryings = 353, bot id = 7349237883)
2026-03-20 10:55:32,725 - aiogram.dispatcher - ERROR - Failed to fetch updates - TelegramConflictError: Telegram server says - Conflict: terminated by other getUpdates request; make sure that only one bot instance is running
2026-03-20 10:55:32,725 - aiogram.dispatcher - WARNING - Sleep for 4.886926 seconds and try again... (tryings = 353, bot id = 7349237883)
2026-03-20 10:55:37,652 - aiogram.dispatcher - ERROR - Failed to fetch updates - TelegramConflictError: Telegram server says - Conflict: terminated by other getUpdates request; make sure that only one bot instance is running
2026-03-20 10:55:37,653 - aiogram.dispatcher - WARNING - Sleep for 4.974970 seconds and try again... (tryings = 354, bot id = 7349237883)
2026-03-20 10:55:42,664 - aiogram.dispatcher - ERROR - Failed to fetch updates - TelegramConflictError: Telegram server says - Conflict: terminated by other getUpdates request; make sure that only one bot instance is running
2026-03-20 10:55:42,664 - aiogram.dispatcher - WARNING - Sleep for 4.880292 seconds and try again... (tryings = 354, bot id = 7349237883)
2026-03-20 10:55:47,583 - aiogram.dispatcher - ERROR - Failed to fetch updates - TelegramConflictError: Telegram server says - Conflict: terminated by other getUpdates request; make sure that only one bot instance is running
2026-03-20 10:55:47,583 - aiogram.dispatcher - WARNING - Sleep for 5.015544 seconds and try again... (tryings = 355, bot id = 7349237883)
2026-03-20 10:55:52,644 - aiogram.dispatcher - ERROR - Failed to fetch updates - TelegramConflictError: Telegram server says - Conflict: terminated by other getUpdates request; make sure that only one bot instance is running
2026-03-20 10:55:52,644 - aiogram.dispatcher - WARNING - Sleep for 5.091944 seconds and try again... (tryings = 355, bot id = 7349237883)
2026-03-20 10:55:57,771 - aiogram.dispatcher - ERROR - Failed to fetch updates - TelegramConflictError: Telegram server says - Conflict: terminated by other getUpdates request; make sure that only one bot instance is running
2026-03-20 10:55:57,771 - aiogram.dispatcher - WARNING - Sleep for 4.866747 seconds and try again... (tryings = 356, bot id = 7349237883)
2026-03-20 10:56:02,681 - aiogram.dispatcher - ERROR - Failed to fetch updates - TelegramConflictError: Telegram server says - Conflict: terminated by other getUpdates request; make sure that only one bot instance is running
2026-03-20 10:56:02,681 - aiogram.dispatcher - WARNING - Sleep for 4.918531 seconds and try again... (tryings = 356, bot id = 7349237883)
2026-03-20 10:56:07,635 - aiogram.dispatcher - ERROR - Failed to fetch updates - TelegramConflictError: Telegram server says - Conflict: terminated by other getUpdates request; make sure that only one bot instance is running
2026-03-20 10:56:07,635 - aiogram.dispatcher - WARNING - Sleep for 4.970162 seconds and try again... (tryings = 357, bot id = 7349237883)
2026-03-20 10:56:12,705 - aiogram.dispatcher - ERROR - Failed to fetch updates - TelegramConflictError: Telegram server says - Conflict: terminated by other getUpdates request; make sure that only one bot instance is running
2026-03-20 10:56:12,706 - aiogram.dispatcher - WARNING - Sleep for 5.059139 seconds and try again... (tryings = 357, bot id = 7349237883)
2026-03-20 10:56:17,808 - aiogram.dispatcher - ERROR - Failed to fetch updates - TelegramConflictError: Telegram server says - Conflict: terminated by other getUpdates request; make sure that only one bot instance is running
2026-03-20 10:56:17,808 - aiogram.dispatcher - WARNING - Sleep for 5.056860 seconds and try again... (tryings = 358, bot id = 7349237883)
2026-03-20 10:56:22,897 - aiogram.dispatcher - ERROR - Failed to fetch updates - TelegramConflictError: Telegram server says - Conflict: terminated by other getUpdates request; make sure that only one bot instance is running
2026-03-20 10:56:22,898 - aiogram.dispatcher - WARNING - Sleep for 4.972655 seconds and try again... (tryings = 358, bot id = 7349237883)
2026-03-20 10:56:27,912 - aiogram.dispatcher - ERROR - Failed to fetch updates - TelegramConflictError: Telegram server says - Conflict: terminated by other getUpdates request; make sure that only one bot instance is running
2026-03-20 10:56:27,913 - aiogram.dispatcher - WARNING - Sleep for 5.081331 seconds and try again... (tryings = 359, bot id = 7349237883)
2026-03-20 10:56:33,042 - aiogram.dispatcher - ERROR - Failed to fetch updates - TelegramConflictError: Telegram server says - Conflict: terminated by other getUpdates request; make sure that only one bot instance is running
2026-03-20 10:56:33,042 - aiogram.dispatcher - WARNING - Sleep for 4.841550 seconds and try again... (tryings = 359, bot id = 7349237883)
2026-03-20 10:56:37,938 - aiogram.dispatcher - ERROR - Failed to fetch updates - TelegramConflictError: Telegram server says - Conflict: terminated by other getUpdates request; make sure that only one bot instance is running
2026-03-20 10:56:37,939 - aiogram.dispatcher - WARNING - Sleep for 5.007722 seconds and try again... (tryings = 360, bot id = 7349237883)
2026-03-20 10:56:43,006 - aiogram.dispatcher - ERROR - Failed to fetch updates - TelegramConflictError: Telegram server says - Conflict: terminated by other getUpdates request; make sure that only one bot instance is running
2026-03-20 10:56:43,006 - aiogram.dispatcher - WARNING - Sleep for 4.951656 seconds and try again... (tryings = 360, bot id = 7349237883)
2026-03-20 10:56:48,004 - aiogram.dispatcher - ERROR - Failed to fetch updates - TelegramConflictError: Telegram server says - Conflict: terminated by other getUpdates request; make sure that only one bot instance is running
2026-03-20 10:56:48,005 - aiogram.dispatcher - WARNING - Sleep for 4.800481 seconds and try again... (tryings = 361, bot id = 7349237883)
2026-03-20 10:56:52,845 - aiogram.dispatcher - ERROR - Failed to fetch updates - TelegramConflictError: Telegram server says - Conflict: terminated by other getUpdates request; make sure that only one bot instance is running
2026-03-20 10:56:52,845 - aiogram.dispatcher - WARNING - Sleep for 5.037279 seconds and try again... (tryings = 361, bot id = 7349237883)
2026-03-20 10:56:57,917 - aiogram.dispatcher - ERROR - Failed to fetch updates - TelegramConflictError: Telegram server says - Conflict: terminated by other getUpdates request; make sure that only one bot instance is running
2026-03-20 10:56:57,918 - aiogram.dispatcher - WARNING - Sleep for 5.132580 seconds and try again... (tryings = 362, bot id = 7349237883)
2026-03-20 10:57:03,093 - aiogram.dispatcher - ERROR - Failed to fetch updates - TelegramConflictError: Telegram server says - Conflict: terminated by other getUpdates request; make sure that only one bot instance is running
2026-03-20 10:57:03,093 - aiogram.dispatcher - WARNING - Sleep for 5.054667 seconds and try again... (tryings = 362, bot id = 7349237883)
2026-03-20 10:57:08,189 - aiogram.dispatcher - ERROR - Failed to fetch updates - TelegramConflictError: Telegram server says - Conflict: terminated by other getUpdates request; make sure that only one bot instance is running
2026-03-20 10:57:08,190 - aiogram.dispatcher - WARNING - Sleep for 5.297470 seconds and try again... (tryings = 363, bot id = 7349237883)
2026-03-20 10:57:13,533 - aiogram.dispatcher - ERROR - Failed to fetch updates - TelegramConflictError: Telegram server says - Conflict: terminated by other getUpdates request; make sure that only one bot instance is running
2026-03-20 10:57:13,533 - aiogram.dispatcher - WARNING - Sleep for 5.066448 seconds and try again... (tryings = 363, bot id = 7349237883)
2026-03-20 10:57:18,641 - aiogram.dispatcher - ERROR - Failed to fetch updates - TelegramConflictError: Telegram server says - Conflict: terminated by other getUpdates request; make sure that only one bot instance is running
2026-03-20 10:57:18,641 - aiogram.dispatcher - WARNING - Sleep for 5.059075 seconds and try again... (tryings = 364, bot id = 7349237883)
2026-03-20 10:57:23,745 - aiogram.dispatcher - ERROR - Failed to fetch updates - TelegramConflictError: Telegram server says - Conflict: terminated by other getUpdates request; make sure that only one bot instance is running
2026-03-20 10:57:23,745 - aiogram.dispatcher - WARNING - Sleep for 4.898311 seconds and try again... (tryings = 364, bot id = 7349237883)
2026-03-20 10:57:28,691 - aiogram.dispatcher - ERROR - Failed to fetch updates - TelegramConflictError: Telegram server says - Conflict: terminated by other getUpdates request; make sure that only one bot instance is running
2026-03-20 10:57:28,691 - aiogram.dispatcher - WARNING - Sleep for 4.887312 seconds and try again... (tryings = 365, bot id = 7349237883)
2026-03-20 10:57:33,624 - aiogram.dispatcher - ERROR - Failed to fetch updates - TelegramConflictError: Telegram server says - Conflict: terminated by other getUpdates request; make sure that only one bot instance is running
2026-03-20 10:57:33,625 - aiogram.dispatcher - WARNING - Sleep for 5.023476 seconds and try again... (tryings = 365, bot id = 7349237883)
2026-03-20 10:57:38,680 - aiogram.dispatcher - ERROR - Failed to fetch updates - TelegramConflictError: Telegram server says - Conflict: terminated by other getUpdates request; make sure that only one bot instance is running
2026-03-20 10:57:38,680 - aiogram.dispatcher - WARNING - Sleep for 5.062751 seconds and try again... (tryings = 366, bot id = 7349237883)
2026-03-20 10:57:43,780 - aiogram.dispatcher - ERROR - Failed to fetch updates - TelegramConflictError: Telegram server says - Conflict: terminated by other getUpdates request; make sure that only one bot instance is running
2026-03-20 10:57:43,781 - aiogram.dispatcher - WARNING - Sleep for 4.791697 seconds and try again... (tryings = 366, bot id = 7349237883)
2026-03-20 10:57:48,610 - aiogram.dispatcher - ERROR - Failed to fetch updates - TelegramConflictError: Telegram server says - Conflict: terminated by other getUpdates request; make sure that only one bot instance is running
2026-03-20 10:57:48,610 - aiogram.dispatcher - WARNING - Sleep for 5.234783 seconds and try again... (tryings = 367, bot id = 7349237883)
2026-03-20 10:57:53,869 - aiogram.dispatcher - ERROR - Failed to fetch updates - TelegramConflictError: Telegram server says - Conflict: terminated by other getUpdates request; make sure that only one bot instance is running
2026-03-20 10:57:53,869 - aiogram.dispatcher - WARNING - Sleep for 5.014455 seconds and try again... (tryings = 367, bot id = 7349237883)
2026-03-20 10:57:58,926 - aiogram.dispatcher - ERROR - Failed to fetch updates - TelegramConflictError: Telegram server says - Conflict: terminated by other getUpdates request; make sure that only one bot instance is running
2026-03-20 10:57:58,927 - aiogram.dispatcher - WARNING - Sleep for 5.055196 seconds and try again... (tryings = 368, bot id = 7349237883)
2026-03-20 10:58:04,022 - aiogram.dispatcher - ERROR - Failed to fetch updates - TelegramConflictError: Telegram server says - Conflict: terminated by other getUpdates request; make sure that only one bot instance is running
2026-03-20 10:58:04,022 - aiogram.dispatcher - WARNING - Sleep for 5.074860 seconds and try again... (tryings = 368, bot id = 7349237883)
2026-03-20 10:58:09,130 - aiogram.dispatcher - ERROR - Failed to fetch updates - TelegramConflictError: Telegram server says - Conflict: terminated by other getUpdates request; make sure that only one bot instance is running
2026-03-20 10:58:09,130 - aiogram.dispatcher - WARNING - Sleep for 4.986905 seconds and try again... (tryings = 369, bot id = 7349237883)
2026-03-20 10:58:14,165 - aiogram.dispatcher - ERROR - Failed to fetch updates - TelegramConflictError: Telegram server says - Conflict: terminated by other getUpdates request; make sure that only one bot instance is running
2026-03-20 10:58:14,165 - aiogram.dispatcher - WARNING - Sleep for 5.085396 seconds and try again... (tryings = 369, bot id = 7349237883)
2026-03-20 10:58:19,296 - aiogram.dispatcher - ERROR - Failed to fetch updates - TelegramConflictError: Telegram server says - Conflict: terminated by other getUpdates request; make sure that only one bot instance is running
2026-03-20 10:58:19,296 - aiogram.dispatcher - WARNING - Sleep for 5.131481 seconds and try again... (tryings = 370, bot id = 7349237883)
2026-03-20 10:58:24,469 - aiogram.dispatcher - ERROR - Failed to fetch updates - TelegramConflictError: Telegram server says - Conflict: terminated by other getUpdates request; make sure that only one bot instance is running
2026-03-20 10:58:24,469 - aiogram.dispatcher - WARNING - Sleep for 5.068421 seconds and try again... (tryings = 370, bot id = 7349237883)
2026-03-20 10:58:29,588 - aiogram.dispatcher - ERROR - Failed to fetch updates - TelegramConflictError: Telegram server says - Conflict: terminated by other getUpdates request; make sure that only one bot instance is running
2026-03-20 10:58:29,588 - aiogram.dispatcher - WARNING - Sleep for 4.970127 seconds and try again... (tryings = 371, bot id = 7349237883)
2026-03-20 10:58:34,601 - aiogram.dispatcher - ERROR - Failed to fetch updates - TelegramConflictError: Telegram server says - Conflict: terminated by other getUpdates request; make sure that only one bot instance is running
2026-03-20 10:58:34,602 - aiogram.dispatcher - WARNING - Sleep for 4.823317 seconds and try again... (tryings = 371, bot id = 7349237883)
2026-03-20 10:58:39,466 - aiogram.dispatcher - ERROR - Failed to fetch updates - TelegramConflictError: Telegram server says - Conflict: terminated by other getUpdates request; make sure that only one bot instance is running
2026-03-20 10:58:39,467 - aiogram.dispatcher - WARNING - Sleep for 4.807681 seconds and try again... (tryings = 372, bot id = 7349237883)
2026-03-20 10:58:44,319 - aiogram.dispatcher - ERROR - Failed to fetch updates - TelegramConflictError: Telegram server says - Conflict: terminated by other getUpdates request; make sure that only one bot instance is running
2026-03-20 10:58:44,320 - aiogram.dispatcher - WARNING - Sleep for 5.065821 seconds and try again... (tryings = 372, bot id = 7349237883)
2026-03-20 10:58:49,435 - aiogram.dispatcher - ERROR - Failed to fetch updates - TelegramConflictError: Telegram server says - Conflict: terminated by other getUpdates request; make sure that only one bot instance is running
2026-03-20 10:58:49,435 - aiogram.dispatcher - WARNING - Sleep for 4.943106 seconds and try again... (tryings = 373, bot id = 7349237883)
2026-03-20 10:58:54,416 - aiogram.dispatcher - ERROR - Failed to fetch updates - TelegramConflictError: Telegram server says - Conflict: terminated by other getUpdates request; make sure that only one bot instance is running
2026-03-20 10:58:54,416 - aiogram.dispatcher - WARNING - Sleep for 5.049830 seconds and try again... (tryings = 373, bot id = 7349237883)
2026-03-20 10:58:59,506 - aiogram.dispatcher - ERROR - Failed to fetch updates - TelegramConflictError: Telegram server says - Conflict: terminated by other getUpdates request; make sure that only one bot instance is running
2026-03-20 10:58:59,507 - aiogram.dispatcher - WARNING - Sleep for 5.032078 seconds and try again... (tryings = 374, bot id = 7349237883)
2026-03-20 10:59:04,597 - aiogram.dispatcher - ERROR - Failed to fetch updates - TelegramConflictError: Telegram server says - Conflict: terminated by other getUpdates request; make sure that only one bot instance is running
2026-03-20 10:59:04,598 - aiogram.dispatcher - WARNING - Sleep for 4.950832 seconds and try again... (tryings = 374, bot id = 7349237883)
2026-03-20 10:59:09,585 - aiogram.dispatcher - ERROR - Failed to fetch updates - TelegramConflictError: Telegram server says - Conflict: terminated by other getUpdates request; make sure that only one bot instance is running
2026-03-20 10:59:09,585 - aiogram.dispatcher - WARNING - Sleep for 5.057096 seconds and try again... (tryings = 375, bot id = 7349237883)
2026-03-20 10:59:14,765 - aiogram.dispatcher - ERROR - Failed to fetch updates - TelegramConflictError: Telegram server says - Conflict: terminated by other getUpdates request; make sure that only one bot instance is running
2026-03-20 10:59:14,765 - aiogram.dispatcher - WARNING - Sleep for 5.060744 seconds and try again... (tryings = 375, bot id = 7349237883)
2026-03-20 10:59:19,859 - aiogram.dispatcher - ERROR - Failed to fetch updates - TelegramConflictError: Telegram server says - Conflict: terminated by other getUpdates request; make sure that only one bot instance is running
2026-03-20 10:59:19,859 - aiogram.dispatcher - WARNING - Sleep for 4.988316 seconds and try again... (tryings = 376, bot id = 7349237883)
2026-03-20 10:59:24,905 - aiogram.dispatcher - ERROR - Failed to fetch updates - TelegramConflictError: Telegram server says - Conflict: terminated by other getUpdates request; make sure that only one bot instance is running
2026-03-20 10:59:24,905 - aiogram.dispatcher - WARNING - Sleep for 5.021321 seconds and try again... (tryings = 376, bot id = 7349237883)
2026-03-20 10:59:29,970 - aiogram.dispatcher - ERROR - Failed to fetch updates - TelegramConflictError: Telegram server says - Conflict: terminated by other getUpdates request; make sure that only one bot instance is running
2026-03-20 10:59:29,970 - aiogram.dispatcher - WARNING - Sleep for 5.019010 seconds and try again... (tryings = 377, bot id = 7349237883)
2026-03-20 10:59:35,039 - aiogram.dispatcher - ERROR - Failed to fetch updates - TelegramConflictError: Telegram server says - Conflict: terminated by other getUpdates request; make sure that only one bot instance is running
2026-03-20 10:59:35,039 - aiogram.dispatcher - WARNING - Sleep for 5.006279 seconds and try again... (tryings = 377, bot id = 7349237883)
2026-03-20 10:59:40,098 - aiogram.dispatcher - ERROR - Failed to fetch updates - TelegramConflictError: Telegram server says - Conflict: terminated by other getUpdates request; make sure that only one bot instance is running
2026-03-20 10:59:40,098 - aiogram.dispatcher - WARNING - Sleep for 5.025468 seconds and try again... (tryings = 378, bot id = 7349237883)
2026-03-20 10:59:45,184 - aiogram.dispatcher - ERROR - Failed to fetch updates - TelegramConflictError: Telegram server says - Conflict: terminated by other getUpdates request; make sure that only one bot instance is running
2026-03-20 10:59:45,184 - aiogram.dispatcher - WARNING - Sleep for 5.007754 seconds and try again... (tryings = 378, bot id = 7349237883)
2026-03-20 10:59:50,230 - aiogram.dispatcher - ERROR - Failed to fetch updates - TelegramConflictError: Telegram server says - Conflict: terminated by other getUpdates request; make sure that only one bot instance is running
2026-03-20 10:59:50,230 - aiogram.dispatcher - WARNING - Sleep for 4.876772 seconds and try again... (tryings = 379, bot id = 7349237883)
2026-03-20 10:59:55,151 - aiogram.dispatcher - ERROR - Failed to fetch updates - TelegramConflictError: Telegram server says - Conflict: terminated by other getUpdates request; make sure that only one bot instance is running
2026-03-20 10:59:55,151 - aiogram.dispatcher - WARNING - Sleep for 5.130256 seconds and try again... (tryings = 379, bot id = 7349237883)
2026-03-20 11:00:00,327 - aiogram.dispatcher - ERROR - Failed to fetch updates - TelegramConflictError: Telegram server says - Conflict: terminated by other getUpdates request; make sure that only one bot instance is running
2026-03-20 11:00:00,327 - aiogram.dispatcher - WARNING - Sleep for 5.132920 seconds and try again... (tryings = 380, bot id = 7349237883)
2026-03-20 11:00:05,499 - aiogram.dispatcher - ERROR - Failed to fetch updates - TelegramConflictError: Telegram server says - Conflict: terminated by other getUpdates request; make sure that only one bot instance is running
2026-03-20 11:00:05,499 - aiogram.dispatcher - WARNING - Sleep for 5.188342 seconds and try again... (tryings = 380, bot id = 7349237883)
2026-03-20 11:00:10,730 - aiogram.dispatcher - ERROR - Failed to fetch updates - TelegramConflictError: Telegram server says - Conflict: terminated by other getUpdates request; make sure that only one bot instance is running
2026-03-20 11:00:10,730 - aiogram.dispatcher - WARNING - Sleep for 5.098862 seconds and try again... (tryings = 381, bot id = 7349237883)
2026-03-20 11:00:15,866 - aiogram.dispatcher - ERROR - Failed to fetch updates - TelegramConflictError: Telegram server says - Conflict: terminated by other getUpdates request; make sure that only one bot instance is running
2026-03-20 11:00:15,867 - aiogram.dispatcher - WARNING - Sleep for 5.037148 seconds and try again... (tryings = 381, bot id = 7349237883)
2026-03-20 11:00:20,950 - aiogram.dispatcher - ERROR - Failed to fetch updates - TelegramConflictError: Telegram server says - Conflict: terminated by other getUpdates request; make sure that only one bot instance is running
2026-03-20 11:00:20,950 - aiogram.dispatcher - WARNING - Sleep for 4.997733 seconds and try again... (tryings = 382, bot id = 7349237883)
2026-03-20 11:00:26,000 - aiogram.dispatcher - ERROR - Failed to fetch updates - TelegramConflictError: Telegram server says - Conflict: terminated by other getUpdates request; make sure that only one bot instance is running
2026-03-20 11:00:26,000 - aiogram.dispatcher - WARNING - Sleep for 4.808355 seconds and try again... (tryings = 382, bot id = 7349237883)
2026-03-20 11:00:30,855 - aiogram.dispatcher - ERROR - Failed to fetch updates - TelegramConflictError: Telegram server says - Conflict: terminated by other getUpdates request; make sure that only one bot instance is running
2026-03-20 11:00:30,855 - aiogram.dispatcher - WARNING - Sleep for 4.999541 seconds and try again... (tryings = 383, bot id = 7349237883)
2026-03-20 11:00:35,889 - aiogram.dispatcher - ERROR - Failed to fetch updates - TelegramConflictError: Telegram server says - Conflict: terminated by other getUpdates request; make sure that only one bot instance is running
2026-03-20 11:00:35,889 - aiogram.dispatcher - WARNING - Sleep for 4.971495 seconds and try again... (tryings = 383, bot id = 7349237883)
2026-03-20 11:00:40,937 - aiogram.dispatcher - ERROR - Failed to fetch updates - TelegramConflictError: Telegram server says - Conflict: terminated by other getUpdates request; make sure that only one bot instance is running
2026-03-20 11:00:40,937 - aiogram.dispatcher - WARNING - Sleep for 4.915960 seconds and try again... (tryings = 384, bot id = 7349237883)
2026-03-20 11:00:45,916 - aiogram.dispatcher - ERROR - Failed to fetch updates - TelegramConflictError: Telegram server says - Conflict: terminated by other getUpdates request; make sure that only one bot instance is running
2026-03-20 11:00:45,916 - aiogram.dispatcher - WARNING - Sleep for 5.023216 seconds and try again... (tryings = 384, bot id = 7349237883)
2026-03-20 11:00:50,982 - aiogram.dispatcher - ERROR - Failed to fetch updates - TelegramConflictError: Telegram server says - Conflict: terminated by other getUpdates request; make sure that only one bot instance is running
2026-03-20 11:00:50,983 - aiogram.dispatcher - WARNING - Sleep for 4.860331 seconds and try again... (tryings = 385, bot id = 7349237883)
2026-03-20 11:00:55,891 - aiogram.dispatcher - ERROR - Failed to fetch updates - TelegramConflictError: Telegram server says - Conflict: terminated by other getUpdates request; make sure that only one bot instance is running
2026-03-20 11:00:55,891 - aiogram.dispatcher - WARNING - Sleep for 5.136037 seconds and try again... (tryings = 385, bot id = 7349237883)
2026-03-20 11:01:01,070 - aiogram.dispatcher - ERROR - Failed to fetch updates - TelegramConflictError: Telegram server says - Conflict: terminated by other getUpdates request; make sure that only one bot instance is running
2026-03-20 11:01:01,070 - aiogram.dispatcher - WARNING - Sleep for 4.948766 seconds and try again... (tryings = 386, bot id = 7349237883)
2026-03-20 11:01:06,075 - aiogram.dispatcher - ERROR - Failed to fetch updates - TelegramConflictError: Telegram server says - Conflict: terminated by other getUpdates request; make sure that only one bot instance is running
2026-03-20 11:01:06,076 - aiogram.dispatcher - WARNING - Sleep for 5.040983 seconds and try again... (tryings = 386, bot id = 7349237883)
2026-03-20 11:01:11,151 - aiogram.dispatcher - ERROR - Failed to fetch updates - TelegramConflictError: Telegram server says - Conflict: terminated by other getUpdates request; make sure that only one bot instance is running
2026-03-20 11:01:11,151 - aiogram.dispatcher - WARNING - Sleep for 4.878796 seconds and try again... (tryings = 387, bot id = 7349237883)
2026-03-20 11:01:16,076 - aiogram.dispatcher - ERROR - Failed to fetch updates - TelegramConflictError: Telegram server says - Conflict: terminated by other getUpdates request; make sure that only one bot instance is running
2026-03-20 11:01:16,076 - aiogram.dispatcher - WARNING - Sleep for 4.948812 seconds and try again... (tryings = 387, bot id = 7349237883)
2026-03-20 11:01:21,112 - aiogram.dispatcher - ERROR - Failed to fetch updates - TelegramConflictError: Telegram server says - Conflict: terminated by other getUpdates request; make sure that only one bot instance is running
2026-03-20 11:01:21,113 - aiogram.dispatcher - WARNING - Sleep for 4.948051 seconds and try again... (tryings = 388, bot id = 7349237883)
2026-03-20 11:01:26,097 - aiogram.dispatcher - ERROR - Failed to fetch updates - TelegramConflictError: Telegram server says - Conflict: terminated by other getUpdates request; make sure that only one bot instance is running
2026-03-20 11:01:26,098 - aiogram.dispatcher - WARNING - Sleep for 5.026934 seconds and try again... (tryings = 388, bot id = 7349237883)
2026-03-20 11:01:31,162 - aiogram.dispatcher - ERROR - Failed to fetch updates - TelegramConflictError: Telegram server says - Conflict: terminated by other getUpdates request; make sure that only one bot instance is running
2026-03-20 11:01:31,162 - aiogram.dispatcher - WARNING - Sleep for 4.862742 seconds and try again... (tryings = 389, bot id = 7349237883)
2026-03-20 11:01:36,059 - aiogram.dispatcher - ERROR - Failed to fetch updates - TelegramConflictError: Telegram server says - Conflict: terminated by other getUpdates request; make sure that only one bot instance is running
2026-03-20 11:01:36,060 - aiogram.dispatcher - WARNING - Sleep for 4.885553 seconds and try again... (tryings = 389, bot id = 7349237883)
2026-03-20 11:01:40,989 - aiogram.dispatcher - ERROR - Failed to fetch updates - TelegramConflictError: Telegram server says - Conflict: terminated by other getUpdates request; make sure that only one bot instance is running
2026-03-20 11:01:40,990 - aiogram.dispatcher - WARNING - Sleep for 4.912202 seconds and try again... (tryings = 390, bot id = 7349237883)
2026-03-20 11:01:45,947 - aiogram.dispatcher - ERROR - Failed to fetch updates - TelegramConflictError: Telegram server says - Conflict: terminated by other getUpdates request; make sure that only one bot instance is running
2026-03-20 11:01:45,948 - aiogram.dispatcher - WARNING - Sleep for 4.957389 seconds and try again... (tryings = 390, bot id = 7349237883)
2026-03-20 11:01:50,947 - aiogram.dispatcher - ERROR - Failed to fetch updates - TelegramConflictError: Telegram server says - Conflict: terminated by other getUpdates request; make sure that only one bot instance is running
2026-03-20 11:01:50,947 - aiogram.dispatcher - WARNING - Sleep for 5.046982 seconds and try again... (tryings = 391, bot id = 7349237883)
2026-03-20 11:01:56,033 - aiogram.dispatcher - ERROR - Failed to fetch updates - TelegramConflictError: Telegram server says - Conflict: terminated by other getUpdates request; make sure that only one bot instance is running
2026-03-20 11:01:56,034 - aiogram.dispatcher - WARNING - Sleep for 5.178807 seconds and try again... (tryings = 391, bot id = 7349237883)
2026-03-20 11:02:01,247 - aiogram.dispatcher - ERROR - Failed to fetch updates - TelegramConflictError: Telegram server says - Conflict: terminated by other getUpdates request; make sure that only one bot instance is running
2026-03-20 11:02:01,247 - aiogram.dispatcher - WARNING - Sleep for 5.015260 seconds and try again... (tryings = 392, bot id = 7349237883)
2026-03-20 11:02:06,315 - aiogram.dispatcher - ERROR - Failed to fetch updates - TelegramConflictError: Telegram server says - Conflict: terminated by other getUpdates request; make sure that only one bot instance is running
2026-03-20 11:02:06,316 - aiogram.dispatcher - WARNING - Sleep for 5.002975 seconds and try again... (tryings = 392, bot id = 7349237883)
2026-03-20 11:02:11,352 - aiogram.dispatcher - ERROR - Failed to fetch updates - TelegramConflictError: Telegram server says - Conflict: terminated by other getUpdates request; make sure that only one bot instance is running
2026-03-20 11:02:11,352 - aiogram.dispatcher - WARNING - Sleep for 5.075624 seconds and try again... (tryings = 393, bot id = 7349237883)
2026-03-20 11:02:16,468 - aiogram.dispatcher - ERROR - Failed to fetch updates - TelegramConflictError: Telegram server says - Conflict: terminated by other getUpdates request; make sure that only one bot instance is running
2026-03-20 11:02:16,468 - aiogram.dispatcher - WARNING - Sleep for 4.957082 seconds and try again... (tryings = 393, bot id = 7349237883)
2026-03-20 11:02:21,464 - aiogram.dispatcher - ERROR - Failed to fetch updates - TelegramConflictError: Telegram server says - Conflict: terminated by other getUpdates request; make sure that only one bot instance is running
2026-03-20 11:02:21,464 - aiogram.dispatcher - WARNING - Sleep for 4.963804 seconds and try again... (tryings = 394, bot id = 7349237883)
2026-03-20 11:02:26,463 - aiogram.dispatcher - ERROR - Failed to fetch updates - TelegramConflictError: Telegram server says - Conflict: terminated by other getUpdates request; make sure that only one bot instance is running
2026-03-20 11:02:26,463 - aiogram.dispatcher - WARNING - Sleep for 5.005240 seconds and try again... (tryings = 394, bot id = 7349237883)
2026-03-20 11:02:31,504 - aiogram.dispatcher - ERROR - Failed to fetch updates - TelegramConflictError: Telegram server says - Conflict: terminated by other getUpdates request; make sure that only one bot instance is running
2026-03-20 11:02:31,505 - aiogram.dispatcher - WARNING - Sleep for 5.046298 seconds and try again... (tryings = 395, bot id = 7349237883)
2026-03-20 11:02:36,600 - aiogram.dispatcher - ERROR - Failed to fetch updates - TelegramConflictError: Telegram server says - Conflict: terminated by other getUpdates request; make sure that only one bot instance is running
2026-03-20 11:02:36,600 - aiogram.dispatcher - WARNING - Sleep for 4.902750 seconds and try again... (tryings = 395, bot id = 7349237883)
2026-03-20 11:02:41,551 - aiogram.dispatcher - ERROR - Failed to fetch updates - TelegramConflictError: Telegram server says - Conflict: terminated by other getUpdates request; make sure that only one bot instance is running
2026-03-20 11:02:41,552 - aiogram.dispatcher - WARNING - Sleep for 5.010677 seconds and try again... (tryings = 396, bot id = 7349237883)
2026-03-20 11:02:46,612 - aiogram.dispatcher - ERROR - Failed to fetch updates - TelegramConflictError: Telegram server says - Conflict: terminated by other getUpdates request; make sure that only one bot instance is running
2026-03-20 11:02:46,612 - aiogram.dispatcher - WARNING - Sleep for 5.009805 seconds and try again... (tryings = 396, bot id = 7349237883)
2026-03-20 11:02:51,643 - aiogram.dispatcher - ERROR - Failed to fetch updates - TelegramConflictError: Telegram server says - Conflict: terminated by other getUpdates request; make sure that only one bot instance is running
2026-03-20 11:02:51,643 - aiogram.dispatcher - WARNING - Sleep for 5.254890 seconds and try again... (tryings = 397, bot id = 7349237883)
2026-03-20 11:02:56,935 - aiogram.dispatcher - ERROR - Failed to fetch updates - TelegramConflictError: Telegram server says - Conflict: terminated by other getUpdates request; make sure that only one bot instance is running
2026-03-20 11:02:56,935 - aiogram.dispatcher - WARNING - Sleep for 4.952138 seconds and try again... (tryings = 397, bot id = 7349237883)
2026-03-20 11:03:01,920 - aiogram.dispatcher - ERROR - Failed to fetch updates - TelegramConflictError: Telegram server says - Conflict: terminated by other getUpdates request; make sure that only one bot instance is running
2026-03-20 11:03:01,920 - aiogram.dispatcher - WARNING - Sleep for 5.163828 seconds and try again... (tryings = 398, bot id = 7349237883)
2026-03-20 11:03:07,129 - aiogram.dispatcher - ERROR - Failed to fetch updates - TelegramConflictError: Telegram server says - Conflict: terminated by other getUpdates request; make sure that only one bot instance is running
2026-03-20 11:03:07,129 - aiogram.dispatcher - WARNING - Sleep for 5.052659 seconds and try again... (tryings = 398, bot id = 7349237883)
2026-03-20 11:03:12,401 - aiogram.dispatcher - ERROR - Failed to fetch updates - TelegramConflictError: Telegram server says - Conflict: terminated by other getUpdates request; make sure that only one bot instance is running
2026-03-20 11:03:12,401 - aiogram.dispatcher - WARNING - Sleep for 4.909815 seconds and try again... (tryings = 399, bot id = 7349237883)
2026-03-20 11:03:17,365 - aiogram.dispatcher - ERROR - Failed to fetch updates - TelegramConflictError: Telegram server says - Conflict: terminated by other getUpdates request; make sure that only one bot instance is running
2026-03-20 11:03:17,365 - aiogram.dispatcher - WARNING - Sleep for 4.991473 seconds and try again... (tryings = 399, bot id = 7349237883)
2026-03-20 11:03:22,404 - aiogram.dispatcher - ERROR - Failed to fetch updates - TelegramConflictError: Telegram server says - Conflict: terminated by other getUpdates request; make sure that only one bot instance is running
2026-03-20 11:03:22,404 - aiogram.dispatcher - WARNING - Sleep for 5.079095 seconds and try again... (tryings = 400, bot id = 7349237883)
2026-03-20 11:03:27,524 - aiogram.dispatcher - ERROR - Failed to fetch updates - TelegramConflictError: Telegram server says - Conflict: terminated by other getUpdates request; make sure that only one bot instance is running
2026-03-20 11:03:27,524 - aiogram.dispatcher - WARNING - Sleep for 4.895369 seconds and try again... (tryings = 400, bot id = 7349237883)
2026-03-20 11:03:32,458 - aiogram.dispatcher - ERROR - Failed to fetch updates - TelegramConflictError: Telegram server says - Conflict: terminated by other getUpdates request; make sure that only one bot instance is running
2026-03-20 11:03:32,458 - aiogram.dispatcher - WARNING - Sleep for 4.914815 seconds and try again... (tryings = 401, bot id = 7349237883)
2026-03-20 11:03:37,424 - aiogram.dispatcher - ERROR - Failed to fetch updates - TelegramConflictError: Telegram server says - Conflict: terminated by other getUpdates request; make sure that only one bot instance is running
2026-03-20 11:03:37,424 - aiogram.dispatcher - WARNING - Sleep for 4.952401 seconds and try again... (tryings = 401, bot id = 7349237883)
2026-03-20 11:03:42,427 - aiogram.dispatcher - ERROR - Failed to fetch updates - TelegramConflictError: Telegram server says - Conflict: terminated by other getUpdates request; make sure that only one bot instance is running
2026-03-20 11:03:42,427 - aiogram.dispatcher - WARNING - Sleep for 5.127158 seconds and try again... (tryings = 402, bot id = 7349237883)
2026-03-20 11:03:47,596 - aiogram.dispatcher - ERROR - Failed to fetch updates - TelegramConflictError: Telegram server says - Conflict: terminated by other getUpdates request; make sure that only one bot instance is running
2026-03-20 11:03:47,598 - aiogram.dispatcher - WARNING - Sleep for 5.108212 seconds and try again... (tryings = 402, bot id = 7349237883)
2026-03-20 11:03:52,750 - aiogram.dispatcher - ERROR - Failed to fetch updates - TelegramConflictError: Telegram server says - Conflict: terminated by other getUpdates request; make sure that only one bot instance is running
2026-03-20 11:03:52,750 - aiogram.dispatcher - WARNING - Sleep for 5.081860 seconds and try again... (tryings = 403, bot id = 7349237883)
2026-03-20 11:03:57,947 - aiogram.dispatcher - ERROR - Failed to fetch updates - TelegramConflictError: Telegram server says - Conflict: terminated by other getUpdates request; make sure that only one bot instance is running
2026-03-20 11:03:57,947 - aiogram.dispatcher - WARNING - Sleep for 5.127359 seconds and try again... (tryings = 403, bot id = 7349237883)
2026-03-20 11:04:03,115 - aiogram.dispatcher - ERROR - Failed to fetch updates - TelegramConflictError: Telegram server says - Conflict: terminated by other getUpdates request; make sure that only one bot instance is running
2026-03-20 11:04:03,115 - aiogram.dispatcher - WARNING - Sleep for 5.118761 seconds and try again... (tryings = 404, bot id = 7349237883)
2026-03-20 11:04:08,283 - aiogram.dispatcher - ERROR - Failed to fetch updates - TelegramConflictError: Telegram server says - Conflict: terminated by other getUpdates request; make sure that only one bot instance is running
2026-03-20 11:04:08,284 - aiogram.dispatcher - WARNING - Sleep for 4.984634 seconds and try again... (tryings = 404, bot id = 7349237883)
2026-03-20 11:04:13,309 - aiogram.dispatcher - ERROR - Failed to fetch updates - TelegramConflictError: Telegram server says - Conflict: terminated by other getUpdates request; make sure that only one bot instance is running
2026-03-20 11:04:13,309 - aiogram.dispatcher - WARNING - Sleep for 5.042493 seconds and try again... (tryings = 405, bot id = 7349237883)
2026-03-20 11:04:18,399 - aiogram.dispatcher - ERROR - Failed to fetch updates - TelegramConflictError: Telegram server says - Conflict: terminated by other getUpdates request; make sure that only one bot instance is running
2026-03-20 11:04:18,399 - aiogram.dispatcher - WARNING - Sleep for 4.957177 seconds and try again... (tryings = 405, bot id = 7349237883)
2026-03-20 11:04:23,407 - aiogram.dispatcher - ERROR - Failed to fetch updates - TelegramConflictError: Telegram server says - Conflict: terminated by other getUpdates request; make sure that only one bot instance is running
2026-03-20 11:04:23,407 - aiogram.dispatcher - WARNING - Sleep for 4.884526 seconds and try again... (tryings = 406, bot id = 7349237883)
2026-03-20 11:04:28,336 - aiogram.dispatcher - ERROR - Failed to fetch updates - TelegramConflictError: Telegram server says - Conflict: terminated by other getUpdates request; make sure that only one bot instance is running
2026-03-20 11:04:28,336 - aiogram.dispatcher - WARNING - Sleep for 5.046794 seconds and try again... (tryings = 406, bot id = 7349237883)
2026-03-20 11:04:33,428 - aiogram.dispatcher - ERROR - Failed to fetch updates - TelegramConflictError: Telegram server says - Conflict: terminated by other getUpdates request; make sure that only one bot instance is running
2026-03-20 11:04:33,428 - aiogram.dispatcher - WARNING - Sleep for 5.095266 seconds and try again... (tryings = 407, bot id = 7349237883)
2026-03-20 11:04:38,573 - aiogram.dispatcher - ERROR - Failed to fetch updates - TelegramConflictError: Telegram server says - Conflict: terminated by other getUpdates request; make sure that only one bot instance is running
2026-03-20 11:04:38,574 - aiogram.dispatcher - WARNING - Sleep for 4.941489 seconds and try again... (tryings = 407, bot id = 7349237883)
2026-03-20 11:04:43,557 - aiogram.dispatcher - ERROR - Failed to fetch updates - TelegramConflictError: Telegram server says - Conflict: terminated by other getUpdates request; make sure that only one bot instance is running
2026-03-20 11:04:43,557 - aiogram.dispatcher - WARNING - Sleep for 4.909304 seconds and try again... (tryings = 408, bot id = 7349237883)
2026-03-20 11:04:48,513 - aiogram.dispatcher - ERROR - Failed to fetch updates - TelegramConflictError: Telegram server says - Conflict: terminated by other getUpdates request; make sure that only one bot instance is running
2026-03-20 11:04:48,513 - aiogram.dispatcher - WARNING - Sleep for 4.871626 seconds and try again... (tryings = 408, bot id = 7349237883)
2026-03-20 11:04:52,909 - aiogram.dispatcher - INFO - Polling stopped for bot @trrrrdbiin_bot id=7349237883 - 'trrrrdbiinbot'
2026-03-20 11:04:52,910 - aiogram.dispatcher - INFO - Polling stopped
2026-03-20 11:04:58,517 - aiogram.dispatcher - INFO - Connection established (tryings = 409, bot id = 7349237883)
2026-03-20 11:04:59,517 - aiogram.event - INFO - Update id=313221955 is handled. Duration 282 ms by bot id=7349237883
2026-03-20 11:10:22,663 - aiogram.dispatcher - INFO - Start polling
2026-03-20 11:10:22,880 - aiogram.dispatcher - INFO - Run polling for bot @trrrrdbiin_bot id=7349237883 - 'trrrrdbiinbot'
2026-03-20 11:10:33,426 - aiogram.event - INFO - Update id=313221956 is handled. Duration 125 ms by bot id=7349237883
2026-03-20 11:11:11,742 - aiogram.event - INFO - Update id=313221957 is handled. Duration 77 ms by bot id=7349237883
2026-03-20 11:11:15,765 - aiogram.event - INFO - Update id=313221958 is handled. Duration 2344 ms by bot id=7349237883
2026-03-20 11:12:16,472 - aiogram.event - INFO - Update id=313221959 is handled. Duration 63 ms by bot id=7349237883
2026-03-20 12:17:48,443 - aiogram.dispatcher - ERROR - Failed to fetch updates - TelegramNetworkError: HTTP Client says - ClientOSError: [WinError 10054] Удаленный хост принудительно разорвал существующее подключение
2026-03-20 12:17:48,475 - aiogram.dispatcher - WARNING - Sleep for 1.000000 seconds and try again... (tryings = 0, bot id = 7349237883)
2026-03-20 12:17:59,867 - aiogram.dispatcher - INFO - Connection established (tryings = 1, bot id = 7349237883)
2026-03-20 12:27:48,072 - aiogram.event - INFO - Update id=313221960 is handled. Duration 40953 ms by bot id=7349237883
2026-03-20 12:36:53,469 - aiogram.dispatcher - INFO - Start polling
2026-03-20 12:36:53,758 - aiogram.dispatcher - INFO - Run polling for bot @trrrrdbiin_bot id=7349237883 - 'trrrrdbiinbot'
2026-03-20 12:36:54,131 - aiogram.event - INFO - Update id=313221961 is handled. Duration 311 ms by bot id=7349237883
2026-03-20 12:36:54,132 - aiogram.event - INFO - Update id=313221962 is handled. Duration 296 ms by bot id=7349237883
2026-03-20 13:08:24,010 - __main__ - ERROR - Review error: 'rejection_idx'
2026-03-20 13:08:24,084 - aiogram.event - INFO - Update id=313221963 is handled. Duration 36672 ms by bot id=7349237883
2026-03-20 13:12:34,629 - aiogram.dispatcher - INFO - Start polling
2026-03-20 13:12:34,803 - aiogram.dispatcher - INFO - Run polling for bot @trrrrdbiin_bot id=7349237883 - 'trrrrdbiinbot'
2026-03-20 13:16:40,776 - __main__ - ERROR - Plot error for PSG/USDT: zero-size array to reduction operation maximum which has no identity
2026-03-20 13:16:40,972 - __main__ - ERROR - Plot error for AVA/USDT: zero-size array to reduction operation maximum which has no identity
2026-03-20 13:16:41,157 - __main__ - ERROR - Plot error for SNX/USDT: zero-size array to reduction operation maximum which has no identity
2026-03-20 13:16:41,368 - aiogram.event - INFO - Update id=313221964 is handled. Duration 237750 ms by bot id=7349237883
2026-03-20 13:18:18,881 - aiogram.dispatcher - INFO - Polling stopped for bot @trrrrdbiin_bot id=7349237883 - 'trrrrdbiinbot'
2026-03-20 13:18:18,890 - aiogram.dispatcher - INFO - Polling stopped
2026-03-20 13:20:51,354 - aiogram.dispatcher - INFO - Start polling
2026-03-20 13:20:51,530 - aiogram.dispatcher - INFO - Run polling for bot @trrrrdbiin_bot id=7349237883 - 'trrrrdbiinbot'
2026-03-20 13:20:55,828 - aiogram.event - INFO - Update id=313221966 is handled. Duration 4250 ms by bot id=7349237883
2026-03-20 13:24:27,769 - aiogram.event - INFO - Update id=313221965 is handled. Duration 216188 ms by bot id=7349237883
2026-03-20 17:42:09,842 - aiogram.event - INFO - Update id=313221967 is handled. Duration 250 ms by bot id=7349237883
2026-03-20 17:45:44,969 - aiogram.event - INFO - Update id=313221968 is handled. Duration 210594 ms by bot id=7349237883
2026-03-20 19:37:38,978 - aiogram.event - INFO - Update id=313221969 is handled. Duration 212046 ms by bot id=7349237883
2026-03-20 21:43:19,492 - trade_manager - INFO - Обнаружено внешнее закрытие для TLM/USDT.
2026-03-20 21:43:20,338 - trade_manager - INFO - Обнаружено внешнее закрытие для SAHARA/USDT.
2026-03-20 22:12:58,334 - aiogram.event - INFO - Update id=313221970 is handled. Duration 223328 ms by bot id=7349237883
2026-03-20 22:39:47,258 - aiogram.dispatcher - INFO - Polling stopped for bot @trrrrdbiin_bot id=7349237883 - 'trrrrdbiinbot'
2026-03-20 22:39:47,272 - aiogram.dispatcher - INFO - Polling stopped
2026-03-20 22:49:08,981 - aiogram.dispatcher - INFO - Start polling
2026-03-20 22:49:09,178 - aiogram.dispatcher - INFO - Run polling for bot @trrrrdbiin_bot id=7349237883 - 'trrrrdbiinbot'
2026-03-20 22:49:09,360 - aiogram.event - INFO - Update id=313221971 is handled. Duration 140 ms by bot id=7349237883
2026-03-21 06:56:56,197 - aiogram.event - INFO - Update id=313221972 is handled. Duration 171 ms by bot id=7349237883
2026-03-21 07:00:40,402 - aiogram.event - INFO - Update id=313221973 is handled. Duration 220594 ms by bot id=7349237883
2026-03-21 09:26:16,503 - aiogram.event - INFO - Update id=313221974 is handled. Duration 204813 ms by bot id=7349237883
2026-03-21 13:32:39,225 - aiogram.event - INFO - Update id=313221975 is handled. Duration 219 ms by bot id=7349237883
2026-03-21 13:34:15,090 - trade_manager - INFO - Обнаружено внешнее закрытие для KGST/USDT.
2026-03-21 13:35:55,846 - aiogram.dispatcher - INFO - Polling stopped for bot @trrrrdbiin_bot id=7349237883 - 'trrrrdbiinbot'
2026-03-21 13:35:55,847 - aiogram.dispatcher - INFO - Polling stopped
2026-03-21 14:41:05,228 - aiogram.dispatcher - INFO - Start polling
2026-03-21 14:41:05,452 - aiogram.dispatcher - INFO - Run polling for bot @trrrrdbiin_bot id=7349237883 - 'trrrrdbiinbot'
2026-03-21 14:56:38,509 - aiogram.event - INFO - Update id=313221976 is handled. Duration 265 ms by bot id=7349237883
2026-03-21 15:56:57,833 - aiogram.event - INFO - Update id=313221977 is handled. Duration 196296 ms by bot id=7349237883
2026-03-21 16:07:21,688 - aiogram.dispatcher - INFO - Polling stopped for bot @trrrrdbiin_bot id=7349237883 - 'trrrrdbiinbot'
2026-03-21 16:07:21,706 - aiogram.dispatcher - INFO - Polling stopped
2026-03-21 16:09:13,584 - aiogram.dispatcher - INFO - Start polling
2026-03-21 16:09:13,836 - aiogram.dispatcher - INFO - Run polling for bot @trrrrdbiin_bot id=7349237883 - 'trrrrdbiinbot'
2026-03-21 16:34:47,510 - aiogram.event - INFO - Update id=313221978 is handled. Duration 453 ms by bot id=7349237883
2026-03-21 16:53:34,098 - aiogram.event - INFO - Update id=313221979 is handled. Duration 202125 ms by bot id=7349237883
2026-03-21 23:36:00,367 - aiogram.event - INFO - Update id=313221980 is handled. Duration 234 ms by bot id=7349237883
2026-03-21 23:39:58,598 - aiogram.event - INFO - Update id=313221981 is handled. Duration 226342 ms by bot id=7349237883
2026-03-22 12:22:56,119 - aiogram.event - INFO - Update id=313221982 is handled. Duration 233 ms by bot id=7349237883
2026-03-22 12:26:23,512 - aiogram.event - INFO - Update id=313221983 is handled. Duration 205438 ms by bot id=7349237883
2026-03-22 21:26:30,532 - aiogram.dispatcher - INFO - Polling stopped for bot @trrrrdbiin_bot id=7349237883 - 'trrrrdbiinbot'
2026-03-22 21:26:30,554 - aiogram.dispatcher - INFO - Polling stopped
2026-03-22 21:45:17,931 - aiogram.dispatcher - INFO - Start polling
2026-03-22 21:45:18,138 - aiogram.dispatcher - INFO - Run polling for bot @trrrrdbiin_bot id=7349237883 - 'trrrrdbiinbot'
2026-03-22 21:45:22,506 - aiogram.dispatcher - ERROR - Failed to fetch updates - TelegramConflictError: Telegram server says - Conflict: terminated by other getUpdates request; make sure that only one bot instance is running
2026-03-22 21:45:22,506 - aiogram.dispatcher - WARNING - Sleep for 1.000000 seconds and try again... (tryings = 0, bot id = 7349237883)
2026-03-22 21:45:27,863 - aiogram.dispatcher - ERROR - Failed to fetch updates - TelegramConflictError: Telegram server says - Conflict: terminated by other getUpdates request; make sure that only one bot instance is running
2026-03-22 21:45:27,863 - aiogram.dispatcher - WARNING - Sleep for 1.270361 seconds and try again... (tryings = 1, bot id = 7349237883)
2026-03-22 21:45:33,793 - aiogram.dispatcher - ERROR - Failed to fetch updates - TelegramConflictError: Telegram server says - Conflict: terminated by other getUpdates request; make sure that only one bot instance is running
2026-03-22 21:45:33,793 - aiogram.dispatcher - WARNING - Sleep for 1.564538 seconds and try again... (tryings = 2, bot id = 7349237883)
2026-03-22 21:45:40,520 - aiogram.dispatcher - ERROR - Failed to fetch updates - TelegramConflictError: Telegram server says - Conflict: terminated by other getUpdates request; make sure that only one bot instance is running
2026-03-22 21:45:40,520 - aiogram.dispatcher - WARNING - Sleep for 2.084644 seconds and try again... (tryings = 3, bot id = 7349237883)
2026-03-22 21:45:48,285 - aiogram.dispatcher - ERROR - Failed to fetch updates - TelegramConflictError: Telegram server says - Conflict: terminated by other getUpdates request; make sure that only one bot instance is running
2026-03-22 21:45:48,286 - aiogram.dispatcher - WARNING - Sleep for 2.848143 seconds and try again... (tryings = 4, bot id = 7349237883)
2026-03-22 21:45:54,623 - aiogram.dispatcher - ERROR - Failed to fetch updates - TelegramConflictError: Telegram server says - Conflict: terminated by other getUpdates request; make sure that only one bot instance is running
2026-03-22 21:45:54,623 - aiogram.dispatcher - WARNING - Sleep for 3.656868 seconds and try again... (tryings = 5, bot id = 7349237883)
2026-03-22 21:46:02,622 - aiogram.dispatcher - ERROR - Failed to fetch updates - TelegramConflictError: Telegram server says - Conflict: terminated by other getUpdates request; make sure that only one bot instance is running
2026-03-22 21:46:02,622 - aiogram.dispatcher - WARNING - Sleep for 4.684566 seconds and try again... (tryings = 6, bot id = 7349237883)
2026-03-22 21:46:12,334 - aiogram.dispatcher - ERROR - Failed to fetch updates - TelegramConflictError: Telegram server says - Conflict: terminated by other getUpdates request; make sure that only one bot instance is running
2026-03-22 21:46:12,334 - aiogram.dispatcher - WARNING - Sleep for 4.955540 seconds and try again... (tryings = 7, bot id = 7349237883)
2026-03-22 21:46:22,429 - aiogram.dispatcher - ERROR - Failed to fetch updates - TelegramConflictError: Telegram server says - Conflict: terminated by other getUpdates request; make sure that only one bot instance is running
2026-03-22 21:46:22,429 - aiogram.dispatcher - WARNING - Sleep for 4.990476 seconds and try again... (tryings = 8, bot id = 7349237883)
2026-03-22 21:46:32,514 - aiogram.dispatcher - ERROR - Failed to fetch updates - TelegramConflictError: Telegram server says - Conflict: terminated by other getUpdates request; make sure that only one bot instance is running
2026-03-22 21:46:32,514 - aiogram.dispatcher - WARNING - Sleep for 4.949370 seconds and try again... (tryings = 9, bot id = 7349237883)
2026-03-22 21:46:42,404 - aiogram.dispatcher - ERROR - Failed to fetch updates - TelegramConflictError: Telegram server says - Conflict: terminated by other getUpdates request; make sure that only one bot instance is running
2026-03-22 21:46:42,405 - aiogram.dispatcher - WARNING - Sleep for 5.087509 seconds and try again... (tryings = 10, bot id = 7349237883)
2026-03-22 21:46:52,717 - aiogram.dispatcher - ERROR - Failed to fetch updates - TelegramConflictError: Telegram server says - Conflict: terminated by other getUpdates request; make sure that only one bot instance is running
2026-03-22 21:46:52,717 - aiogram.dispatcher - WARNING - Sleep for 4.862794 seconds and try again... (tryings = 11, bot id = 7349237883)
2026-03-22 21:47:02,686 - aiogram.dispatcher - ERROR - Failed to fetch updates - TelegramConflictError: Telegram server says - Conflict: terminated by other getUpdates request; make sure that only one bot instance is running
2026-03-22 21:47:02,686 - aiogram.dispatcher - WARNING - Sleep for 5.113796 seconds and try again... (tryings = 12, bot id = 7349237883)
2026-03-22 21:47:12,911 - aiogram.dispatcher - ERROR - Failed to fetch updates - TelegramConflictError: Telegram server says - Conflict: terminated by other getUpdates request; make sure that only one bot instance is running
2026-03-22 21:47:12,912 - aiogram.dispatcher - WARNING - Sleep for 4.922395 seconds and try again... (tryings = 13, bot id = 7349237883)
2026-03-22 21:47:23,013 - aiogram.dispatcher - ERROR - Failed to fetch updates - TelegramConflictError: Telegram server says - Conflict: terminated by other getUpdates request; make sure that only one bot instance is running
2026-03-22 21:47:23,013 - aiogram.dispatcher - WARNING - Sleep for 5.037374 seconds and try again... (tryings = 14, bot id = 7349237883)
2026-03-22 21:47:33,100 - aiogram.dispatcher - ERROR - Failed to fetch updates - TelegramConflictError: Telegram server says - Conflict: terminated by other getUpdates request; make sure that only one bot instance is running
2026-03-22 21:47:33,100 - aiogram.dispatcher - WARNING - Sleep for 4.991183 seconds and try again... (tryings = 15, bot id = 7349237883)
2026-03-22 21:47:43,180 - aiogram.dispatcher - ERROR - Failed to fetch updates - TelegramConflictError: Telegram server says - Conflict: terminated by other getUpdates request; make sure that only one bot instance is running
2026-03-22 21:47:43,180 - aiogram.dispatcher - WARNING - Sleep for 5.055278 seconds and try again... (tryings = 16, bot id = 7349237883)
2026-03-22 21:47:53,492 - aiogram.dispatcher - ERROR - Failed to fetch updates - TelegramConflictError: Telegram server says - Conflict: terminated by other getUpdates request; make sure that only one bot instance is running
2026-03-22 21:47:53,492 - aiogram.dispatcher - WARNING - Sleep for 4.797146 seconds and try again... (tryings = 17, bot id = 7349237883)
2026-03-22 21:48:03,370 - aiogram.dispatcher - ERROR - Failed to fetch updates - TelegramConflictError: Telegram server says - Conflict: terminated by other getUpdates request; make sure that only one bot instance is running
2026-03-22 21:48:03,371 - aiogram.dispatcher - WARNING - Sleep for 5.022892 seconds and try again... (tryings = 18, bot id = 7349237883)
2026-03-22 21:48:13,427 - aiogram.dispatcher - ERROR - Failed to fetch updates - TelegramConflictError: Telegram server says - Conflict: terminated by other getUpdates request; make sure that only one bot instance is running
2026-03-22 21:48:13,427 - aiogram.dispatcher - WARNING - Sleep for 4.975625 seconds and try again... (tryings = 19, bot id = 7349237883)
2026-03-22 21:48:23,667 - aiogram.dispatcher - ERROR - Failed to fetch updates - TelegramConflictError: Telegram server says - Conflict: terminated by other getUpdates request; make sure that only one bot instance is running
2026-03-22 21:48:23,667 - aiogram.dispatcher - WARNING - Sleep for 5.017032 seconds and try again... (tryings = 20, bot id = 7349237883)
2026-03-22 21:48:33,789 - aiogram.dispatcher - ERROR - Failed to fetch updates - TelegramConflictError: Telegram server says - Conflict: terminated by other getUpdates request; make sure that only one bot instance is running
2026-03-22 21:48:33,789 - aiogram.dispatcher - WARNING - Sleep for 4.999020 seconds and try again... (tryings = 21, bot id = 7349237883)
2026-03-22 21:48:44,053 - aiogram.dispatcher - ERROR - Failed to fetch updates - TelegramConflictError: Telegram server says - Conflict: terminated by other getUpdates request; make sure that only one bot instance is running
2026-03-22 21:48:44,053 - aiogram.dispatcher - WARNING - Sleep for 4.926414 seconds and try again... (tryings = 22, bot id = 7349237883)
2026-03-22 21:48:54,167 - aiogram.dispatcher - ERROR - Failed to fetch updates - TelegramConflictError: Telegram server says - Conflict: terminated by other getUpdates request; make sure that only one bot instance is running
2026-03-22 21:48:54,167 - aiogram.dispatcher - WARNING - Sleep for 5.058533 seconds and try again... (tryings = 23, bot id = 7349237883)
2026-03-22 21:49:04,289 - aiogram.dispatcher - ERROR - Failed to fetch updates - TelegramConflictError: Telegram server says - Conflict: terminated by other getUpdates request; make sure that only one bot instance is running
2026-03-22 21:49:04,289 - aiogram.dispatcher - WARNING - Sleep for 5.047294 seconds and try again... (tryings = 24, bot id = 7349237883)
2026-03-22 21:49:14,435 - aiogram.dispatcher - ERROR - Failed to fetch updates - TelegramConflictError: Telegram server says - Conflict: terminated by other getUpdates request; make sure that only one bot instance is running
2026-03-22 21:49:14,436 - aiogram.dispatcher - WARNING - Sleep for 5.093823 seconds and try again... (tryings = 25, bot id = 7349237883)
2026-03-22 21:49:24,554 - aiogram.dispatcher - ERROR - Failed to fetch updates - TelegramConflictError: Telegram server says - Conflict: terminated by other getUpdates request; make sure that only one bot instance is running
2026-03-22 21:49:24,554 - aiogram.dispatcher - WARNING - Sleep for 4.886910 seconds and try again... (tryings = 26, bot id = 7349237883)
2026-03-22 21:49:33,235 - aiogram.dispatcher - ERROR - Failed to fetch updates - TelegramConflictError: Telegram server says - Conflict: terminated by other getUpdates request; make sure that only one bot instance is running
2026-03-22 21:49:33,236 - aiogram.dispatcher - WARNING - Sleep for 5.025675 seconds and try again... (tryings = 27, bot id = 7349237883)
2026-03-22 21:49:42,745 - aiogram.dispatcher - ERROR - Failed to fetch updates - TelegramConflictError: Telegram server says - Conflict: terminated by other getUpdates request; make sure that only one bot instance is running
2026-03-22 21:49:42,745 - aiogram.dispatcher - WARNING - Sleep for 4.844232 seconds and try again... (tryings = 28, bot id = 7349237883)
2026-03-22 21:49:52,500 - aiogram.dispatcher - ERROR - Failed to fetch updates - TelegramConflictError: Telegram server says - Conflict: terminated by other getUpdates request; make sure that only one bot instance is running
2026-03-22 21:49:52,500 - aiogram.dispatcher - WARNING - Sleep for 5.147093 seconds and try again... (tryings = 29, bot id = 7349237883)
2026-03-22 21:50:03,044 - aiogram.dispatcher - ERROR - Failed to fetch updates - TelegramConflictError: Telegram server says - Conflict: terminated by other getUpdates request; make sure that only one bot instance is running
2026-03-22 21:50:03,044 - aiogram.dispatcher - WARNING - Sleep for 5.078665 seconds and try again... (tryings = 30, bot id = 7349237883)
2026-03-22 21:50:14,010 - aiogram.dispatcher - ERROR - Failed to fetch updates - TelegramConflictError: Telegram server says - Conflict: terminated by other getUpdates request; make sure that only one bot instance is running
2026-03-22 21:50:14,010 - aiogram.dispatcher - WARNING - Sleep for 5.066798 seconds and try again... (tryings = 31, bot id = 7349237883)
2026-03-22 21:50:22,802 - aiogram.dispatcher - ERROR - Failed to fetch updates - TelegramConflictError: Telegram server says - Conflict: terminated by other getUpdates request; make sure that only one bot instance is running
2026-03-22 21:50:22,802 - aiogram.dispatcher - WARNING - Sleep for 4.902462 seconds and try again... (tryings = 32, bot id = 7349237883)
2026-03-22 21:50:32,564 - aiogram.dispatcher - ERROR - Failed to fetch updates - TelegramConflictError: Telegram server says - Conflict: terminated by other getUpdates request; make sure that only one bot instance is running
2026-03-22 21:50:32,564 - aiogram.dispatcher - WARNING - Sleep for 5.011433 seconds and try again... (tryings = 33, bot id = 7349237883)
2026-03-22 21:50:42,605 - aiogram.dispatcher - ERROR - Failed to fetch updates - TelegramConflictError: Telegram server says - Conflict: terminated by other getUpdates request; make sure that only one bot instance is running
2026-03-22 21:50:42,605 - aiogram.dispatcher - WARNING - Sleep for 4.958837 seconds and try again... (tryings = 34, bot id = 7349237883)
2026-03-22 21:50:52,494 - aiogram.dispatcher - ERROR - Failed to fetch updates - TelegramConflictError: Telegram server says - Conflict: terminated by other getUpdates request; make sure that only one bot instance is running
2026-03-22 21:50:52,495 - aiogram.dispatcher - WARNING - Sleep for 4.964279 seconds and try again... (tryings = 35, bot id = 7349237883)
2026-03-22 21:51:02,407 - aiogram.dispatcher - ERROR - Failed to fetch updates - TelegramConflictError: Telegram server says - Conflict: terminated by other getUpdates request; make sure that only one bot instance is running
2026-03-22 21:51:02,407 - aiogram.dispatcher - WARNING - Sleep for 4.897239 seconds and try again... (tryings = 36, bot id = 7349237883)
2026-03-22 21:51:12,415 - aiogram.dispatcher - ERROR - Failed to fetch updates - TelegramConflictError: Telegram server says - Conflict: terminated by other getUpdates request; make sure that only one bot instance is running
2026-03-22 21:51:12,416 - aiogram.dispatcher - WARNING - Sleep for 5.167963 seconds and try again... (tryings = 37, bot id = 7349237883)
2026-03-22 21:51:22,584 - aiogram.dispatcher - ERROR - Failed to fetch updates - TelegramConflictError: Telegram server says - Conflict: terminated by other getUpdates request; make sure that only one bot instance is running
2026-03-22 21:51:22,585 - aiogram.dispatcher - WARNING - Sleep for 4.888515 seconds and try again... (tryings = 38, bot id = 7349237883)
2026-03-22 21:51:32,605 - aiogram.dispatcher - ERROR - Failed to fetch updates - TelegramConflictError: Telegram server says - Conflict: terminated by other getUpdates request; make sure that only one bot instance is running
2026-03-22 21:51:32,605 - aiogram.dispatcher - WARNING - Sleep for 5.046562 seconds and try again... (tryings = 39, bot id = 7349237883)
2026-03-22 21:51:42,693 - aiogram.dispatcher - ERROR - Failed to fetch updates - TelegramConflictError: Telegram server says - Conflict: terminated by other getUpdates request; make sure that only one bot instance is running
2026-03-22 21:51:42,693 - aiogram.dispatcher - WARNING - Sleep for 4.833075 seconds and try again... (tryings = 40, bot id = 7349237883)
2026-03-22 21:51:52,736 - aiogram.dispatcher - ERROR - Failed to fetch updates - TelegramConflictError: Telegram server says - Conflict: terminated by other getUpdates request; make sure that only one bot instance is running
2026-03-22 21:51:52,736 - aiogram.dispatcher - WARNING - Sleep for 5.091016 seconds and try again... (tryings = 41, bot id = 7349237883)
2026-03-22 21:52:03,034 - aiogram.dispatcher - ERROR - Failed to fetch updates - TelegramConflictError: Telegram server says - Conflict: terminated by other getUpdates request; make sure that only one bot instance is running
2026-03-22 21:52:03,034 - aiogram.dispatcher - WARNING - Sleep for 4.784812 seconds and try again... (tryings = 42, bot id = 7349237883)
2026-03-22 21:52:12,877 - aiogram.dispatcher - ERROR - Failed to fetch updates - TelegramConflictError: Telegram server says - Conflict: terminated by other getUpdates request; make sure that only one bot instance is running
2026-03-22 21:52:12,877 - aiogram.dispatcher - WARNING - Sleep for 5.010970 seconds and try again... (tryings = 43, bot id = 7349237883)
2026-03-22 21:52:22,968 - aiogram.dispatcher - ERROR - Failed to fetch updates - TelegramConflictError: Telegram server says - Conflict: terminated by other getUpdates request; make sure that only one bot instance is running
2026-03-22 21:52:22,969 - aiogram.dispatcher - WARNING - Sleep for 5.024860 seconds and try again... (tryings = 44, bot id = 7349237883)
2026-03-22 21:52:33,043 - aiogram.dispatcher - ERROR - Failed to fetch updates - TelegramConflictError: Telegram server says - Conflict: terminated by other getUpdates request; make sure that only one bot instance is running
2026-03-22 21:52:33,043 - aiogram.dispatcher - WARNING - Sleep for 5.137492 seconds and try again... (tryings = 45, bot id = 7349237883)
2026-03-22 21:52:43,258 - aiogram.dispatcher - ERROR - Failed to fetch updates - TelegramConflictError: Telegram server says - Conflict: terminated by other getUpdates request; make sure that only one bot instance is running
2026-03-22 21:52:43,258 - aiogram.dispatcher - WARNING - Sleep for 4.974329 seconds and try again... (tryings = 46, bot id = 7349237883)
2026-03-22 21:52:48,290 - aiogram.dispatcher - INFO - Connection established (tryings = 47, bot id = 7349237883)
2026-03-22 21:52:52,995 - aiogram.dispatcher - ERROR - Failed to fetch updates - TelegramConflictError: Telegram server says - Conflict: terminated by other getUpdates request; make sure that only one bot instance is running
2026-03-22 21:52:52,995 - aiogram.dispatcher - WARNING - Sleep for 1.000000 seconds and try again... (tryings = 0, bot id = 7349237883)
2026-03-22 21:52:58,361 - aiogram.dispatcher - ERROR - Failed to fetch updates - TelegramConflictError: Telegram server says - Conflict: terminated by other getUpdates request; make sure that only one bot instance is running
2026-03-22 21:52:58,361 - aiogram.dispatcher - WARNING - Sleep for 1.297200 seconds and try again... (tryings = 1, bot id = 7349237883)
2026-03-22 21:53:04,248 - aiogram.dispatcher - ERROR - Failed to fetch updates - TelegramConflictError: Telegram server says - Conflict: terminated by other getUpdates request; make sure that only one bot instance is running
2026-03-22 21:53:04,249 - aiogram.dispatcher - WARNING - Sleep for 1.859279 seconds and try again... (tryings = 2, bot id = 7349237883)
2026-03-22 21:53:11,074 - aiogram.dispatcher - ERROR - Failed to fetch updates - TelegramConflictError: Telegram server says - Conflict: terminated by other getUpdates request; make sure that only one bot instance is running
2026-03-22 21:53:11,074 - aiogram.dispatcher - WARNING - Sleep for 2.276291 seconds and try again... (tryings = 3, bot id = 7349237883)
2026-03-22 21:53:18,909 - aiogram.dispatcher - ERROR - Failed to fetch updates - TelegramConflictError: Telegram server says - Conflict: terminated by other getUpdates request; make sure that only one bot instance is running
2026-03-22 21:53:18,909 - aiogram.dispatcher - WARNING - Sleep for 3.028800 seconds and try again... (tryings = 4, bot id = 7349237883)
2026-03-22 21:53:25,260 - aiogram.dispatcher - ERROR - Failed to fetch updates - TelegramConflictError: Telegram server says - Conflict: terminated by other getUpdates request; make sure that only one bot instance is running
2026-03-22 21:53:25,260 - aiogram.dispatcher - WARNING - Sleep for 3.797160 seconds and try again... (tryings = 5, bot id = 7349237883)
2026-03-22 21:53:33,435 - aiogram.dispatcher - ERROR - Failed to fetch updates - TelegramConflictError: Telegram server says - Conflict: terminated by other getUpdates request; make sure that only one bot instance is running
2026-03-22 21:53:33,436 - aiogram.dispatcher - WARNING - Sleep for 4.967923 seconds and try again... (tryings = 6, bot id = 7349237883)
2026-03-22 21:53:43,439 - aiogram.dispatcher - ERROR - Failed to fetch updates - TelegramConflictError: Telegram server says - Conflict: terminated by other getUpdates request; make sure that only one bot instance is running
2026-03-22 21:53:43,439 - aiogram.dispatcher - WARNING - Sleep for 4.860943 seconds and try again... (tryings = 7, bot id = 7349237883)
2026-03-22 21:53:53,475 - aiogram.dispatcher - ERROR - Failed to fetch updates - TelegramConflictError: Telegram server says - Conflict: terminated by other getUpdates request; make sure that only one bot instance is running
2026-03-22 21:53:53,475 - aiogram.dispatcher - WARNING - Sleep for 4.811554 seconds and try again... (tryings = 8, bot id = 7349237883)
2026-03-22 21:54:03,533 - aiogram.dispatcher - ERROR - Failed to fetch updates - TelegramConflictError: Telegram server says - Conflict: terminated by other getUpdates request; make sure that only one bot instance is running
2026-03-22 21:54:03,613 - aiogram.dispatcher - WARNING - Sleep for 4.943004 seconds and try again... (tryings = 9, bot id = 7349237883)
2026-03-22 21:54:13,910 - aiogram.dispatcher - ERROR - Failed to fetch updates - TelegramConflictError: Telegram server says - Conflict: terminated by other getUpdates request; make sure that only one bot instance is running
2026-03-22 21:54:13,910 - aiogram.dispatcher - WARNING - Sleep for 4.886885 seconds and try again... (tryings = 10, bot id = 7349237883)
2026-03-22 21:54:23,820 - aiogram.dispatcher - ERROR - Failed to fetch updates - TelegramConflictError: Telegram server says - Conflict: terminated by other getUpdates request; make sure that only one bot instance is running
2026-03-22 21:54:23,820 - aiogram.dispatcher - WARNING - Sleep for 4.798960 seconds and try again... (tryings = 11, bot id = 7349237883)
2026-03-22 21:54:33,823 - aiogram.dispatcher - ERROR - Failed to fetch updates - TelegramConflictError: Telegram server says - Conflict: terminated by other getUpdates request; make sure that only one bot instance is running
2026-03-22 21:54:33,823 - aiogram.dispatcher - WARNING - Sleep for 4.852815 seconds and try again... (tryings = 12, bot id = 7349237883)
2026-03-22 21:54:43,637 - aiogram.dispatcher - ERROR - Failed to fetch updates - TelegramConflictError: Telegram server says - Conflict: terminated by other getUpdates request; make sure that only one bot instance is running
2026-03-22 21:54:43,638 - aiogram.dispatcher - WARNING - Sleep for 4.986077 seconds and try again... (tryings = 13, bot id = 7349237883)
2026-03-22 21:54:53,780 - aiogram.dispatcher - ERROR - Failed to fetch updates - TelegramConflictError: Telegram server says - Conflict: terminated by other getUpdates request; make sure that only one bot instance is running
2026-03-22 21:54:53,781 - aiogram.dispatcher - WARNING - Sleep for 4.966999 seconds and try again... (tryings = 14, bot id = 7349237883)
2026-03-22 21:55:04,381 - aiogram.dispatcher - ERROR - Failed to fetch updates - TelegramConflictError: Telegram server says - Conflict: terminated by other getUpdates request; make sure that only one bot instance is running
2026-03-22 21:55:04,391 - aiogram.dispatcher - WARNING - Sleep for 4.965145 seconds and try again... (tryings = 15, bot id = 7349237883)
2026-03-22 21:55:14,379 - aiogram.dispatcher - ERROR - Failed to fetch updates - TelegramConflictError: Telegram server says - Conflict: terminated by other getUpdates request; make sure that only one bot instance is running
2026-03-22 21:55:14,379 - aiogram.dispatcher - WARNING - Sleep for 5.018495 seconds and try again... (tryings = 16, bot id = 7349237883)
2026-03-22 21:55:24,660 - aiogram.dispatcher - ERROR - Failed to fetch updates - TelegramConflictError: Telegram server says - Conflict: terminated by other getUpdates request; make sure that only one bot instance is running
2026-03-22 21:55:24,661 - aiogram.dispatcher - WARNING - Sleep for 5.104455 seconds and try again... (tryings = 17, bot id = 7349237883)
2026-03-22 21:55:35,168 - aiogram.dispatcher - ERROR - Failed to fetch updates - TelegramConflictError: Telegram server says - Conflict: terminated by other getUpdates request; make sure that only one bot instance is running
2026-03-22 21:55:35,168 - aiogram.dispatcher - WARNING - Sleep for 4.932679 seconds and try again... (tryings = 18, bot id = 7349237883)
2026-03-22 21:55:45,053 - aiogram.dispatcher - ERROR - Failed to fetch updates - TelegramConflictError: Telegram server says - Conflict: terminated by other getUpdates request; make sure that only one bot instance is running
2026-03-22 21:55:45,054 - aiogram.dispatcher - WARNING - Sleep for 4.990416 seconds and try again... (tryings = 19, bot id = 7349237883)
2026-03-22 21:55:55,146 - aiogram.dispatcher - ERROR - Failed to fetch updates - TelegramConflictError: Telegram server says - Conflict: terminated by other getUpdates request; make sure that only one bot instance is running
2026-03-22 21:55:55,146 - aiogram.dispatcher - WARNING - Sleep for 4.808290 seconds and try again... (tryings = 20, bot id = 7349237883)
2026-03-22 21:56:05,160 - aiogram.dispatcher - ERROR - Failed to fetch updates - TelegramConflictError: Telegram server says - Conflict: terminated by other getUpdates request; make sure that only one bot instance is running
2026-03-22 21:56:05,161 - aiogram.dispatcher - WARNING - Sleep for 5.139599 seconds and try again... (tryings = 21, bot id = 7349237883)
2026-03-22 21:56:15,397 - aiogram.dispatcher - ERROR - Failed to fetch updates - TelegramConflictError: Telegram server says - Conflict: terminated by other getUpdates request; make sure that only one bot instance is running
2026-03-22 21:56:15,397 - aiogram.dispatcher - WARNING - Sleep for 4.979621 seconds and try again... (tryings = 22, bot id = 7349237883)
2026-03-22 21:56:24,080 - aiogram.event - INFO - Update id=313221985 is handled. Duration 215782 ms by bot id=7349237883
2026-03-22 21:56:25,356 - aiogram.dispatcher - ERROR - Failed to fetch updates - TelegramConflictError: Telegram server says - Conflict: terminated by other getUpdates request; make sure that only one bot instance is running
2026-03-22 21:56:25,356 - aiogram.dispatcher - WARNING - Sleep for 5.021414 seconds and try again... (tryings = 23, bot id = 7349237883)
2026-03-22 21:56:35,535 - aiogram.dispatcher - ERROR - Failed to fetch updates - TelegramConflictError: Telegram server says - Conflict: terminated by other getUpdates request; make sure that only one bot instance is running
2026-03-22 21:56:35,536 - aiogram.dispatcher - WARNING - Sleep for 5.032637 seconds and try again... (tryings = 24, bot id = 7349237883)
2026-03-22 21:56:45,438 - aiogram.dispatcher - ERROR - Failed to fetch updates - TelegramConflictError: Telegram server says - Conflict: terminated by other getUpdates request; make sure that only one bot instance is running
2026-03-22 21:56:45,438 - aiogram.dispatcher - WARNING - Sleep for 4.957448 seconds and try again... (tryings = 25, bot id = 7349237883)
2026-03-22 21:56:55,467 - aiogram.dispatcher - ERROR - Failed to fetch updates - TelegramConflictError: Telegram server says - Conflict: terminated by other getUpdates request; make sure that only one bot instance is running
2026-03-22 21:56:55,467 - aiogram.dispatcher - WARNING - Sleep for 5.064291 seconds and try again... (tryings = 26, bot id = 7349237883)
2026-03-22 21:57:05,638 - aiogram.dispatcher - ERROR - Failed to fetch updates - TelegramConflictError: Telegram server says - Conflict: terminated by other getUpdates request; make sure that only one bot instance is running
2026-03-22 21:57:05,638 - aiogram.dispatcher - WARNING - Sleep for 5.003328 seconds and try again... (tryings = 27, bot id = 7349237883)
2026-03-22 21:57:15,682 - aiogram.dispatcher - ERROR - Failed to fetch updates - TelegramConflictError: Telegram server says - Conflict: terminated by other getUpdates request; make sure that only one bot instance is running
2026-03-22 21:57:15,682 - aiogram.dispatcher - WARNING - Sleep for 4.846468 seconds and try again... (tryings = 28, bot id = 7349237883)
2026-03-22 21:57:25,588 - aiogram.dispatcher - ERROR - Failed to fetch updates - TelegramConflictError: Telegram server says - Conflict: terminated by other getUpdates request; make sure that only one bot instance is running
2026-03-22 21:57:25,588 - aiogram.dispatcher - WARNING - Sleep for 4.844053 seconds and try again... (tryings = 29, bot id = 7349237883)
2026-03-22 21:57:35,484 - aiogram.dispatcher - ERROR - Failed to fetch updates - TelegramConflictError: Telegram server says - Conflict: terminated by other getUpdates request; make sure that only one bot instance is running
2026-03-22 21:57:35,484 - aiogram.dispatcher - WARNING - Sleep for 4.977656 seconds and try again... (tryings = 30, bot id = 7349237883)
2026-03-22 21:57:45,477 - aiogram.dispatcher - ERROR - Failed to fetch updates - TelegramConflictError: Telegram server says - Conflict: terminated by other getUpdates request; make sure that only one bot instance is running
2026-03-22 21:57:45,478 - aiogram.dispatcher - WARNING - Sleep for 5.035851 seconds and try again... (tryings = 31, bot id = 7349237883)
2026-03-22 21:57:55,735 - aiogram.dispatcher - ERROR - Failed to fetch updates - TelegramConflictError: Telegram server says - Conflict: terminated by other getUpdates request; make sure that only one bot instance is running
2026-03-22 21:57:55,736 - aiogram.dispatcher - WARNING - Sleep for 4.933253 seconds and try again... (tryings = 32, bot id = 7349237883)
2026-03-22 21:58:05,723 - aiogram.dispatcher - ERROR - Failed to fetch updates - TelegramConflictError: Telegram server says - Conflict: terminated by other getUpdates request; make sure that only one bot instance is running
2026-03-22 21:58:05,723 - aiogram.dispatcher - WARNING - Sleep for 5.096678 seconds and try again... (tryings = 33, bot id = 7349237883)
2026-03-22 21:58:16,075 - aiogram.dispatcher - ERROR - Failed to fetch updates - TelegramConflictError: Telegram server says - Conflict: terminated by other getUpdates request; make sure that only one bot instance is running
2026-03-22 21:58:16,075 - aiogram.dispatcher - WARNING - Sleep for 4.938518 seconds and try again... (tryings = 34, bot id = 7349237883)
2026-03-22 21:58:26,180 - aiogram.dispatcher - ERROR - Failed to fetch updates - TelegramConflictError: Telegram server says - Conflict: terminated by other getUpdates request; make sure that only one bot instance is running
2026-03-22 21:58:26,180 - aiogram.dispatcher - WARNING - Sleep for 4.931794 seconds and try again... (tryings = 35, bot id = 7349237883)
2026-03-22 21:58:36,145 - aiogram.dispatcher - ERROR - Failed to fetch updates - TelegramConflictError: Telegram server says - Conflict: terminated by other getUpdates request; make sure that only one bot instance is running
2026-03-22 21:58:36,145 - aiogram.dispatcher - WARNING - Sleep for 4.958973 seconds and try again... (tryings = 36, bot id = 7349237883)
2026-03-22 21:58:46,114 - aiogram.dispatcher - ERROR - Failed to fetch updates - TelegramConflictError: Telegram server says - Conflict: terminated by other getUpdates request; make sure that only one bot instance is running
2026-03-22 21:58:46,114 - aiogram.dispatcher - WARNING - Sleep for 5.010729 seconds and try again... (tryings = 37, bot id = 7349237883)
2026-03-22 21:58:56,316 - aiogram.dispatcher - ERROR - Failed to fetch updates - TelegramConflictError: Telegram server says - Conflict: terminated by other getUpdates request; make sure that only one bot instance is running
2026-03-22 21:58:56,317 - aiogram.dispatcher - WARNING - Sleep for 4.897807 seconds and try again... (tryings = 38, bot id = 7349237883)
2026-03-22 21:59:06,211 - aiogram.dispatcher - ERROR - Failed to fetch updates - TelegramConflictError: Telegram server says - Conflict: terminated by other getUpdates request; make sure that only one bot instance is running
2026-03-22 21:59:06,211 - aiogram.dispatcher - WARNING - Sleep for 5.040388 seconds and try again... (tryings = 39, bot id = 7349237883)
2026-03-22 21:59:15,333 - aiogram.dispatcher - ERROR - Failed to fetch updates - TelegramConflictError: Telegram server says - Conflict: terminated by other getUpdates request; make sure that only one bot instance is running
2026-03-22 21:59:15,335 - aiogram.dispatcher - WARNING - Sleep for 4.858542 seconds and try again... (tryings = 40, bot id = 7349237883)
2026-03-22 21:59:24,605 - aiogram.dispatcher - ERROR - Failed to fetch updates - TelegramConflictError: Telegram server says - Conflict: terminated by other getUpdates request; make sure that only one bot instance is running
2026-03-22 21:59:24,606 - aiogram.dispatcher - WARNING - Sleep for 4.960656 seconds and try again... (tryings = 41, bot id = 7349237883)
2026-03-22 21:59:34,319 - aiogram.dispatcher - ERROR - Failed to fetch updates - TelegramConflictError: Telegram server says - Conflict: terminated by other getUpdates request; make sure that only one bot instance is running
2026-03-22 21:59:34,319 - aiogram.dispatcher - WARNING - Sleep for 4.903244 seconds and try again... (tryings = 42, bot id = 7349237883)
2026-03-22 21:59:44,414 - aiogram.dispatcher - ERROR - Failed to fetch updates - TelegramConflictError: Telegram server says - Conflict: terminated by other getUpdates request; make sure that only one bot instance is running
2026-03-22 21:59:44,415 - aiogram.dispatcher - WARNING - Sleep for 4.860513 seconds and try again... (tryings = 43, bot id = 7349237883)
2026-03-22 21:59:55,035 - aiogram.dispatcher - ERROR - Failed to fetch updates - TelegramConflictError: Telegram server says - Conflict: terminated by other getUpdates request; make sure that only one bot instance is running
2026-03-22 21:59:55,035 - aiogram.dispatcher - WARNING - Sleep for 4.972561 seconds and try again... (tryings = 44, bot id = 7349237883)
2026-03-22 22:00:03,621 - aiogram.dispatcher - ERROR - Failed to fetch updates - TelegramConflictError: Telegram server says - Conflict: terminated by other getUpdates request; make sure that only one bot instance is running
2026-03-22 22:00:03,621 - aiogram.dispatcher - WARNING - Sleep for 5.032517 seconds and try again... (tryings = 45, bot id = 7349237883)
2026-03-22 22:00:13,394 - aiogram.dispatcher - ERROR - Failed to fetch updates - TelegramConflictError: Telegram server says - Conflict: terminated by other getUpdates request; make sure that only one bot instance is running
2026-03-22 22:00:13,394 - aiogram.dispatcher - WARNING - Sleep for 5.210235 seconds and try again... (tryings = 46, bot id = 7349237883)
2026-03-22 22:00:23,772 - aiogram.dispatcher - ERROR - Failed to fetch updates - TelegramConflictError: Telegram server says - Conflict: terminated by other getUpdates request; make sure that only one bot instance is running
2026-03-22 22:00:23,772 - aiogram.dispatcher - WARNING - Sleep for 5.247598 seconds and try again... (tryings = 47, bot id = 7349237883)
2026-03-22 22:00:34,000 - aiogram.dispatcher - ERROR - Failed to fetch updates - TelegramConflictError: Telegram server says - Conflict: terminated by other getUpdates request; make sure that only one bot instance is running
2026-03-22 22:00:34,000 - aiogram.dispatcher - WARNING - Sleep for 5.095737 seconds and try again... (tryings = 48, bot id = 7349237883)
2026-03-22 22:00:44,295 - aiogram.dispatcher - ERROR - Failed to fetch updates - TelegramConflictError: Telegram server says - Conflict: terminated by other getUpdates request; make sure that only one bot instance is running
2026-03-22 22:00:44,295 - aiogram.dispatcher - WARNING - Sleep for 4.826848 seconds and try again... (tryings = 49, bot id = 7349237883)
2026-03-22 22:00:54,250 - aiogram.dispatcher - ERROR - Failed to fetch updates - TelegramConflictError: Telegram server says - Conflict: terminated by other getUpdates request; make sure that only one bot instance is running
2026-03-22 22:00:54,251 - aiogram.dispatcher - WARNING - Sleep for 4.916751 seconds and try again... (tryings = 50, bot id = 7349237883)
2026-03-22 22:01:04,336 - aiogram.dispatcher - ERROR - Failed to fetch updates - TelegramConflictError: Telegram server says - Conflict: terminated by other getUpdates request; make sure that only one bot instance is running
2026-03-22 22:01:04,336 - aiogram.dispatcher - WARNING - Sleep for 5.071713 seconds and try again... (tryings = 51, bot id = 7349237883)
2026-03-22 22:01:14,490 - aiogram.dispatcher - ERROR - Failed to fetch updates - TelegramConflictError: Telegram server says - Conflict: terminated by other getUpdates request; make sure that only one bot instance is running
2026-03-22 22:01:14,490 - aiogram.dispatcher - WARNING - Sleep for 4.944611 seconds and try again... (tryings = 52, bot id = 7349237883)
2026-03-22 22:01:24,472 - aiogram.dispatcher - ERROR - Failed to fetch updates - TelegramConflictError: Telegram server says - Conflict: terminated by other getUpdates request; make sure that only one bot instance is running
2026-03-22 22:01:24,472 - aiogram.dispatcher - WARNING - Sleep for 5.059268 seconds and try again... (tryings = 53, bot id = 7349237883)
2026-03-22 22:01:34,611 - aiogram.dispatcher - ERROR - Failed to fetch updates - TelegramConflictError: Telegram server says - Conflict: terminated by other getUpdates request; make sure that only one bot instance is running
2026-03-22 22:01:34,611 - aiogram.dispatcher - WARNING - Sleep for 5.000714 seconds and try again... (tryings = 54, bot id = 7349237883)
2026-03-22 22:01:44,742 - aiogram.dispatcher - ERROR - Failed to fetch updates - TelegramConflictError: Telegram server says - Conflict: terminated by other getUpdates request; make sure that only one bot instance is running
2026-03-22 22:01:44,742 - aiogram.dispatcher - WARNING - Sleep for 4.911110 seconds and try again... (tryings = 55, bot id = 7349237883)
2026-03-22 22:01:54,603 - aiogram.dispatcher - ERROR - Failed to fetch updates - TelegramConflictError: Telegram server says - Conflict: terminated by other getUpdates request; make sure that only one bot instance is running
2026-03-22 22:01:54,603 - aiogram.dispatcher - WARNING - Sleep for 5.049211 seconds and try again... (tryings = 56, bot id = 7349237883)
2026-03-22 22:02:04,731 - aiogram.dispatcher - ERROR - Failed to fetch updates - TelegramConflictError: Telegram server says - Conflict: terminated by other getUpdates request; make sure that only one bot instance is running
2026-03-22 22:02:04,731 - aiogram.dispatcher - WARNING - Sleep for 5.061780 seconds and try again... (tryings = 57, bot id = 7349237883)
2026-03-22 22:02:15,094 - aiogram.dispatcher - ERROR - Failed to fetch updates - TelegramConflictError: Telegram server says - Conflict: terminated by other getUpdates request; make sure that only one bot instance is running
2026-03-22 22:02:15,094 - aiogram.dispatcher - WARNING - Sleep for 4.972141 seconds and try again... (tryings = 58, bot id = 7349237883)
2026-03-22 22:02:25,163 - aiogram.dispatcher - ERROR - Failed to fetch updates - TelegramConflictError: Telegram server says - Conflict: terminated by other getUpdates request; make sure that only one bot instance is running
2026-03-22 22:02:25,163 - aiogram.dispatcher - WARNING - Sleep for 5.000106 seconds and try again... (tryings = 59, bot id = 7349237883)
2026-03-22 22:02:35,322 - aiogram.dispatcher - ERROR - Failed to fetch updates - TelegramConflictError: Telegram server says - Conflict: terminated by other getUpdates request; make sure that only one bot instance is running
2026-03-22 22:02:35,322 - aiogram.dispatcher - WARNING - Sleep for 4.975473 seconds and try again... (tryings = 60, bot id = 7349237883)
2026-03-22 22:02:45,338 - aiogram.dispatcher - ERROR - Failed to fetch updates - TelegramConflictError: Telegram server says - Conflict: terminated by other getUpdates request; make sure that only one bot instance is running
2026-03-22 22:02:45,338 - aiogram.dispatcher - WARNING - Sleep for 4.941766 seconds and try again... (tryings = 61, bot id = 7349237883)
2026-03-22 22:02:55,563 - aiogram.dispatcher - ERROR - Failed to fetch updates - TelegramConflictError: Telegram server says - Conflict: terminated by other getUpdates request; make sure that only one bot instance is running
2026-03-22 22:02:55,563 - aiogram.dispatcher - WARNING - Sleep for 5.004389 seconds and try again... (tryings = 62, bot id = 7349237883)
2026-03-22 22:03:05,483 - aiogram.dispatcher - ERROR - Failed to fetch updates - TelegramConflictError: Telegram server says - Conflict: terminated by other getUpdates request; make sure that only one bot instance is running
2026-03-22 22:03:05,483 - aiogram.dispatcher - WARNING - Sleep for 4.977441 seconds and try again... (tryings = 63, bot id = 7349237883)
2026-03-22 22:03:15,458 - aiogram.dispatcher - ERROR - Failed to fetch updates - TelegramConflictError: Telegram server says - Conflict: terminated by other getUpdates request; make sure that only one bot instance is running
2026-03-22 22:03:15,459 - aiogram.dispatcher - WARNING - Sleep for 4.992379 seconds and try again... (tryings = 64, bot id = 7349237883)
2026-03-22 22:03:25,433 - aiogram.dispatcher - ERROR - Failed to fetch updates - TelegramConflictError: Telegram server says - Conflict: terminated by other getUpdates request; make sure that only one bot instance is running
2026-03-22 22:03:25,434 - aiogram.dispatcher - WARNING - Sleep for 5.192901 seconds and try again... (tryings = 65, bot id = 7349237883)
2026-03-22 22:03:35,761 - aiogram.dispatcher - ERROR - Failed to fetch updates - TelegramConflictError: Telegram server says - Conflict: terminated by other getUpdates request; make sure that only one bot instance is running
2026-03-22 22:03:35,762 - aiogram.dispatcher - WARNING - Sleep for 4.871955 seconds and try again... (tryings = 66, bot id = 7349237883)
2026-03-22 22:03:45,643 - aiogram.dispatcher - ERROR - Failed to fetch updates - TelegramConflictError: Telegram server says - Conflict: terminated by other getUpdates request; make sure that only one bot instance is running
2026-03-22 22:03:45,643 - aiogram.dispatcher - WARNING - Sleep for 5.030115 seconds and try again... (tryings = 67, bot id = 7349237883)
2026-03-22 22:03:55,854 - aiogram.dispatcher - ERROR - Failed to fetch updates - TelegramConflictError: Telegram server says - Conflict: terminated by other getUpdates request; make sure that only one bot instance is running
2026-03-22 22:03:55,854 - aiogram.dispatcher - WARNING - Sleep for 4.993395 seconds and try again... (tryings = 68, bot id = 7349237883)
2026-03-22 22:04:06,138 - aiogram.dispatcher - ERROR - Failed to fetch updates - TelegramConflictError: Telegram server says - Conflict: terminated by other getUpdates request; make sure that only one bot instance is running
2026-03-22 22:04:06,140 - aiogram.dispatcher - WARNING - Sleep for 4.865136 seconds and try again... (tryings = 69, bot id = 7349237883)
2026-03-22 22:04:16,176 - aiogram.dispatcher - ERROR - Failed to fetch updates - TelegramConflictError: Telegram server says - Conflict: terminated by other getUpdates request; make sure that only one bot instance is running
2026-03-22 22:04:16,179 - aiogram.dispatcher - WARNING - Sleep for 5.090866 seconds and try again... (tryings = 70, bot id = 7349237883)
2026-03-22 22:04:26,219 - aiogram.dispatcher - ERROR - Failed to fetch updates - TelegramConflictError: Telegram server says - Conflict: terminated by other getUpdates request; make sure that only one bot instance is running
2026-03-22 22:04:26,220 - aiogram.dispatcher - WARNING - Sleep for 4.966549 seconds and try again... (tryings = 71, bot id = 7349237883)
2026-03-22 22:04:36,404 - aiogram.dispatcher - ERROR - Failed to fetch updates - TelegramConflictError: Telegram server says - Conflict: terminated by other getUpdates request; make sure that only one bot instance is running
2026-03-22 22:04:36,404 - aiogram.dispatcher - WARNING - Sleep for 4.943603 seconds and try again... (tryings = 72, bot id = 7349237883)
2026-03-22 22:04:46,391 - aiogram.dispatcher - ERROR - Failed to fetch updates - TelegramConflictError: Telegram server says - Conflict: terminated by other getUpdates request; make sure that only one bot instance is running
2026-03-22 22:04:46,391 - aiogram.dispatcher - WARNING - Sleep for 5.007094 seconds and try again... (tryings = 73, bot id = 7349237883)
2026-03-22 22:04:56,493 - aiogram.dispatcher - ERROR - Failed to fetch updates - TelegramConflictError: Telegram server says - Conflict: terminated by other getUpdates request; make sure that only one bot instance is running
2026-03-22 22:04:56,493 - aiogram.dispatcher - WARNING - Sleep for 4.916445 seconds and try again... (tryings = 74, bot id = 7349237883)
2026-03-22 22:05:06,450 - aiogram.dispatcher - ERROR - Failed to fetch updates - TelegramConflictError: Telegram server says - Conflict: terminated by other getUpdates request; make sure that only one bot instance is running
2026-03-22 22:05:06,450 - aiogram.dispatcher - WARNING - Sleep for 5.065342 seconds and try again... (tryings = 75, bot id = 7349237883)
2026-03-22 22:05:16,713 - aiogram.dispatcher - ERROR - Failed to fetch updates - TelegramConflictError: Telegram server says - Conflict: terminated by other getUpdates request; make sure that only one bot instance is running
2026-03-22 22:05:16,713 - aiogram.dispatcher - WARNING - Sleep for 5.173439 seconds and try again... (tryings = 76, bot id = 7349237883)
2026-03-22 22:05:26,905 - aiogram.dispatcher - ERROR - Failed to fetch updates - TelegramConflictError: Telegram server says - Conflict: terminated by other getUpdates request; make sure that only one bot instance is running
2026-03-22 22:05:26,905 - aiogram.dispatcher - WARNING - Sleep for 4.966196 seconds and try again... (tryings = 77, bot id = 7349237883)
2026-03-22 22:05:36,804 - aiogram.dispatcher - ERROR - Failed to fetch updates - TelegramConflictError: Telegram server says - Conflict: terminated by other getUpdates request; make sure that only one bot instance is running
2026-03-22 22:05:36,804 - aiogram.dispatcher - WARNING - Sleep for 5.082263 seconds and try again... (tryings = 78, bot id = 7349237883)
2026-03-22 22:05:46,855 - aiogram.dispatcher - ERROR - Failed to fetch updates - TelegramConflictError: Telegram server says - Conflict: terminated by other getUpdates request; make sure that only one bot instance is running
2026-03-22 22:05:46,855 - aiogram.dispatcher - WARNING - Sleep for 5.168587 seconds and try again... (tryings = 79, bot id = 7349237883)
2026-03-22 22:05:57,192 - aiogram.dispatcher - ERROR - Failed to fetch updates - TelegramConflictError: Telegram server says - Conflict: terminated by other getUpdates request; make sure that only one bot instance is running
2026-03-22 22:05:57,193 - aiogram.dispatcher - WARNING - Sleep for 5.128263 seconds and try again... (tryings = 80, bot id = 7349237883)
2026-03-22 22:06:07,306 - aiogram.dispatcher - ERROR - Failed to fetch updates - TelegramConflictError: Telegram server says - Conflict: terminated by other getUpdates request; make sure that only one bot instance is running
2026-03-22 22:06:07,307 - aiogram.dispatcher - WARNING - Sleep for 4.871834 seconds and try again... (tryings = 81, bot id = 7349237883)
2026-03-22 22:06:17,258 - aiogram.dispatcher - ERROR - Failed to fetch updates - TelegramConflictError: Telegram server says - Conflict: terminated by other getUpdates request; make sure that only one bot instance is running
2026-03-22 22:06:17,258 - aiogram.dispatcher - WARNING - Sleep for 5.077310 seconds and try again... (tryings = 82, bot id = 7349237883)
2026-03-22 22:06:27,417 - aiogram.dispatcher - ERROR - Failed to fetch updates - TelegramConflictError: Telegram server says - Conflict: terminated by other getUpdates request; make sure that only one bot instance is running
2026-03-22 22:06:27,418 - aiogram.dispatcher - WARNING - Sleep for 4.907563 seconds and try again... (tryings = 83, bot id = 7349237883)
2026-03-22 22:06:37,343 - aiogram.dispatcher - ERROR - Failed to fetch updates - TelegramConflictError: Telegram server says - Conflict: terminated by other getUpdates request; make sure that only one bot instance is running
2026-03-22 22:06:37,344 - aiogram.dispatcher - WARNING - Sleep for 5.033244 seconds and try again... (tryings = 84, bot id = 7349237883)
2026-03-22 22:06:47,447 - aiogram.dispatcher - ERROR - Failed to fetch updates - TelegramConflictError: Telegram server says - Conflict: terminated by other getUpdates request; make sure that only one bot instance is running
2026-03-22 22:06:47,447 - aiogram.dispatcher - WARNING - Sleep for 4.949246 seconds and try again... (tryings = 85, bot id = 7349237883)
2026-03-22 22:06:57,543 - aiogram.dispatcher - ERROR - Failed to fetch updates - TelegramConflictError: Telegram server says - Conflict: terminated by other getUpdates request; make sure that only one bot instance is running
2026-03-22 22:06:57,543 - aiogram.dispatcher - WARNING - Sleep for 4.869509 seconds and try again... (tryings = 86, bot id = 7349237883)
2026-03-22 22:07:07,516 - aiogram.dispatcher - ERROR - Failed to fetch updates - TelegramConflictError: Telegram server says - Conflict: terminated by other getUpdates request; make sure that only one bot instance is running
2026-03-22 22:07:07,517 - aiogram.dispatcher - WARNING - Sleep for 4.967489 seconds and try again... (tryings = 87, bot id = 7349237883)
2026-03-22 22:07:17,651 - aiogram.dispatcher - ERROR - Failed to fetch updates - TelegramConflictError: Telegram server says - Conflict: terminated by other getUpdates request; make sure that only one bot instance is running
2026-03-22 22:07:17,653 - aiogram.dispatcher - WARNING - Sleep for 5.118993 seconds and try again... (tryings = 88, bot id = 7349237883)
2026-03-22 22:07:27,776 - aiogram.dispatcher - ERROR - Failed to fetch updates - TelegramConflictError: Telegram server says - Conflict: terminated by other getUpdates request; make sure that only one bot instance is running
2026-03-22 22:07:27,776 - aiogram.dispatcher - WARNING - Sleep for 4.926607 seconds and try again... (tryings = 89, bot id = 7349237883)
2026-03-22 22:07:38,044 - aiogram.dispatcher - ERROR - Failed to fetch updates - TelegramConflictError: Telegram server says - Conflict: terminated by other getUpdates request; make sure that only one bot instance is running
2026-03-22 22:07:38,044 - aiogram.dispatcher - WARNING - Sleep for 5.022672 seconds and try again... (tryings = 90, bot id = 7349237883)
2026-03-22 22:07:48,105 - aiogram.dispatcher - ERROR - Failed to fetch updates - TelegramConflictError: Telegram server says - Conflict: terminated by other getUpdates request; make sure that only one bot instance is running
2026-03-22 22:07:48,105 - aiogram.dispatcher - WARNING - Sleep for 5.006446 seconds and try again... (tryings = 91, bot id = 7349237883)
2026-03-22 22:07:58,173 - aiogram.dispatcher - ERROR - Failed to fetch updates - TelegramConflictError: Telegram server says - Conflict: terminated by other getUpdates request; make sure that only one bot instance is running
2026-03-22 22:07:58,173 - aiogram.dispatcher - WARNING - Sleep for 4.862701 seconds and try again... (tryings = 92, bot id = 7349237883)
2026-03-22 22:08:08,099 - aiogram.dispatcher - ERROR - Failed to fetch updates - TelegramConflictError: Telegram server says - Conflict: terminated by other getUpdates request; make sure that only one bot instance is running
2026-03-22 22:08:08,099 - aiogram.dispatcher - WARNING - Sleep for 5.215739 seconds and try again... (tryings = 93, bot id = 7349237883)
2026-03-22 22:08:18,253 - aiogram.dispatcher - ERROR - Failed to fetch updates - TelegramConflictError: Telegram server says - Conflict: terminated by other getUpdates request; make sure that only one bot instance is running
2026-03-22 22:08:18,255 - aiogram.dispatcher - WARNING - Sleep for 5.060267 seconds and try again... (tryings = 94, bot id = 7349237883)
2026-03-22 22:08:28,444 - aiogram.dispatcher - ERROR - Failed to fetch updates - TelegramConflictError: Telegram server says - Conflict: terminated by other getUpdates request; make sure that only one bot instance is running
2026-03-22 22:08:28,444 - aiogram.dispatcher - WARNING - Sleep for 4.744012 seconds and try again... (tryings = 95, bot id = 7349237883)
2026-03-22 22:08:38,192 - aiogram.dispatcher - ERROR - Failed to fetch updates - TelegramConflictError: Telegram server says - Conflict: terminated by other getUpdates request; make sure that only one bot instance is running
2026-03-22 22:08:38,193 - aiogram.dispatcher - WARNING - Sleep for 4.864557 seconds and try again... (tryings = 96, bot id = 7349237883)
2026-03-22 22:08:48,261 - aiogram.dispatcher - ERROR - Failed to fetch updates - TelegramConflictError: Telegram server says - Conflict: terminated by other getUpdates request; make sure that only one bot instance is running
2026-03-22 22:08:48,261 - aiogram.dispatcher - WARNING - Sleep for 4.913522 seconds and try again... (tryings = 97, bot id = 7349237883)
2026-03-22 22:08:58,314 - aiogram.dispatcher - ERROR - Failed to fetch updates - TelegramConflictError: Telegram server says - Conflict: terminated by other getUpdates request; make sure that only one bot instance is running
2026-03-22 22:08:58,314 - aiogram.dispatcher - WARNING - Sleep for 5.009031 seconds and try again... (tryings = 98, bot id = 7349237883)
2026-03-22 22:09:08,393 - aiogram.dispatcher - ERROR - Failed to fetch updates - TelegramConflictError: Telegram server says - Conflict: terminated by other getUpdates request; make sure that only one bot instance is running
2026-03-22 22:09:08,393 - aiogram.dispatcher - WARNING - Sleep for 4.906868 seconds and try again... (tryings = 99, bot id = 7349237883)
2026-03-22 22:09:18,288 - aiogram.dispatcher - ERROR - Failed to fetch updates - TelegramConflictError: Telegram server says - Conflict: terminated by other getUpdates request; make sure that only one bot instance is running
2026-03-22 22:09:18,288 - aiogram.dispatcher - WARNING - Sleep for 4.811864 seconds and try again... (tryings = 100, bot id = 7349237883)
2026-03-22 22:09:28,339 - aiogram.dispatcher - ERROR - Failed to fetch updates - TelegramConflictError: Telegram server says - Conflict: terminated by other getUpdates request; make sure that only one bot instance is running
2026-03-22 22:09:28,339 - aiogram.dispatcher - WARNING - Sleep for 5.011018 seconds and try again... (tryings = 101, bot id = 7349237883)
2026-03-22 22:09:38,474 - aiogram.dispatcher - ERROR - Failed to fetch updates - TelegramConflictError: Telegram server says - Conflict: terminated by other getUpdates request; make sure that only one bot instance is running
2026-03-22 22:09:38,474 - aiogram.dispatcher - WARNING - Sleep for 5.049993 seconds and try again... (tryings = 102, bot id = 7349237883)
2026-03-22 22:09:48,487 - aiogram.dispatcher - ERROR - Failed to fetch updates - TelegramConflictError: Telegram server says - Conflict: terminated by other getUpdates request; make sure that only one bot instance is running
2026-03-22 22:09:48,487 - aiogram.dispatcher - WARNING - Sleep for 4.928858 seconds and try again... (tryings = 103, bot id = 7349237883)
2026-03-22 22:09:58,478 - aiogram.dispatcher - ERROR - Failed to fetch updates - TelegramConflictError: Telegram server says - Conflict: terminated by other getUpdates request; make sure that only one bot instance is running
2026-03-22 22:09:58,478 - aiogram.dispatcher - WARNING - Sleep for 4.900200 seconds and try again... (tryings = 104, bot id = 7349237883)
2026-03-22 22:10:08,588 - aiogram.dispatcher - ERROR - Failed to fetch updates - TelegramConflictError: Telegram server says - Conflict: terminated by other getUpdates request; make sure that only one bot instance is running
2026-03-22 22:10:08,588 - aiogram.dispatcher - WARNING - Sleep for 4.924046 seconds and try again... (tryings = 105, bot id = 7349237883)
2026-03-22 22:10:18,539 - aiogram.dispatcher - ERROR - Failed to fetch updates - TelegramConflictError: Telegram server says - Conflict: terminated by other getUpdates request; make sure that only one bot instance is running
2026-03-22 22:10:18,539 - aiogram.dispatcher - WARNING - Sleep for 4.851617 seconds and try again... (tryings = 106, bot id = 7349237883)
2026-03-22 22:10:28,439 - aiogram.dispatcher - ERROR - Failed to fetch updates - TelegramConflictError: Telegram server says - Conflict: terminated by other getUpdates request; make sure that only one bot instance is running
2026-03-22 22:10:28,439 - aiogram.dispatcher - WARNING - Sleep for 4.862621 seconds and try again... (tryings = 107, bot id = 7349237883)
2026-03-22 22:10:38,473 - aiogram.dispatcher - ERROR - Failed to fetch updates - TelegramConflictError: Telegram server says - Conflict: terminated by other getUpdates request; make sure that only one bot instance is running
2026-03-22 22:10:38,473 - aiogram.dispatcher - WARNING - Sleep for 4.935547 seconds and try again... (tryings = 108, bot id = 7349237883)
2026-03-22 22:10:48,399 - aiogram.dispatcher - ERROR - Failed to fetch updates - TelegramConflictError: Telegram server says - Conflict: terminated by other getUpdates request; make sure that only one bot instance is running
2026-03-22 22:10:48,399 - aiogram.dispatcher - WARNING - Sleep for 4.834020 seconds and try again... (tryings = 109, bot id = 7349237883)
2026-03-22 22:10:58,269 - aiogram.dispatcher - ERROR - Failed to fetch updates - TelegramConflictError: Telegram server says - Conflict: terminated by other getUpdates request; make sure that only one bot instance is running
2026-03-22 22:10:58,269 - aiogram.dispatcher - WARNING - Sleep for 4.775684 seconds and try again... (tryings = 110, bot id = 7349237883)
2026-03-22 22:11:08,098 - aiogram.dispatcher - ERROR - Failed to fetch updates - TelegramConflictError: Telegram server says - Conflict: terminated by other getUpdates request; make sure that only one bot instance is running
2026-03-22 22:11:08,098 - aiogram.dispatcher - WARNING - Sleep for 4.865933 seconds and try again... (tryings = 111, bot id = 7349237883)
2026-03-22 22:11:18,174 - aiogram.dispatcher - ERROR - Failed to fetch updates - TelegramConflictError: Telegram server says - Conflict: terminated by other getUpdates request; make sure that only one bot instance is running
2026-03-22 22:11:18,174 - aiogram.dispatcher - WARNING - Sleep for 5.077661 seconds and try again... (tryings = 112, bot id = 7349237883)
2026-03-22 22:11:28,430 - aiogram.dispatcher - ERROR - Failed to fetch updates - TelegramConflictError: Telegram server says - Conflict: terminated by other getUpdates request; make sure that only one bot instance is running
2026-03-22 22:11:28,430 - aiogram.dispatcher - WARNING - Sleep for 5.037675 seconds and try again... (tryings = 113, bot id = 7349237883)
2026-03-22 22:11:38,590 - aiogram.dispatcher - ERROR - Failed to fetch updates - TelegramConflictError: Telegram server says - Conflict: terminated by other getUpdates request; make sure that only one bot instance is running
2026-03-22 22:11:38,590 - aiogram.dispatcher - WARNING - Sleep for 5.084790 seconds and try again... (tryings = 114, bot id = 7349237883)
2026-03-22 22:11:48,756 - aiogram.dispatcher - ERROR - Failed to fetch updates - TelegramConflictError: Telegram server says - Conflict: terminated by other getUpdates request; make sure that only one bot instance is running
2026-03-22 22:11:48,756 - aiogram.dispatcher - WARNING - Sleep for 5.146879 seconds and try again... (tryings = 115, bot id = 7349237883)
2026-03-22 22:11:59,107 - aiogram.dispatcher - ERROR - Failed to fetch updates - TelegramConflictError: Telegram server says - Conflict: terminated by other getUpdates request; make sure that only one bot instance is running
2026-03-22 22:11:59,108 - aiogram.dispatcher - WARNING - Sleep for 5.110521 seconds and try again... (tryings = 116, bot id = 7349237883)
2026-03-22 22:12:09,391 - aiogram.dispatcher - ERROR - Failed to fetch updates - TelegramConflictError: Telegram server says - Conflict: terminated by other getUpdates request; make sure that only one bot instance is running
2026-03-22 22:12:09,391 - aiogram.dispatcher - WARNING - Sleep for 5.180511 seconds and try again... (tryings = 117, bot id = 7349237883)
2026-03-22 22:12:19,681 - aiogram.dispatcher - ERROR - Failed to fetch updates - TelegramConflictError: Telegram server says - Conflict: terminated by other getUpdates request; make sure that only one bot instance is running
2026-03-22 22:12:19,681 - aiogram.dispatcher - WARNING - Sleep for 4.962482 seconds and try again... (tryings = 118, bot id = 7349237883)
2026-03-22 22:12:29,734 - aiogram.dispatcher - ERROR - Failed to fetch updates - TelegramConflictError: Telegram server says - Conflict: terminated by other getUpdates request; make sure that only one bot instance is running
2026-03-22 22:12:29,734 - aiogram.dispatcher - WARNING - Sleep for 5.158032 seconds and try again... (tryings = 119, bot id = 7349237883)
2026-03-22 22:12:40,051 - aiogram.dispatcher - ERROR - Failed to fetch updates - TelegramConflictError: Telegram server says - Conflict: terminated by other getUpdates request; make sure that only one bot instance is running
2026-03-22 22:12:40,051 - aiogram.dispatcher - WARNING - Sleep for 4.968891 seconds and try again... (tryings = 120, bot id = 7349237883)
2026-03-22 22:12:50,089 - aiogram.dispatcher - ERROR - Failed to fetch updates - TelegramConflictError: Telegram server says - Conflict: terminated by other getUpdates request; make sure that only one bot instance is running
2026-03-22 22:12:50,090 - aiogram.dispatcher - WARNING - Sleep for 4.967734 seconds and try again... (tryings = 121, bot id = 7349237883)
2026-03-22 22:13:00,515 - aiogram.dispatcher - ERROR - Failed to fetch updates - TelegramConflictError: Telegram server says - Conflict: terminated by other getUpdates request; make sure that only one bot instance is running
2026-03-22 22:13:00,516 - aiogram.dispatcher - WARNING - Sleep for 5.002473 seconds and try again... (tryings = 122, bot id = 7349237883)
2026-03-22 22:13:10,719 - aiogram.dispatcher - ERROR - Failed to fetch updates - TelegramConflictError: Telegram server says - Conflict: terminated by other getUpdates request; make sure that only one bot instance is running
2026-03-22 22:13:10,719 - aiogram.dispatcher - WARNING - Sleep for 5.035823 seconds and try again... (tryings = 123, bot id = 7349237883)
2026-03-22 22:13:20,867 - aiogram.dispatcher - ERROR - Failed to fetch updates - TelegramConflictError: Telegram server says - Conflict: terminated by other getUpdates request; make sure that only one bot instance is running
2026-03-22 22:13:20,869 - aiogram.dispatcher - WARNING - Sleep for 4.964485 seconds and try again... (tryings = 124, bot id = 7349237883)
2026-03-22 22:13:31,014 - aiogram.dispatcher - ERROR - Failed to fetch updates - TelegramConflictError: Telegram server says - Conflict: terminated by other getUpdates request; make sure that only one bot instance is running
2026-03-22 22:13:31,015 - aiogram.dispatcher - WARNING - Sleep for 5.121102 seconds and try again... (tryings = 125, bot id = 7349237883)
2026-03-22 22:13:41,366 - aiogram.dispatcher - ERROR - Failed to fetch updates - TelegramConflictError: Telegram server says - Conflict: terminated by other getUpdates request; make sure that only one bot instance is running
2026-03-22 22:13:41,366 - aiogram.dispatcher - WARNING - Sleep for 4.972690 seconds and try again... (tryings = 126, bot id = 7349237883)
2026-03-22 22:13:51,405 - aiogram.dispatcher - ERROR - Failed to fetch updates - TelegramConflictError: Telegram server says - Conflict: terminated by other getUpdates request; make sure that only one bot instance is running
2026-03-22 22:13:51,410 - aiogram.dispatcher - WARNING - Sleep for 5.094599 seconds and try again... (tryings = 127, bot id = 7349237883)
2026-03-22 22:14:01,805 - aiogram.dispatcher - ERROR - Failed to fetch updates - TelegramConflictError: Telegram server says - Conflict: terminated by other getUpdates request; make sure that only one bot instance is running
2026-03-22 22:14:01,817 - aiogram.dispatcher - WARNING - Sleep for 4.894421 seconds and try again... (tryings = 128, bot id = 7349237883)
2026-03-22 22:14:11,782 - aiogram.dispatcher - ERROR - Failed to fetch updates - TelegramConflictError: Telegram server says - Conflict: terminated by other getUpdates request; make sure that only one bot instance is running
2026-03-22 22:14:11,788 - aiogram.dispatcher - WARNING - Sleep for 5.199099 seconds and try again... (tryings = 129, bot id = 7349237883)
2026-03-22 22:14:21,981 - aiogram.dispatcher - ERROR - Failed to fetch updates - TelegramConflictError: Telegram server says - Conflict: terminated by other getUpdates request; make sure that only one bot instance is running
2026-03-22 22:14:21,981 - aiogram.dispatcher - WARNING - Sleep for 5.027377 seconds and try again... (tryings = 130, bot id = 7349237883)
2026-03-22 22:14:32,282 - aiogram.dispatcher - ERROR - Failed to fetch updates - TelegramConflictError: Telegram server says - Conflict: terminated by other getUpdates request; make sure that only one bot instance is running
2026-03-22 22:14:32,283 - aiogram.dispatcher - WARNING - Sleep for 5.011345 seconds and try again... (tryings = 131, bot id = 7349237883)
2026-03-22 22:14:42,336 - aiogram.dispatcher - ERROR - Failed to fetch updates - TelegramConflictError: Telegram server says - Conflict: terminated by other getUpdates request; make sure that only one bot instance is running
2026-03-22 22:14:42,336 - aiogram.dispatcher - WARNING - Sleep for 4.905781 seconds and try again... (tryings = 132, bot id = 7349237883)
2026-03-22 22:14:52,470 - aiogram.dispatcher - ERROR - Failed to fetch updates - TelegramConflictError: Telegram server says - Conflict: terminated by other getUpdates request; make sure that only one bot instance is running
2026-03-22 22:14:52,475 - aiogram.dispatcher - WARNING - Sleep for 4.809364 seconds and try again... (tryings = 133, bot id = 7349237883)
2026-03-22 22:15:02,544 - aiogram.dispatcher - ERROR - Failed to fetch updates - TelegramConflictError: Telegram server says - Conflict: terminated by other getUpdates request; make sure that only one bot instance is running
2026-03-22 22:15:02,546 - aiogram.dispatcher - WARNING - Sleep for 5.119184 seconds and try again... (tryings = 134, bot id = 7349237883)
2026-03-22 22:15:12,644 - aiogram.dispatcher - ERROR - Failed to fetch updates - TelegramConflictError: Telegram server says - Conflict: terminated by other getUpdates request; make sure that only one bot instance is running
2026-03-22 22:15:12,644 - aiogram.dispatcher - WARNING - Sleep for 4.932948 seconds and try again... (tryings = 135, bot id = 7349237883)
2026-03-22 22:15:22,700 - aiogram.dispatcher - ERROR - Failed to fetch updates - TelegramConflictError: Telegram server says - Conflict: terminated by other getUpdates request; make sure that only one bot instance is running
2026-03-22 22:15:22,700 - aiogram.dispatcher - WARNING - Sleep for 4.932756 seconds and try again... (tryings = 136, bot id = 7349237883)
2026-03-22 22:15:32,655 - aiogram.dispatcher - ERROR - Failed to fetch updates - TelegramConflictError: Telegram server says - Conflict: terminated by other getUpdates request; make sure that only one bot instance is running
2026-03-22 22:15:32,655 - aiogram.dispatcher - WARNING - Sleep for 4.939723 seconds and try again... (tryings = 137, bot id = 7349237883)
2026-03-22 22:15:42,742 - aiogram.dispatcher - ERROR - Failed to fetch updates - TelegramConflictError: Telegram server says - Conflict: terminated by other getUpdates request; make sure that only one bot instance is running
2026-03-22 22:15:42,752 - aiogram.dispatcher - WARNING - Sleep for 4.989250 seconds and try again... (tryings = 138, bot id = 7349237883)
2026-03-22 22:15:52,872 - aiogram.dispatcher - ERROR - Failed to fetch updates - TelegramConflictError: Telegram server says - Conflict: terminated by other getUpdates request; make sure that only one bot instance is running
2026-03-22 22:15:52,872 - aiogram.dispatcher - WARNING - Sleep for 5.054206 seconds and try again... (tryings = 139, bot id = 7349237883)
2026-03-22 22:16:02,935 - aiogram.dispatcher - ERROR - Failed to fetch updates - TelegramConflictError: Telegram server says - Conflict: terminated by other getUpdates request; make sure that only one bot instance is running
2026-03-22 22:16:02,935 - aiogram.dispatcher - WARNING - Sleep for 5.073027 seconds and try again... (tryings = 140, bot id = 7349237883)
2026-03-22 22:16:13,069 - aiogram.dispatcher - ERROR - Failed to fetch updates - TelegramConflictError: Telegram server says - Conflict: terminated by other getUpdates request; make sure that only one bot instance is running
2026-03-22 22:16:13,070 - aiogram.dispatcher - WARNING - Sleep for 5.035195 seconds and try again... (tryings = 141, bot id = 7349237883)
2026-03-22 22:16:23,329 - aiogram.dispatcher - ERROR - Failed to fetch updates - TelegramConflictError: Telegram server says - Conflict: terminated by other getUpdates request; make sure that only one bot instance is running
2026-03-22 22:16:23,330 - aiogram.dispatcher - WARNING - Sleep for 5.124362 seconds and try again... (tryings = 142, bot id = 7349237883)
2026-03-22 22:16:33,477 - aiogram.dispatcher - ERROR - Failed to fetch updates - TelegramConflictError: Telegram server says - Conflict: terminated by other getUpdates request; make sure that only one bot instance is running
2026-03-22 22:16:33,478 - aiogram.dispatcher - WARNING - Sleep for 5.086711 seconds and try again... (tryings = 143, bot id = 7349237883)
2026-03-22 22:16:43,461 - aiogram.dispatcher - ERROR - Failed to fetch updates - TelegramConflictError: Telegram server says - Conflict: terminated by other getUpdates request; make sure that only one bot instance is running
2026-03-22 22:16:43,461 - aiogram.dispatcher - WARNING - Sleep for 5.038163 seconds and try again... (tryings = 144, bot id = 7349237883)
2026-03-22 22:16:53,634 - aiogram.dispatcher - ERROR - Failed to fetch updates - TelegramConflictError: Telegram server says - Conflict: terminated by other getUpdates request; make sure that only one bot instance is running
2026-03-22 22:16:53,635 - aiogram.dispatcher - WARNING - Sleep for 5.058142 seconds and try again... (tryings = 145, bot id = 7349237883)
2026-03-22 22:17:03,784 - aiogram.dispatcher - ERROR - Failed to fetch updates - TelegramConflictError: Telegram server says - Conflict: terminated by other getUpdates request; make sure that only one bot instance is running
2026-03-22 22:17:03,785 - aiogram.dispatcher - WARNING - Sleep for 5.021051 seconds and try again... (tryings = 146, bot id = 7349237883)
2026-03-22 22:17:13,789 - aiogram.dispatcher - ERROR - Failed to fetch updates - TelegramConflictError: Telegram server says - Conflict: terminated by other getUpdates request; make sure that only one bot instance is running
2026-03-22 22:17:13,789 - aiogram.dispatcher - WARNING - Sleep for 4.906253 seconds and try again... (tryings = 147, bot id = 7349237883)
2026-03-22 22:17:23,674 - aiogram.dispatcher - ERROR - Failed to fetch updates - TelegramConflictError: Telegram server says - Conflict: terminated by other getUpdates request; make sure that only one bot instance is running
2026-03-22 22:17:23,674 - aiogram.dispatcher - WARNING - Sleep for 5.028371 seconds and try again... (tryings = 148, bot id = 7349237883)
2026-03-22 22:17:33,656 - aiogram.dispatcher - ERROR - Failed to fetch updates - TelegramConflictError: Telegram server says - Conflict: terminated by other getUpdates request; make sure that only one bot instance is running
2026-03-22 22:17:33,656 - aiogram.dispatcher - WARNING - Sleep for 4.952286 seconds and try again... (tryings = 149, bot id = 7349237883)
2026-03-22 22:17:43,761 - aiogram.dispatcher - ERROR - Failed to fetch updates - TelegramConflictError: Telegram server says - Conflict: terminated by other getUpdates request; make sure that only one bot instance is running
2026-03-22 22:17:43,761 - aiogram.dispatcher - WARNING - Sleep for 4.916101 seconds and try again... (tryings = 150, bot id = 7349237883)
2026-03-22 22:17:53,799 - aiogram.dispatcher - ERROR - Failed to fetch updates - TelegramConflictError: Telegram server says - Conflict: terminated by other getUpdates request; make sure that only one bot instance is running
2026-03-22 22:17:53,799 - aiogram.dispatcher - WARNING - Sleep for 4.977894 seconds and try again... (tryings = 151, bot id = 7349237883)
2026-03-22 22:18:03,964 - aiogram.dispatcher - ERROR - Failed to fetch updates - TelegramConflictError: Telegram server says - Conflict: terminated by other getUpdates request; make sure that only one bot instance is running
2026-03-22 22:18:03,964 - aiogram.dispatcher - WARNING - Sleep for 4.808455 seconds and try again... (tryings = 152, bot id = 7349237883)
2026-03-22 22:18:13,915 - aiogram.dispatcher - ERROR - Failed to fetch updates - TelegramConflictError: Telegram server says - Conflict: terminated by other getUpdates request; make sure that only one bot instance is running
2026-03-22 22:18:13,916 - aiogram.dispatcher - WARNING - Sleep for 4.983747 seconds and try again... (tryings = 153, bot id = 7349237883)
2026-03-22 22:18:24,070 - aiogram.dispatcher - ERROR - Failed to fetch updates - TelegramConflictError: Telegram server says - Conflict: terminated by other getUpdates request; make sure that only one bot instance is running
2026-03-22 22:18:24,075 - aiogram.dispatcher - WARNING - Sleep for 5.032830 seconds and try again... (tryings = 154, bot id = 7349237883)
2026-03-22 22:18:34,246 - aiogram.dispatcher - ERROR - Failed to fetch updates - TelegramConflictError: Telegram server says - Conflict: terminated by other getUpdates request; make sure that only one bot instance is running
2026-03-22 22:18:34,247 - aiogram.dispatcher - WARNING - Sleep for 4.846229 seconds and try again... (tryings = 155, bot id = 7349237883)
2026-03-22 22:18:44,344 - aiogram.dispatcher - ERROR - Failed to fetch updates - TelegramConflictError: Telegram server says - Conflict: terminated by other getUpdates request; make sure that only one bot instance is running
2026-03-22 22:18:44,344 - aiogram.dispatcher - WARNING - Sleep for 5.224942 seconds and try again... (tryings = 156, bot id = 7349237883)
2026-03-22 22:18:54,909 - aiogram.dispatcher - ERROR - Failed to fetch updates - TelegramConflictError: Telegram server says - Conflict: terminated by other getUpdates request; make sure that only one bot instance is running
2026-03-22 22:18:54,909 - aiogram.dispatcher - WARNING - Sleep for 4.976859 seconds and try again... (tryings = 157, bot id = 7349237883)
2026-03-22 22:19:05,088 - aiogram.dispatcher - ERROR - Failed to fetch updates - TelegramConflictError: Telegram server says - Conflict: terminated by other getUpdates request; make sure that only one bot instance is running
2026-03-22 22:19:05,088 - aiogram.dispatcher - WARNING - Sleep for 4.969417 seconds and try again... (tryings = 158, bot id = 7349237883)
2026-03-22 22:19:15,113 - aiogram.dispatcher - ERROR - Failed to fetch updates - TelegramConflictError: Telegram server says - Conflict: terminated by other getUpdates request; make sure that only one bot instance is running
2026-03-22 22:19:15,113 - aiogram.dispatcher - WARNING - Sleep for 4.999587 seconds and try again... (tryings = 159, bot id = 7349237883)
2026-03-22 22:19:25,260 - aiogram.dispatcher - ERROR - Failed to fetch updates - TelegramConflictError: Telegram server says - Conflict: terminated by other getUpdates request; make sure that only one bot instance is running
2026-03-22 22:19:25,262 - aiogram.dispatcher - WARNING - Sleep for 5.042286 seconds and try again... (tryings = 160, bot id = 7349237883)
2026-03-22 22:19:35,346 - aiogram.dispatcher - ERROR - Failed to fetch updates - TelegramConflictError: Telegram server says - Conflict: terminated by other getUpdates request; make sure that only one bot instance is running
2026-03-22 22:19:35,347 - aiogram.dispatcher - WARNING - Sleep for 5.085765 seconds and try again... (tryings = 161, bot id = 7349237883)
2026-03-22 22:19:45,368 - aiogram.dispatcher - ERROR - Failed to fetch updates - TelegramConflictError: Telegram server says - Conflict: terminated by other getUpdates request; make sure that only one bot instance is running
2026-03-22 22:19:45,369 - aiogram.dispatcher - WARNING - Sleep for 4.921698 seconds and try again... (tryings = 162, bot id = 7349237883)
2026-03-22 22:19:55,382 - aiogram.dispatcher - ERROR - Failed to fetch updates - TelegramConflictError: Telegram server says - Conflict: terminated by other getUpdates request; make sure that only one bot instance is running
2026-03-22 22:19:55,382 - aiogram.dispatcher - WARNING - Sleep for 5.069955 seconds and try again... (tryings = 163, bot id = 7349237883)
2026-03-22 22:20:05,666 - aiogram.dispatcher - ERROR - Failed to fetch updates - TelegramConflictError: Telegram server says - Conflict: terminated by other getUpdates request; make sure that only one bot instance is running
2026-03-22 22:20:05,667 - aiogram.dispatcher - WARNING - Sleep for 4.955397 seconds and try again... (tryings = 164, bot id = 7349237883)
2026-03-22 22:20:15,827 - aiogram.dispatcher - ERROR - Failed to fetch updates - TelegramConflictError: Telegram server says - Conflict: terminated by other getUpdates request; make sure that only one bot instance is running
2026-03-22 22:20:15,827 - aiogram.dispatcher - WARNING - Sleep for 4.978155 seconds and try again... (tryings = 165, bot id = 7349237883)
2026-03-22 22:20:26,105 - aiogram.dispatcher - ERROR - Failed to fetch updates - TelegramConflictError: Telegram server says - Conflict: terminated by other getUpdates request; make sure that only one bot instance is running
2026-03-22 22:20:26,105 - aiogram.dispatcher - WARNING - Sleep for 4.960503 seconds and try again... (tryings = 166, bot id = 7349237883)
2026-03-22 22:20:36,171 - aiogram.dispatcher - ERROR - Failed to fetch updates - TelegramConflictError: Telegram server says - Conflict: terminated by other getUpdates request; make sure that only one bot instance is running
2026-03-22 22:20:36,172 - aiogram.dispatcher - WARNING - Sleep for 5.012450 seconds and try again... (tryings = 167, bot id = 7349237883)
2026-03-22 22:20:46,279 - aiogram.dispatcher - ERROR - Failed to fetch updates - TelegramConflictError: Telegram server says - Conflict: terminated by other getUpdates request; make sure that only one bot instance is running
2026-03-22 22:20:46,279 - aiogram.dispatcher - WARNING - Sleep for 5.078908 seconds and try again... (tryings = 168, bot id = 7349237883)
2026-03-22 22:20:56,459 - aiogram.dispatcher - ERROR - Failed to fetch updates - TelegramConflictError: Telegram server says - Conflict: terminated by other getUpdates request; make sure that only one bot instance is running
2026-03-22 22:20:56,463 - aiogram.dispatcher - WARNING - Sleep for 4.897383 seconds and try again... (tryings = 169, bot id = 7349237883)
2026-03-22 22:21:06,464 - aiogram.dispatcher - ERROR - Failed to fetch updates - TelegramConflictError: Telegram server says - Conflict: terminated by other getUpdates request; make sure that only one bot instance is running
2026-03-22 22:21:06,464 - aiogram.dispatcher - WARNING - Sleep for 5.052167 seconds and try again... (tryings = 170, bot id = 7349237883)
2026-03-22 22:21:16,465 - aiogram.dispatcher - ERROR - Failed to fetch updates - TelegramConflictError: Telegram server says - Conflict: terminated by other getUpdates request; make sure that only one bot instance is running
2026-03-22 22:21:16,465 - aiogram.dispatcher - WARNING - Sleep for 5.140898 seconds and try again... (tryings = 171, bot id = 7349237883)
2026-03-22 22:21:26,887 - aiogram.dispatcher - ERROR - Failed to fetch updates - TelegramConflictError: Telegram server says - Conflict: terminated by other getUpdates request; make sure that only one bot instance is running
2026-03-22 22:21:26,903 - aiogram.dispatcher - WARNING - Sleep for 4.960081 seconds and try again... (tryings = 172, bot id = 7349237883)
2026-03-22 22:21:36,884 - aiogram.dispatcher - ERROR - Failed to fetch updates - TelegramConflictError: Telegram server says - Conflict: terminated by other getUpdates request; make sure that only one bot instance is running
2026-03-22 22:21:36,884 - aiogram.dispatcher - WARNING - Sleep for 5.087083 seconds and try again... (tryings = 173, bot id = 7349237883)
2026-03-22 22:21:47,121 - aiogram.dispatcher - ERROR - Failed to fetch updates - TelegramConflictError: Telegram server says - Conflict: terminated by other getUpdates request; make sure that only one bot instance is running
2026-03-22 22:21:47,121 - aiogram.dispatcher - WARNING - Sleep for 5.196233 seconds and try again... (tryings = 174, bot id = 7349237883)
2026-03-22 22:21:57,454 - aiogram.dispatcher - ERROR - Failed to fetch updates - TelegramConflictError: Telegram server says - Conflict: terminated by other getUpdates request; make sure that only one bot instance is running
2026-03-22 22:21:57,454 - aiogram.dispatcher - WARNING - Sleep for 4.746379 seconds and try again... (tryings = 175, bot id = 7349237883)
2026-03-22 22:22:07,113 - aiogram.dispatcher - ERROR - Failed to fetch updates - TelegramConflictError: Telegram server says - Conflict: terminated by other getUpdates request; make sure that only one bot instance is running
2026-03-22 22:22:07,113 - aiogram.dispatcher - WARNING - Sleep for 5.066313 seconds and try again... (tryings = 176, bot id = 7349237883)
2026-03-22 22:22:17,206 - aiogram.dispatcher - ERROR - Failed to fetch updates - TelegramConflictError: Telegram server says - Conflict: terminated by other getUpdates request; make sure that only one bot instance is running
2026-03-22 22:22:17,206 - aiogram.dispatcher - WARNING - Sleep for 4.912581 seconds and try again... (tryings = 177, bot id = 7349237883)
2026-03-22 22:22:27,298 - aiogram.dispatcher - ERROR - Failed to fetch updates - TelegramConflictError: Telegram server says - Conflict: terminated by other getUpdates request; make sure that only one bot instance is running
2026-03-22 22:22:27,298 - aiogram.dispatcher - WARNING - Sleep for 4.950132 seconds and try again... (tryings = 178, bot id = 7349237883)
2026-03-22 22:22:37,365 - aiogram.dispatcher - ERROR - Failed to fetch updates - TelegramConflictError: Telegram server says - Conflict: terminated by other getUpdates request; make sure that only one bot instance is running
2026-03-22 22:22:37,365 - aiogram.dispatcher - WARNING - Sleep for 4.950064 seconds and try again... (tryings = 179, bot id = 7349237883)
2026-03-22 22:22:47,372 - aiogram.dispatcher - ERROR - Failed to fetch updates - TelegramConflictError: Telegram server says - Conflict: terminated by other getUpdates request; make sure that only one bot instance is running
2026-03-22 22:22:47,372 - aiogram.dispatcher - WARNING - Sleep for 5.114810 seconds and try again... (tryings = 180, bot id = 7349237883)
2026-03-22 22:22:57,453 - aiogram.dispatcher - ERROR - Failed to fetch updates - TelegramConflictError: Telegram server says - Conflict: terminated by other getUpdates request; make sure that only one bot instance is running
2026-03-22 22:22:57,453 - aiogram.dispatcher - WARNING - Sleep for 4.930503 seconds and try again... (tryings = 181, bot id = 7349237883)
2026-03-22 22:23:07,435 - aiogram.dispatcher - ERROR - Failed to fetch updates - TelegramConflictError: Telegram server says - Conflict: terminated by other getUpdates request; make sure that only one bot instance is running
2026-03-22 22:23:07,435 - aiogram.dispatcher - WARNING - Sleep for 5.150415 seconds and try again... (tryings = 182, bot id = 7349237883)
2026-03-22 22:23:17,756 - aiogram.dispatcher - ERROR - Failed to fetch updates - TelegramConflictError: Telegram server says - Conflict: terminated by other getUpdates request; make sure that only one bot instance is running
2026-03-22 22:23:17,758 - aiogram.dispatcher - WARNING - Sleep for 4.899567 seconds and try again... (tryings = 183, bot id = 7349237883)
2026-03-22 22:23:27,740 - aiogram.dispatcher - ERROR - Failed to fetch updates - TelegramConflictError: Telegram server says - Conflict: terminated by other getUpdates request; make sure that only one bot instance is running
2026-03-22 22:23:27,740 - aiogram.dispatcher - WARNING - Sleep for 4.931267 seconds and try again... (tryings = 184, bot id = 7349237883)
2026-03-22 22:23:37,975 - aiogram.dispatcher - ERROR - Failed to fetch updates - TelegramConflictError: Telegram server says - Conflict: terminated by other getUpdates request; make sure that only one bot instance is running
2026-03-22 22:23:37,976 - aiogram.dispatcher - WARNING - Sleep for 5.089873 seconds and try again... (tryings = 185, bot id = 7349237883)
2026-03-22 22:23:48,052 - aiogram.dispatcher - ERROR - Failed to fetch updates - TelegramConflictError: Telegram server says - Conflict: terminated by other getUpdates request; make sure that only one bot instance is running
2026-03-22 22:23:48,052 - aiogram.dispatcher - WARNING - Sleep for 4.951330 seconds and try again... (tryings = 186, bot id = 7349237883)
2026-03-22 22:23:58,100 - aiogram.dispatcher - ERROR - Failed to fetch updates - TelegramConflictError: Telegram server says - Conflict: terminated by other getUpdates request; make sure that only one bot instance is running
2026-03-22 22:23:58,101 - aiogram.dispatcher - WARNING - Sleep for 5.027911 seconds and try again... (tryings = 187, bot id = 7349237883)
2026-03-22 22:24:08,136 - aiogram.dispatcher - ERROR - Failed to fetch updates - TelegramConflictError: Telegram server says - Conflict: terminated by other getUpdates request; make sure that only one bot instance is running
2026-03-22 22:24:08,137 - aiogram.dispatcher - WARNING - Sleep for 5.072574 seconds and try again... (tryings = 188, bot id = 7349237883)
2026-03-22 22:24:18,329 - aiogram.dispatcher - ERROR - Failed to fetch updates - TelegramConflictError: Telegram server says - Conflict: terminated by other getUpdates request; make sure that only one bot instance is running
2026-03-22 22:24:18,329 - aiogram.dispatcher - WARNING - Sleep for 5.097262 seconds and try again... (tryings = 189, bot id = 7349237883)
2026-03-22 22:24:28,657 - aiogram.dispatcher - ERROR - Failed to fetch updates - TelegramConflictError: Telegram server says - Conflict: terminated by other getUpdates request; make sure that only one bot instance is running
2026-03-22 22:24:28,657 - aiogram.dispatcher - WARNING - Sleep for 4.950720 seconds and try again... (tryings = 190, bot id = 7349237883)
2026-03-22 22:24:38,735 - aiogram.dispatcher - ERROR - Failed to fetch updates - TelegramConflictError: Telegram server says - Conflict: terminated by other getUpdates request; make sure that only one bot instance is running
2026-03-22 22:24:38,735 - aiogram.dispatcher - WARNING - Sleep for 5.073487 seconds and try again... (tryings = 191, bot id = 7349237883)
2026-03-22 22:24:48,867 - aiogram.dispatcher - ERROR - Failed to fetch updates - TelegramConflictError: Telegram server says - Conflict: terminated by other getUpdates request; make sure that only one bot instance is running
2026-03-22 22:24:48,867 - aiogram.dispatcher - WARNING - Sleep for 5.018806 seconds and try again... (tryings = 192, bot id = 7349237883)
2026-03-22 22:24:59,203 - aiogram.dispatcher - ERROR - Failed to fetch updates - TelegramConflictError: Telegram server says - Conflict: terminated by other getUpdates request; make sure that only one bot instance is running
2026-03-22 22:24:59,204 - aiogram.dispatcher - WARNING - Sleep for 5.009236 seconds and try again... (tryings = 193, bot id = 7349237883)
2026-03-22 22:25:09,383 - aiogram.dispatcher - ERROR - Failed to fetch updates - TelegramConflictError: Telegram server says - Conflict: terminated by other getUpdates request; make sure that only one bot instance is running
2026-03-22 22:25:09,384 - aiogram.dispatcher - WARNING - Sleep for 5.075547 seconds and try again... (tryings = 194, bot id = 7349237883)
2026-03-22 22:25:19,382 - aiogram.dispatcher - ERROR - Failed to fetch updates - TelegramConflictError: Telegram server says - Conflict: terminated by other getUpdates request; make sure that only one bot instance is running
2026-03-22 22:25:19,382 - aiogram.dispatcher - WARNING - Sleep for 4.883290 seconds and try again... (tryings = 195, bot id = 7349237883)
2026-03-22 22:25:29,194 - aiogram.dispatcher - ERROR - Failed to fetch updates - TelegramConflictError: Telegram server says - Conflict: terminated by other getUpdates request; make sure that only one bot instance is running
2026-03-22 22:25:29,194 - aiogram.dispatcher - WARNING - Sleep for 4.940870 seconds and try again... (tryings = 196, bot id = 7349237883)
2026-03-22 22:25:39,367 - aiogram.dispatcher - ERROR - Failed to fetch updates - TelegramConflictError: Telegram server says - Conflict: terminated by other getUpdates request; make sure that only one bot instance is running
2026-03-22 22:25:39,368 - aiogram.dispatcher - WARNING - Sleep for 4.840908 seconds and try again... (tryings = 197, bot id = 7349237883)
2026-03-22 22:25:49,276 - aiogram.dispatcher - ERROR - Failed to fetch updates - TelegramConflictError: Telegram server says - Conflict: terminated by other getUpdates request; make sure that only one bot instance is running
2026-03-22 22:25:49,276 - aiogram.dispatcher - WARNING - Sleep for 4.877919 seconds and try again... (tryings = 198, bot id = 7349237883)
2026-03-22 22:25:59,200 - aiogram.dispatcher - ERROR - Failed to fetch updates - TelegramConflictError: Telegram server says - Conflict: terminated by other getUpdates request; make sure that only one bot instance is running
2026-03-22 22:25:59,201 - aiogram.dispatcher - WARNING - Sleep for 4.952294 seconds and try again... (tryings = 199, bot id = 7349237883)
2026-03-22 22:26:09,256 - aiogram.dispatcher - ERROR - Failed to fetch updates - TelegramConflictError: Telegram server says - Conflict: terminated by other getUpdates request; make sure that only one bot instance is running
2026-03-22 22:26:09,256 - aiogram.dispatcher - WARNING - Sleep for 4.891401 seconds and try again... (tryings = 200, bot id = 7349237883)
2026-03-22 22:26:19,436 - aiogram.dispatcher - ERROR - Failed to fetch updates - TelegramConflictError: Telegram server says - Conflict: terminated by other getUpdates request; make sure that only one bot instance is running
2026-03-22 22:26:19,437 - aiogram.dispatcher - WARNING - Sleep for 4.880164 seconds and try again... (tryings = 201, bot id = 7349237883)
2026-03-22 22:26:29,313 - aiogram.dispatcher - ERROR - Failed to fetch updates - TelegramConflictError: Telegram server says - Conflict: terminated by other getUpdates request; make sure that only one bot instance is running
2026-03-22 22:26:29,313 - aiogram.dispatcher - WARNING - Sleep for 4.941253 seconds and try again... (tryings = 202, bot id = 7349237883)
2026-03-22 22:26:35,162 - aiogram.dispatcher - INFO - Polling stopped for bot @trrrrdbiin_bot id=7349237883 - 'trrrrdbiinbot'
2026-03-22 22:26:35,164 - aiogram.dispatcher - INFO - Polling stopped
2026-03-25 08:39:37,326 - aiogram.dispatcher - INFO - Start polling
2026-03-25 08:39:40,434 - aiogram.dispatcher - INFO - Run polling for bot @trrrrdbiin_bot id=7349237883 - 'trrrrdbiinbot'
2026-03-26 18:02:55,008 - aiogram.dispatcher - INFO - Start polling
2026-03-26 18:02:58,064 - aiogram.dispatcher - INFO - Run polling for bot @trrrrdbiin_bot id=7349237883 - 'trrrrdbiinbot'
2026-03-26 18:07:55,119 - aiogram.event - INFO - Update id=313222000 is handled. Duration 530 ms by bot id=7349237883
2026-03-26 20:09:00,073 - aiogram.dispatcher - ERROR - Failed to fetch updates - TelegramNetworkError: HTTP Client says - Request timeout error
2026-03-26 20:09:00,154 - aiogram.dispatcher - WARNING - Sleep for 1.000000 seconds and try again... (tryings = 0, bot id = 7349237883)
2026-03-26 20:09:00,170 - trade_manager - ERROR - Не удалось получить баланс: binance GET https://api.binance.com/api/v3/account?timestamp=1774552139975&recvWindow=10000&signature=a95d7d4d92cc96a3ffe9e7cedff9f1fe738f485559f6e39b6a3fdc773c2d6f72
2026-03-26 20:09:01,212 - aiogram.dispatcher - ERROR - Failed to fetch updates - TelegramNetworkError: HTTP Client says - ClientConnectorDNSError: Cannot connect to host api.telegram.org:443 ssl:default [Could not contact DNS servers]
2026-03-26 20:09:01,212 - aiogram.dispatcher - WARNING - Sleep for 1.234153 seconds and try again... (tryings = 1, bot id = 7349237883)
2026-03-26 20:09:02,460 - aiogram.dispatcher - ERROR - Failed to fetch updates - TelegramNetworkError: HTTP Client says - ClientConnectorDNSError: Cannot connect to host api.telegram.org:443 ssl:default [Could not contact DNS servers]
2026-03-26 20:09:02,460 - aiogram.dispatcher - WARNING - Sleep for 1.569632 seconds and try again... (tryings = 2, bot id = 7349237883)
2026-03-26 20:09:04,046 - aiogram.dispatcher - ERROR - Failed to fetch updates - TelegramNetworkError: HTTP Client says - ClientConnectorDNSError: Cannot connect to host api.telegram.org:443 ssl:default [Could not contact DNS servers]
2026-03-26 20:09:04,046 - aiogram.dispatcher - WARNING - Sleep for 1.992675 seconds and try again... (tryings = 3, bot id = 7349237883)
2026-03-26 22:04:10,286 - aiogram.dispatcher - ERROR - Failed to fetch updates - TelegramNetworkError: HTTP Client says - ClientConnectorDNSError: Cannot connect to host api.telegram.org:443 ssl:default [Could not contact DNS servers]
2026-03-26 22:04:10,286 - aiogram.dispatcher - WARNING - Sleep for 2.707753 seconds and try again... (tryings = 4, bot id = 7349237883)
2026-03-26 22:04:10,312 - trade_manager - ERROR - Не удалось получить баланс: binance GET https://api.binance.com/api/v3/account?timestamp=1774559050262&recvWindow=10000&signature=8f163d029efc9ef095a5663e129fae5843e36c7b7b2f01f0444202aebffcb993
2026-03-26 22:04:15,409 - aiogram.dispatcher - INFO - Connection established (tryings = 5, bot id = 7349237883)
2026-03-26 22:04:15,589 - aiogram.event - INFO - Update id=313222001 is handled. Duration 171 ms by bot id=7349237883
2026-03-26 22:09:42,489 - aiogram.event - INFO - Update id=313222002 is handled. Duration 189640 ms by bot id=7349237883
2026-03-26 22:16:47,133 - aiogram.event - INFO - Update id=313222003 is handled. Duration 79 ms by bot id=7349237883
2026-03-27 07:42:39,437 - aiogram.event - INFO - Update id=313222004 is handled. Duration 108 ms by bot id=7349237883
2026-03-27 09:12:02,667 - aiogram.event - INFO - Update id=313222005 is handled. Duration 192610 ms by bot id=7349237883
2026-03-27 09:17:00,547 - aiogram.dispatcher - INFO - Polling stopped for bot @trrrrdbiin_bot id=7349237883 - 'trrrrdbiinbot'
2026-03-27 09:17:00,548 - aiogram.dispatcher - INFO - Polling stopped
2026-03-27 14:03:04,033 - aiogram.dispatcher - INFO - Start polling
2026-03-27 14:03:06,610 - aiogram.dispatcher - INFO - Run polling for bot @trrrrdbiin_bot id=7349237883 - 'trrrrdbiinbot'
2026-03-27 14:06:08,721 - aiogram.event - INFO - Update id=313222006 is handled. Duration 125 ms by bot id=7349237883
2026-03-27 14:36:20,798 - aiogram.event - INFO - Update id=313222007 is handled. Duration 189031 ms by bot id=7349237883
2026-03-28 13:35:11,847 - aiogram.event - INFO - Update id=313222008 is handled. Duration 219 ms by bot id=7349237883
2026-03-28 21:47:04,644 - aiogram.event - INFO - Update id=313222009 is handled. Duration 157 ms by bot id=7349237883
2026-03-29 12:59:44,176 - aiogram.dispatcher - ERROR - Failed to fetch updates - TelegramNetworkError: HTTP Client says - Request timeout error
2026-03-29 12:59:44,466 - aiogram.dispatcher - WARNING - Sleep for 1.000000 seconds and try again... (tryings = 0, bot id = 7349237883)
2026-03-29 16:01:25,848 - aiogram.dispatcher - ERROR - Failed to fetch updates - TelegramNetworkError: HTTP Client says - Request timeout error
2026-03-29 16:01:25,849 - aiogram.dispatcher - WARNING - Sleep for 1.357136 seconds and try again... (tryings = 1, bot id = 7349237883)
2026-03-29 16:01:37,425 - aiogram.dispatcher - INFO - Connection established (tryings = 2, bot id = 7349237883)
2026-03-29 20:58:33,791 - aiogram.dispatcher - ERROR - Failed to fetch updates - TelegramNetworkError: HTTP Client says - Request timeout error
2026-03-29 20:58:33,791 - aiogram.dispatcher - WARNING - Sleep for 1.000000 seconds and try again... (tryings = 0, bot id = 7349237883)
2026-03-29 20:58:37,313 - aiogram.dispatcher - ERROR - Failed to fetch updates - TelegramNetworkError: HTTP Client says - ClientConnectorError: Cannot connect to host api.telegram.org:443 ssl:default [Connect call failed ('149.154.166.110', 443)]
2026-03-29 20:58:37,314 - aiogram.dispatcher - WARNING - Sleep for 1.231327 seconds and try again... (tryings = 1, bot id = 7349237883)
2026-03-29 20:58:48,882 - aiogram.dispatcher - INFO - Connection established (tryings = 2, bot id = 7349237883)
2026-03-29 21:12:14,581 - aiogram.event - INFO - Update id=313222010 is handled. Duration 327 ms by bot id=7349237883
2026-03-29 21:12:15,981 - aiogram.event - INFO - Update id=313222011 is handled. Duration 77 ms by bot id=7349237883
2026-03-30 10:59:07,499 - aiogram.dispatcher - ERROR - Failed to fetch updates - TelegramNetworkError: HTTP Client says - Request timeout error
2026-03-30 10:59:07,514 - aiogram.dispatcher - WARNING - Sleep for 1.000000 seconds and try again... (tryings = 0, bot id = 7349237883)
2026-03-30 10:59:18,747 - aiogram.dispatcher - INFO - Connection established (tryings = 1, bot id = 7349237883)
2026-03-30 10:59:38,671 - aiogram.dispatcher - INFO - Polling stopped for bot @trrrrdbiin_bot id=7349237883 - 'trrrrdbiinbot'
2026-03-30 10:59:38,675 - aiogram.dispatcher - INFO - Polling stopped
2026-03-30 12:21:41,817 - aiogram.dispatcher - INFO - Start polling
2026-03-30 12:21:44,412 - aiogram.dispatcher - INFO - Run polling for bot @trrrrdbiin_bot id=7349237883 - 'trrrrdbiinbot'
2026-03-30 12:21:45,522 - aiogram.event - INFO - Update id=313222012 is handled. Duration 141 ms by bot id=7349237883
2026-03-30 12:21:48,994 - aiogram.event - INFO - Update id=313222013 is handled. Duration 61 ms by bot id=7349237883
2026-03-30 12:30:30,319 - aiogram.event - INFO - Update id=313222014 is handled. Duration 125 ms by bot id=7349237883
2026-03-30 12:59:32,179 - aiogram.event - INFO - Update id=313222015 is handled. Duration 156 ms by bot id=7349237883
2026-03-30 12:59:41,961 - aiogram.dispatcher - INFO - Polling stopped for bot @trrrrdbiin_bot id=7349237883 - 'trrrrdbiinbot'
2026-03-30 12:59:41,962 - aiogram.dispatcher - INFO - Polling stopped
2026-03-30 13:00:59,089 - aiogram.dispatcher - INFO - Start polling
2026-03-30 13:00:59,090 - __main__ - INFO - Background Auto-Scan Task STARTED
2026-03-30 13:00:59,090 - __main__ - INFO - --- STARTING 15-MIN AUTO-SCAN CYCLE ---
2026-03-30 13:01:02,018 - __main__ - INFO - Scanning progress: 0/604 symbols checked...
2026-03-30 13:01:02,179 - aiogram.dispatcher - INFO - Run polling for bot @trrrrdbiin_bot id=7349237883 - 'trrrrdbiinbot'
2026-03-30 13:01:15,448 - __main__ - INFO - Scanning progress: 50/604 symbols checked...
2026-03-30 13:01:28,842 - __main__ - INFO - Scanning progress: 100/604 symbols checked...
2026-03-30 13:01:42,306 - __main__ - INFO - Scanning progress: 150/604 symbols checked...
2026-03-30 13:01:56,150 - __main__ - INFO - Scanning progress: 200/604 symbols checked...
2026-03-30 13:02:10,698 - __main__ - INFO - Scanning progress: 250/604 symbols checked...
2026-03-30 13:02:24,582 - __main__ - INFO - Scanning progress: 300/604 symbols checked...
2026-03-30 13:02:38,383 - __main__ - INFO - Scanning progress: 350/604 symbols checked...
2026-03-30 13:02:52,707 - __main__ - INFO - Scanning progress: 400/604 symbols checked...
2026-03-30 13:03:07,500 - __main__ - INFO - Scanning progress: 450/604 symbols checked...
2026-03-30 13:03:22,081 - __main__ - INFO - Scanning progress: 500/604 symbols checked...
2026-03-30 13:03:35,370 - __main__ - INFO - Scanning progress: 550/604 symbols checked...
2026-03-30 13:03:48,811 - __main__ - INFO - Scanning progress: 600/604 symbols checked...
2026-03-30 13:03:49,875 - __main__ - INFO - --- AUTO-SCAN CYCLE FINISHED ---
2026-03-30 13:10:38,168 - aiogram.event - INFO - Update id=313222016 is handled. Duration 390 ms by bot id=7349237883
2026-03-30 13:10:38,302 - __main__ - INFO - Scanning progress: 0/604 symbols checked...
2026-03-30 13:10:54,851 - __main__ - INFO - Scanning progress: 50/604 symbols checked...
2026-03-30 13:11:08,634 - __main__ - INFO - Scanning progress: 100/604 symbols checked...
2026-03-30 13:11:24,249 - __main__ - INFO - Scanning progress: 150/604 symbols checked...
2026-03-30 13:11:38,041 - __main__ - INFO - Scanning progress: 200/604 symbols checked...
2026-03-30 13:11:51,968 - __main__ - INFO - Scanning progress: 250/604 symbols checked...
2026-03-30 13:12:08,093 - __main__ - INFO - Scanning progress: 300/604 symbols checked...
2026-03-30 13:12:23,698 - __main__ - INFO - Scanning progress: 350/604 symbols checked...
2026-03-30 13:12:37,475 - __main__ - INFO - Scanning progress: 400/604 symbols checked...
2026-03-30 13:12:51,322 - __main__ - INFO - Scanning progress: 450/604 symbols checked...
2026-03-30 13:13:06,586 - __main__ - INFO - Scanning progress: 500/604 symbols checked...
2026-03-30 13:13:21,870 - __main__ - INFO - Scanning progress: 550/604 symbols checked...
2026-03-30 13:13:37,933 - __main__ - INFO - Scanning progress: 600/604 symbols checked...
2026-03-30 13:18:49,891 - __main__ - INFO - --- STARTING 15-MIN AUTO-SCAN CYCLE ---
2026-03-30 13:18:49,907 - __main__ - INFO - Scanning progress: 0/604 symbols checked...
2026-03-30 13:19:03,555 - __main__ - INFO - Scanning progress: 50/604 symbols checked...
2026-03-30 13:19:17,953 - __main__ - INFO - Scanning progress: 100/604 symbols checked...
2026-03-30 13:19:31,840 - __main__ - INFO - Scanning progress: 150/604 symbols checked...
2026-03-30 13:19:46,164 - __main__ - INFO - Scanning progress: 200/604 symbols checked...
2026-03-30 13:19:59,987 - __main__ - INFO - Scanning progress: 250/604 symbols checked...
2026-03-30 13:20:14,981 - __main__ - INFO - Scanning progress: 300/604 symbols checked...
2026-03-30 13:20:30,707 - __main__ - INFO - Scanning progress: 350/604 symbols checked...
2026-03-30 13:20:45,072 - __main__ - INFO - Scanning progress: 400/604 symbols checked...
2026-03-30 13:20:58,539 - __main__ - INFO - Scanning progress: 450/604 symbols checked...
2026-03-30 13:21:12,079 - __main__ - INFO - Scanning progress: 500/604 symbols checked...
2026-03-30 13:21:26,057 - __main__ - INFO - Scanning progress: 550/604 symbols checked...
2026-03-30 13:21:40,043 - __main__ - INFO - Scanning progress: 600/604 symbols checked...
2026-03-30 13:21:41,094 - __main__ - INFO - --- AUTO-SCAN CYCLE FINISHED ---
2026-03-30 13:26:01,159 - aiogram.dispatcher - INFO - Polling stopped for bot @trrrrdbiin_bot id=7349237883 - 'trrrrdbiinbot'
2026-03-30 13:26:01,168 - aiogram.dispatcher - INFO - Polling stopped
2026-03-30 15:13:18,343 - aiogram.dispatcher - INFO - Start polling
2026-03-30 15:13:18,344 - __main__ - INFO - Background Auto-Scan Task STARTED
2026-03-30 15:13:18,344 - __main__ - INFO - --- STARTING 15-MIN AUTO-SCAN CYCLE ---
2026-03-30 15:13:18,358 - data.fetcher - INFO - Using WHITELIST of 14 symbols.
2026-03-30 15:13:18,361 - __main__ - INFO - Scanning progress: 0/14 symbols checked...
2026-03-30 15:13:18,531 - aiogram.dispatcher - INFO - Run polling for bot @trrrrdbiin_bot id=7349237883 - 'trrrrdbiinbot'
2026-03-30 15:13:18,712 - aiogram.event - INFO - Update id=313222018 is handled. Duration 140 ms by bot id=7349237883
2026-03-30 15:13:18,735 - aiogram.event - INFO - Update id=313222017 is handled. Duration 170 ms by bot id=7349237883
2026-03-30 15:13:18,751 - aiogram.event - INFO - Update id=313222019 is handled. Duration 186 ms by bot id=7349237883
2026-03-30 15:13:24,525 - __main__ - INFO - --- AUTO-SCAN CYCLE FINISHED ---
2026-03-30 15:28:24,538 - __main__ - INFO - --- STARTING 15-MIN AUTO-SCAN CYCLE ---
2026-03-30 15:28:24,539 - data.fetcher - INFO - Using WHITELIST of 14 symbols.
2026-03-30 15:28:24,541 - __main__ - INFO - Scanning progress: 0/14 symbols checked...
2026-03-30 15:28:28,380 - __main__ - INFO - --- AUTO-SCAN CYCLE FINISHED ---
2026-03-30 15:43:28,388 - __main__ - INFO - --- STARTING 15-MIN AUTO-SCAN CYCLE ---
2026-03-30 15:43:28,389 - data.fetcher - INFO - Using WHITELIST of 14 symbols.
2026-03-30 15:43:28,390 - __main__ - INFO - Scanning progress: 0/14 symbols checked...
2026-03-30 15:43:32,154 - __main__ - INFO - --- AUTO-SCAN CYCLE FINISHED ---
2026-03-30 15:58:32,157 - __main__ - INFO - --- STARTING 15-MIN AUTO-SCAN CYCLE ---
2026-03-30 15:58:32,158 - data.fetcher - INFO - Using WHITELIST of 14 symbols.
2026-03-30 15:58:32,160 - __main__ - INFO - Scanning progress: 0/14 symbols checked...
2026-03-30 15:58:35,989 - __main__ - INFO - --- AUTO-SCAN CYCLE FINISHED ---
2026-03-30 16:13:35,997 - __main__ - INFO - --- STARTING 15-MIN AUTO-SCAN CYCLE ---
2026-03-30 16:13:35,998 - data.fetcher - INFO - Using WHITELIST of 14 symbols.
2026-03-30 16:13:36,006 - __main__ - INFO - Scanning progress: 0/14 symbols checked...
2026-03-30 16:13:39,837 - __main__ - INFO - --- AUTO-SCAN CYCLE FINISHED ---
2026-03-30 16:28:39,850 - __main__ - INFO - --- STARTING 15-MIN AUTO-SCAN CYCLE ---
2026-03-30 16:28:39,851 - data.fetcher - INFO - Using WHITELIST of 14 symbols.
2026-03-30 16:28:39,853 - __main__ - INFO - Scanning progress: 0/14 symbols checked...
2026-03-30 16:28:43,678 - __main__ - INFO - --- AUTO-SCAN CYCLE FINISHED ---
2026-03-30 16:43:43,686 - __main__ - INFO - --- STARTING 15-MIN AUTO-SCAN CYCLE ---
2026-03-30 16:43:43,687 - data.fetcher - INFO - Using WHITELIST of 14 symbols.
2026-03-30 16:43:43,690 - __main__ - INFO - Scanning progress: 0/14 symbols checked...
2026-03-30 16:43:47,505 - __main__ - INFO - --- AUTO-SCAN CYCLE FINISHED ---
2026-03-30 16:58:47,500 - __main__ - INFO - --- STARTING 15-MIN AUTO-SCAN CYCLE ---
2026-03-30 16:58:47,501 - data.fetcher - INFO - Using WHITELIST of 14 symbols.
2026-03-30 16:58:47,504 - __main__ - INFO - Scanning progress: 0/14 symbols checked...
2026-03-30 16:58:51,306 - __main__ - INFO - --- AUTO-SCAN CYCLE FINISHED ---
2026-03-30 17:13:51,308 - __main__ - INFO - --- STARTING 15-MIN AUTO-SCAN CYCLE ---
2026-03-30 17:13:51,309 - data.fetcher - INFO - Using WHITELIST of 14 symbols.
2026-03-30 17:13:51,311 - __main__ - INFO - Scanning progress: 0/14 symbols checked...
2026-03-30 17:13:55,148 - __main__ - INFO - --- AUTO-SCAN CYCLE FINISHED ---
2026-03-30 17:28:55,153 - __main__ - INFO - --- STARTING 15-MIN AUTO-SCAN CYCLE ---
2026-03-30 17:28:55,154 - data.fetcher - INFO - Using WHITELIST of 14 symbols.
2026-03-30 17:28:55,156 - __main__ - INFO - Scanning progress: 0/14 symbols checked...
2026-03-30 17:28:59,037 - __main__ - INFO - --- AUTO-SCAN CYCLE FINISHED ---
2026-03-30 17:43:59,051 - __main__ - INFO - --- STARTING 15-MIN AUTO-SCAN CYCLE ---
2026-03-30 17:43:59,052 - data.fetcher - INFO - Using WHITELIST of 14 symbols.
2026-03-30 17:43:59,054 - __main__ - INFO - Scanning progress: 0/14 symbols checked...
2026-03-30 17:44:02,890 - __main__ - INFO - --- AUTO-SCAN CYCLE FINISHED ---
2026-03-30 17:59:02,904 - __main__ - INFO - --- STARTING 15-MIN AUTO-SCAN CYCLE ---
2026-03-30 17:59:02,905 - data.fetcher - INFO - Using WHITELIST of 14 symbols.
2026-03-30 17:59:02,907 - __main__ - INFO - Scanning progress: 0/14 symbols checked...
2026-03-30 17:59:06,702 - __main__ - INFO - --- AUTO-SCAN CYCLE FINISHED ---
2026-03-30 18:14:06,716 - __main__ - INFO - --- STARTING 15-MIN AUTO-SCAN CYCLE ---
2026-03-30 18:14:06,719 - data.fetcher - INFO - Using WHITELIST of 14 symbols.
2026-03-30 18:14:06,721 - __main__ - INFO - Scanning progress: 0/14 symbols checked...
2026-03-30 18:14:10,570 - __main__ - INFO - --- AUTO-SCAN CYCLE FINISHED ---
2026-03-30 18:29:10,563 - __main__ - INFO - --- STARTING 15-MIN AUTO-SCAN CYCLE ---
2026-03-30 18:29:10,564 - data.fetcher - INFO - Using WHITELIST of 14 symbols.
2026-03-30 18:29:10,566 - __main__ - INFO - Scanning progress: 0/14 symbols checked...
2026-03-30 18:29:14,366 - __main__ - INFO - --- AUTO-SCAN CYCLE FINISHED ---
2026-03-30 18:44:14,375 - __main__ - INFO - --- STARTING 15-MIN AUTO-SCAN CYCLE ---
2026-03-30 18:44:14,376 - data.fetcher - INFO - Using WHITELIST of 14 symbols.
2026-03-30 18:44:14,379 - __main__ - INFO - Scanning progress: 0/14 symbols checked...
2026-03-30 18:44:18,197 - __main__ - INFO - --- AUTO-SCAN CYCLE FINISHED ---
2026-03-30 18:59:18,204 - __main__ - INFO - --- STARTING 15-MIN AUTO-SCAN CYCLE ---
2026-03-30 18:59:18,205 - data.fetcher - INFO - Using WHITELIST of 14 symbols.
2026-03-30 18:59:18,207 - __main__ - INFO - Scanning progress: 0/14 symbols checked...
2026-03-30 18:59:22,017 - __main__ - INFO - --- AUTO-SCAN CYCLE FINISHED ---
2026-03-30 19:07:06,838 - aiogram.event - INFO - Update id=313222020 is handled. Duration 172 ms by bot id=7349237883
2026-03-30 19:07:09,748 - aiogram.event - INFO - Update id=313222021 is handled. Duration 77 ms by bot id=7349237883
2026-03-30 19:07:13,580 - aiogram.event - INFO - Update id=313222022 is handled. Duration 62 ms by bot id=7349237883
2026-03-30 19:07:13,637 - data.fetcher - INFO - Using WHITELIST of 14 symbols.
2026-03-30 19:07:13,641 - __main__ - INFO - Scanning progress: 0/14 symbols checked...
2026-03-30 19:14:22,039 - __main__ - INFO - --- STARTING 15-MIN AUTO-SCAN CYCLE ---
2026-03-30 19:14:22,040 - data.fetcher - INFO - Using WHITELIST of 14 symbols.
2026-03-30 19:14:22,041 - __main__ - INFO - Scanning progress: 0/14 symbols checked...
2026-03-30 19:14:26,318 - __main__ - INFO - --- AUTO-SCAN CYCLE FINISHED ---
2026-03-30 19:29:26,320 - __main__ - INFO - --- STARTING 15-MIN AUTO-SCAN CYCLE ---
2026-03-30 19:29:26,321 - data.fetcher - INFO - Using WHITELIST of 14 symbols.
2026-03-30 19:29:26,323 - __main__ - INFO - Scanning progress: 0/14 symbols checked...
2026-03-30 19:29:30,141 - __main__ - INFO - --- AUTO-SCAN CYCLE FINISHED ---
2026-03-30 19:44:30,146 - __main__ - INFO - --- STARTING 15-MIN AUTO-SCAN CYCLE ---
2026-03-30 19:44:30,147 - data.fetcher - INFO - Using WHITELIST of 14 symbols.
2026-03-30 19:44:30,149 - __main__ - INFO - Scanning progress: 0/14 symbols checked...
2026-03-30 19:44:33,970 - __main__ - INFO - --- AUTO-SCAN CYCLE FINISHED ---
2026-03-30 19:59:33,980 - __main__ - INFO - --- STARTING 15-MIN AUTO-SCAN CYCLE ---
2026-03-30 19:59:33,981 - data.fetcher - INFO - Using WHITELIST of 14 symbols.
2026-03-30 19:59:33,982 - __main__ - INFO - Scanning progress: 0/14 symbols checked...
2026-03-30 19:59:37,858 - __main__ - INFO - --- AUTO-SCAN CYCLE FINISHED ---
2026-03-30 20:14:39,386 - __main__ - INFO - --- STARTING 15-MIN AUTO-SCAN CYCLE ---
2026-03-30 20:14:39,387 - data.fetcher - INFO - Using WHITELIST of 14 symbols.
2026-03-30 20:14:39,390 - __main__ - INFO - Scanning progress: 0/14 symbols checked...
2026-03-30 20:14:43,189 - __main__ - INFO - --- AUTO-SCAN CYCLE FINISHED ---
2026-03-30 20:29:43,186 - __main__ - INFO - --- STARTING 15-MIN AUTO-SCAN CYCLE ---
2026-03-30 20:29:43,187 - data.fetcher - INFO - Using WHITELIST of 14 symbols.
2026-03-30 20:29:43,195 - __main__ - INFO - Scanning progress: 0/14 symbols checked...
2026-03-30 20:29:47,039 - __main__ - INFO - --- AUTO-SCAN CYCLE FINISHED ---
2026-03-30 20:44:47,045 - __main__ - INFO - --- STARTING 15-MIN AUTO-SCAN CYCLE ---
2026-03-30 20:44:47,046 - data.fetcher - INFO - Using WHITELIST of 14 symbols.
2026-03-30 20:44:47,047 - __main__ - INFO - Scanning progress: 0/14 symbols checked...
2026-03-30 20:44:50,840 - __main__ - INFO - --- AUTO-SCAN CYCLE FINISHED ---
2026-03-30 20:59:50,849 - __main__ - INFO - --- STARTING 15-MIN AUTO-SCAN CYCLE ---
2026-03-30 20:59:50,851 - data.fetcher - INFO - Using WHITELIST of 14 symbols.
2026-03-30 20:59:50,871 - __main__ - INFO - Scanning progress: 0/14 symbols checked...
2026-03-30 20:59:54,723 - __main__ - INFO - --- AUTO-SCAN CYCLE FINISHED ---
2026-03-30 21:14:54,728 - __main__ - INFO - --- STARTING 15-MIN AUTO-SCAN CYCLE ---
2026-03-30 21:14:54,729 - data.fetcher - INFO - Using WHITELIST of 14 symbols.
2026-03-30 21:14:54,731 - __main__ - INFO - Scanning progress: 0/14 symbols checked...
2026-03-30 21:14:58,570 - __main__ - INFO - --- AUTO-SCAN CYCLE FINISHED ---
2026-03-30 21:29:58,559 - __main__ - INFO - --- STARTING 15-MIN AUTO-SCAN CYCLE ---
2026-03-30 21:29:58,560 - data.fetcher - INFO - Using WHITELIST of 14 symbols.
2026-03-30 21:29:58,562 - __main__ - INFO - Scanning progress: 0/14 symbols checked...
2026-03-30 21:30:04,029 - __main__ - INFO - --- AUTO-SCAN CYCLE FINISHED ---
2026-03-30 21:45:04,031 - __main__ - INFO - --- STARTING 15-MIN AUTO-SCAN CYCLE ---
2026-03-30 21:45:04,032 - data.fetcher - INFO - Using WHITELIST of 14 symbols.
2026-03-30 21:45:04,034 - __main__ - INFO - Scanning progress: 0/14 symbols checked...
2026-03-30 21:45:07,927 - __main__ - INFO - --- AUTO-SCAN CYCLE FINISHED ---
2026-03-30 22:00:07,928 - __main__ - INFO - --- STARTING 15-MIN AUTO-SCAN CYCLE ---
2026-03-30 22:00:07,929 - data.fetcher - INFO - Using WHITELIST of 14 symbols.
2026-03-30 22:00:07,935 - __main__ - INFO - Scanning progress: 0/14 symbols checked...
2026-03-30 22:00:11,779 - __main__ - INFO - --- AUTO-SCAN CYCLE FINISHED ---
2026-03-30 22:15:11,787 - __main__ - INFO - --- STARTING 15-MIN AUTO-SCAN CYCLE ---
2026-03-30 22:15:11,787 - data.fetcher - INFO - Using WHITELIST of 14 symbols.
2026-03-30 22:15:11,790 - __main__ - INFO - Scanning progress: 0/14 symbols checked...
2026-03-30 22:15:15,615 - __main__ - INFO - --- AUTO-SCAN CYCLE FINISHED ---
2026-03-30 22:30:15,626 - __main__ - INFO - --- STARTING 15-MIN AUTO-SCAN CYCLE ---
2026-03-30 22:30:15,629 - data.fetcher - INFO - Using WHITELIST of 14 symbols.
2026-03-30 22:30:15,632 - __main__ - INFO - Scanning progress: 0/14 symbols checked...
2026-03-30 22:30:19,477 - __main__ - INFO - --- AUTO-SCAN CYCLE FINISHED ---
2026-03-30 22:45:19,474 - __main__ - INFO - --- STARTING 15-MIN AUTO-SCAN CYCLE ---
2026-03-30 22:45:19,475 - data.fetcher - INFO - Using WHITELIST of 14 symbols.
2026-03-30 22:45:19,476 - __main__ - INFO - Scanning progress: 0/14 symbols checked...
2026-03-30 22:45:23,291 - __main__ - INFO - --- AUTO-SCAN CYCLE FINISHED ---
2026-03-30 23:00:23,313 - __main__ - INFO - --- STARTING 15-MIN AUTO-SCAN CYCLE ---
2026-03-30 23:00:23,314 - data.fetcher - INFO - Using WHITELIST of 14 symbols.
2026-03-30 23:00:23,321 - __main__ - INFO - Scanning progress: 0/14 symbols checked...
2026-03-30 23:00:27,191 - __main__ - INFO - --- AUTO-SCAN CYCLE FINISHED ---
2026-03-30 23:15:27,200 - __main__ - INFO - --- STARTING 15-MIN AUTO-SCAN CYCLE ---
2026-03-30 23:15:27,214 - data.fetcher - INFO - Using WHITELIST of 14 symbols.
2026-03-30 23:15:27,225 - __main__ - INFO - Scanning progress: 0/14 symbols checked...
2026-03-30 23:15:31,209 - __main__ - INFO - --- AUTO-SCAN CYCLE FINISHED ---
2026-03-30 23:30:31,211 - __main__ - INFO - --- STARTING 15-MIN AUTO-SCAN CYCLE ---
2026-03-30 23:30:31,233 - data.fetcher - INFO - Using WHITELIST of 14 symbols.
2026-03-30 23:30:31,256 - __main__ - INFO - Scanning progress: 0/14 symbols checked...
2026-03-30 23:30:35,086 - __main__ - INFO - --- AUTO-SCAN CYCLE FINISHED ---
2026-03-30 23:45:35,080 - __main__ - INFO - --- STARTING 15-MIN AUTO-SCAN CYCLE ---
2026-03-30 23:45:35,082 - data.fetcher - INFO - Using WHITELIST of 14 symbols.
2026-03-30 23:45:35,083 - __main__ - INFO - Scanning progress: 0/14 symbols checked...
2026-03-30 23:45:38,867 - __main__ - INFO - --- AUTO-SCAN CYCLE FINISHED ---
2026-03-31 00:00:38,881 - __main__ - INFO - --- STARTING 15-MIN AUTO-SCAN CYCLE ---
2026-03-31 00:00:38,902 - data.fetcher - INFO - Using WHITELIST of 14 symbols.
2026-03-31 00:00:38,913 - __main__ - INFO - Scanning progress: 0/14 symbols checked...
2026-03-31 00:00:43,233 - __main__ - INFO - --- AUTO-SCAN CYCLE FINISHED ---
2026-03-31 00:04:03,029 - aiogram.dispatcher - INFO - Polling stopped for bot @trrrrdbiin_bot id=7349237883 - 'trrrrdbiinbot'
2026-03-31 00:04:03,037 - aiogram.dispatcher - INFO - Polling stopped
2026-03-31 00:04:25,624 - aiogram.dispatcher - INFO - Start polling
2026-03-31 00:04:25,625 - __main__ - INFO - Background Auto-Scan Task STARTED
2026-03-31 00:04:25,625 - __main__ - INFO - --- STARTING 15-MIN AUTO-SCAN CYCLE ---
2026-03-31 00:04:25,626 - data.fetcher - INFO - Using WHITELIST of 19 symbols.
2026-03-31 00:04:25,628 - __main__ - INFO - Scanning progress: 0/19 symbols checked...
2026-03-31 00:04:25,985 - aiogram.dispatcher - INFO - Run polling for bot @trrrrdbiin_bot id=7349237883 - 'trrrrdbiinbot'
2026-03-31 00:04:33,796 - __main__ - INFO - --- AUTO-SCAN CYCLE FINISHED ---
2026-03-31 00:09:58,566 - data.fetcher - INFO - Using WHITELIST of 19 symbols.
2026-03-31 00:10:06,870 - __main__ - ERROR - Plot error for TRX/USDT: zero-size array to reduction operation maximum which has no identity
2026-03-31 00:10:06,902 - __main__ - ERROR - Plot error for WLFI/USDT: zero-size array to reduction operation maximum which has no identity
2026-03-31 00:10:06,983 - aiogram.event - INFO - Update id=313222023 is handled. Duration 9031 ms by bot id=7349237883
2026-03-31 00:13:49,996 - aiogram.dispatcher - INFO - Polling stopped for bot @trrrrdbiin_bot id=7349237883 - 'trrrrdbiinbot'
2026-03-31 00:13:50,008 - aiogram.dispatcher - INFO - Polling stopped
2026-03-31 00:14:02,835 - aiogram.dispatcher - INFO - Start polling
2026-03-31 00:14:02,835 - __main__ - INFO - Background Auto-Scan Task STARTED
2026-03-31 00:14:02,835 - __main__ - INFO - --- STARTING 15-MIN AUTO-SCAN CYCLE ---
2026-03-31 00:14:02,837 - data.fetcher - INFO - Using WHITELIST of 19 symbols.
2026-03-31 00:14:02,839 - __main__ - INFO - Scanning progress: 0/19 symbols checked...
2026-03-31 00:14:03,023 - aiogram.dispatcher - INFO - Run polling for bot @trrrrdbiin_bot id=7349237883 - 'trrrrdbiinbot'
2026-03-31 00:14:10,859 - __main__ - INFO - --- AUTO-SCAN CYCLE FINISHED ---
2026-03-31 00:29:10,872 - __main__ - INFO - --- STARTING 15-MIN AUTO-SCAN CYCLE ---
2026-03-31 00:29:10,888 - data.fetcher - INFO - Using WHITELIST of 19 symbols.
2026-03-31 00:29:10,904 - __main__ - INFO - Scanning progress: 0/19 symbols checked...
2026-03-31 00:29:16,282 - __main__ - INFO - --- AUTO-SCAN CYCLE FINISHED ---
2026-03-31 00:44:16,299 - __main__ - INFO - --- STARTING 15-MIN AUTO-SCAN CYCLE ---
2026-03-31 00:44:16,299 - data.fetcher - INFO - Using WHITELIST of 19 symbols.
2026-03-31 00:44:16,299 - __main__ - INFO - Scanning progress: 0/19 symbols checked...
2026-03-31 00:44:21,469 - __main__ - INFO - --- AUTO-SCAN CYCLE FINISHED ---
2026-03-31 00:59:21,482 - __main__ - INFO - --- STARTING 15-MIN AUTO-SCAN CYCLE ---
2026-03-31 00:59:21,482 - data.fetcher - INFO - Using WHITELIST of 19 symbols.
2026-03-31 00:59:21,482 - __main__ - INFO - Scanning progress: 0/19 symbols checked...
2026-03-31 00:59:26,615 - __main__ - INFO - --- AUTO-SCAN CYCLE FINISHED ---
2026-03-31 01:14:26,623 - __main__ - INFO - --- STARTING 15-MIN AUTO-SCAN CYCLE ---
2026-03-31 01:14:26,626 - data.fetcher - INFO - Using WHITELIST of 19 symbols.
2026-03-31 01:14:26,632 - __main__ - INFO - Scanning progress: 0/19 symbols checked...
2026-03-31 01:14:32,278 - __main__ - INFO - --- AUTO-SCAN CYCLE FINISHED ---
2026-03-31 01:29:32,297 - __main__ - INFO - --- STARTING 15-MIN AUTO-SCAN CYCLE ---
2026-03-31 01:29:32,297 - data.fetcher - INFO - Using WHITELIST of 19 symbols.
2026-03-31 01:29:32,301 - __main__ - INFO - Scanning progress: 0/19 symbols checked...
2026-03-31 01:29:37,417 - __main__ - INFO - --- AUTO-SCAN CYCLE FINISHED ---
2026-03-31 01:44:37,439 - __main__ - INFO - --- STARTING 15-MIN AUTO-SCAN CYCLE ---
2026-03-31 01:44:37,441 - data.fetcher - INFO - Using WHITELIST of 19 symbols.
2026-03-31 01:44:37,443 - __main__ - INFO - Scanning progress: 0/19 symbols checked...
2026-03-31 01:44:42,569 - __main__ - INFO - --- AUTO-SCAN CYCLE FINISHED ---
2026-03-31 01:59:42,557 - __main__ - INFO - --- STARTING 15-MIN AUTO-SCAN CYCLE ---
2026-03-31 01:59:42,557 - data.fetcher - INFO - Using WHITELIST of 19 symbols.
2026-03-31 01:59:42,573 - __main__ - INFO - Scanning progress: 0/19 symbols checked...
2026-03-31 01:59:47,711 - __main__ - INFO - --- AUTO-SCAN CYCLE FINISHED ---
2026-03-31 02:14:47,704 - __main__ - INFO - --- STARTING 15-MIN AUTO-SCAN CYCLE ---
2026-03-31 02:14:47,704 - data.fetcher - INFO - Using WHITELIST of 19 symbols.
2026-03-31 02:14:47,708 - __main__ - INFO - Scanning progress: 0/19 symbols checked...
2026-03-31 02:14:52,924 - __main__ - INFO - --- AUTO-SCAN CYCLE FINISHED ---
2026-03-31 02:29:52,935 - __main__ - INFO - --- STARTING 15-MIN AUTO-SCAN CYCLE ---
2026-03-31 02:29:52,935 - data.fetcher - INFO - Using WHITELIST of 19 symbols.
2026-03-31 02:29:52,935 - __main__ - INFO - Scanning progress: 0/19 symbols checked...
2026-03-31 02:29:58,087 - __main__ - INFO - --- AUTO-SCAN CYCLE FINISHED ---
2026-03-31 02:44:58,092 - __main__ - INFO - --- STARTING 15-MIN AUTO-SCAN CYCLE ---
2026-03-31 02:44:58,092 - data.fetcher - INFO - Using WHITELIST of 19 symbols.
2026-03-31 02:44:58,092 - __main__ - INFO - Scanning progress: 0/19 symbols checked...
2026-03-31 02:45:04,601 - __main__ - INFO - --- AUTO-SCAN CYCLE FINISHED ---
2026-03-31 03:00:04,611 - __main__ - INFO - --- STARTING 15-MIN AUTO-SCAN CYCLE ---
2026-03-31 03:00:04,611 - data.fetcher - INFO - Using WHITELIST of 19 symbols.
2026-03-31 03:00:04,611 - __main__ - INFO - Scanning progress: 0/19 symbols checked...
2026-03-31 03:00:10,363 - __main__ - INFO - --- AUTO-SCAN CYCLE FINISHED ---
2026-03-31 03:15:10,363 - __main__ - INFO - --- STARTING 15-MIN AUTO-SCAN CYCLE ---
2026-03-31 03:15:10,363 - data.fetcher - INFO - Using WHITELIST of 19 symbols.
2026-03-31 03:15:10,366 - __main__ - INFO - Scanning progress: 0/19 symbols checked...
2026-03-31 03:15:15,452 - __main__ - INFO - --- AUTO-SCAN CYCLE FINISHED ---
2026-03-31 03:30:15,466 - __main__ - INFO - --- STARTING 15-MIN AUTO-SCAN CYCLE ---
2026-03-31 03:30:15,466 - data.fetcher - INFO - Using WHITELIST of 19 symbols.
2026-03-31 03:30:15,466 - __main__ - INFO - Scanning progress: 0/19 symbols checked...
2026-03-31 03:30:20,595 - __main__ - INFO - --- AUTO-SCAN CYCLE FINISHED ---
2026-03-31 03:45:20,603 - __main__ - INFO - --- STARTING 15-MIN AUTO-SCAN CYCLE ---
2026-03-31 03:45:20,603 - data.fetcher - INFO - Using WHITELIST of 19 symbols.
2026-03-31 03:45:20,603 - __main__ - INFO - Scanning progress: 0/19 symbols checked...
2026-03-31 03:45:25,764 - __main__ - INFO - --- AUTO-SCAN CYCLE FINISHED ---
2026-03-31 04:00:25,775 - __main__ - INFO - --- STARTING 15-MIN AUTO-SCAN CYCLE ---
2026-03-31 04:00:25,775 - data.fetcher - INFO - Using WHITELIST of 19 symbols.
2026-03-31 04:00:25,775 - __main__ - INFO - Scanning progress: 0/19 symbols checked...
2026-03-31 04:00:31,762 - __main__ - INFO - --- AUTO-SCAN CYCLE FINISHED ---
2026-03-31 04:15:31,771 - __main__ - INFO - --- STARTING 15-MIN AUTO-SCAN CYCLE ---
2026-03-31 04:15:31,771 - data.fetcher - INFO - Using WHITELIST of 19 symbols.
2026-03-31 04:15:31,771 - __main__ - INFO - Scanning progress: 0/19 symbols checked...
2026-03-31 04:15:36,887 - __main__ - INFO - --- AUTO-SCAN CYCLE FINISHED ---
2026-03-31 04:30:36,900 - __main__ - INFO - --- STARTING 15-MIN AUTO-SCAN CYCLE ---
2026-03-31 04:30:36,900 - data.fetcher - INFO - Using WHITELIST of 19 symbols.
2026-03-31 04:30:36,900 - __main__ - INFO - Scanning progress: 0/19 symbols checked...
2026-03-31 04:30:42,082 - __main__ - INFO - --- AUTO-SCAN CYCLE FINISHED ---
2026-03-31 04:45:42,086 - __main__ - INFO - --- STARTING 15-MIN AUTO-SCAN CYCLE ---
2026-03-31 04:45:42,086 - data.fetcher - INFO - Using WHITELIST of 19 symbols.
2026-03-31 04:45:42,086 - __main__ - INFO - Scanning progress: 0/19 symbols checked...
2026-03-31 04:45:47,210 - __main__ - INFO - --- AUTO-SCAN CYCLE FINISHED ---
2026-03-31 05:00:47,203 - __main__ - INFO - --- STARTING 15-MIN AUTO-SCAN CYCLE ---
2026-03-31 05:00:47,203 - data.fetcher - INFO - Using WHITELIST of 19 symbols.
2026-03-31 05:00:47,203 - __main__ - INFO - Scanning progress: 0/19 symbols checked...
2026-03-31 05:00:52,335 - __main__ - INFO - --- AUTO-SCAN CYCLE FINISHED ---
2026-03-31 05:15:52,338 - __main__ - INFO - --- STARTING 15-MIN AUTO-SCAN CYCLE ---
2026-03-31 05:15:52,338 - data.fetcher - INFO - Using WHITELIST of 19 symbols.
2026-03-31 05:15:52,338 - __main__ - INFO - Scanning progress: 0/19 symbols checked...
2026-03-31 05:15:57,483 - __main__ - INFO - --- AUTO-SCAN CYCLE FINISHED ---
2026-03-31 05:30:57,518 - __main__ - INFO - --- STARTING 15-MIN AUTO-SCAN CYCLE ---
2026-03-31 05:30:57,518 - data.fetcher - INFO - Using WHITELIST of 19 symbols.
2026-03-31 05:30:57,518 - __main__ - INFO - Scanning progress: 0/19 symbols checked...
2026-03-31 05:31:02,665 - __main__ - INFO - --- AUTO-SCAN CYCLE FINISHED ---
2026-03-31 05:46:02,739 - __main__ - INFO - --- STARTING 15-MIN AUTO-SCAN CYCLE ---
2026-03-31 05:46:02,739 - data.fetcher - INFO - Using WHITELIST of 19 symbols.
2026-03-31 05:46:02,739 - __main__ - INFO - Scanning progress: 0/19 symbols checked...
2026-03-31 05:46:07,883 - __main__ - INFO - --- AUTO-SCAN CYCLE FINISHED ---
2026-03-31 06:01:07,944 - __main__ - INFO - --- STARTING 15-MIN AUTO-SCAN CYCLE ---
2026-03-31 06:01:07,944 - data.fetcher - INFO - Using WHITELIST of 19 symbols.
2026-03-31 06:01:07,944 - __main__ - INFO - Scanning progress: 0/19 symbols checked...
2026-03-31 06:01:13,039 - __main__ - INFO - --- AUTO-SCAN CYCLE FINISHED ---
2026-03-31 06:16:13,090 - __main__ - INFO - --- STARTING 15-MIN AUTO-SCAN CYCLE ---
2026-03-31 06:16:13,090 - data.fetcher - INFO - Using WHITELIST of 19 symbols.
2026-03-31 06:16:13,090 - __main__ - INFO - Scanning progress: 0/19 symbols checked...
2026-03-31 06:16:18,220 - __main__ - INFO - --- AUTO-SCAN CYCLE FINISHED ---
2026-03-31 06:31:18,261 - __main__ - INFO - --- STARTING 15-MIN AUTO-SCAN CYCLE ---
2026-03-31 06:31:18,261 - data.fetcher - INFO - Using WHITELIST of 19 symbols.
2026-03-31 06:31:18,261 - __main__ - INFO - Scanning progress: 0/19 symbols checked...
2026-03-31 06:31:23,444 - __main__ - INFO - --- AUTO-SCAN CYCLE FINISHED ---
2026-03-31 06:46:23,469 - __main__ - INFO - --- STARTING 15-MIN AUTO-SCAN CYCLE ---
2026-03-31 06:46:23,469 - data.fetcher - INFO - Using WHITELIST of 19 symbols.
2026-03-31 06:46:23,469 - __main__ - INFO - Scanning progress: 0/19 symbols checked...
2026-03-31 06:46:29,054 - __main__ - INFO - --- AUTO-SCAN CYCLE FINISHED ---
2026-03-31 07:01:29,079 - __main__ - INFO - --- STARTING 15-MIN AUTO-SCAN CYCLE ---
2026-03-31 07:01:29,079 - data.fetcher - INFO - Using WHITELIST of 19 symbols.
2026-03-31 07:01:29,083 - __main__ - INFO - Scanning progress: 0/19 symbols checked...
2026-03-31 07:01:34,120 - __main__ - INFO - --- AUTO-SCAN CYCLE FINISHED ---
2026-03-31 07:16:34,134 - __main__ - INFO - --- STARTING 15-MIN AUTO-SCAN CYCLE ---
2026-03-31 07:16:34,134 - data.fetcher - INFO - Using WHITELIST of 19 symbols.
2026-03-31 07:16:34,134 - __main__ - INFO - Scanning progress: 0/19 symbols checked...
2026-03-31 07:16:39,221 - __main__ - INFO - --- AUTO-SCAN CYCLE FINISHED ---
2026-03-31 07:31:39,234 - __main__ - INFO - --- STARTING 15-MIN AUTO-SCAN CYCLE ---
2026-03-31 07:31:39,234 - data.fetcher - INFO - Using WHITELIST of 19 symbols.
2026-03-31 07:31:39,234 - __main__ - INFO - Scanning progress: 0/19 symbols checked...
2026-03-31 07:31:44,383 - __main__ - INFO - --- AUTO-SCAN CYCLE FINISHED ---
2026-03-31 07:46:44,392 - __main__ - INFO - --- STARTING 15-MIN AUTO-SCAN CYCLE ---
2026-03-31 07:46:44,392 - data.fetcher - INFO - Using WHITELIST of 19 symbols.
2026-03-31 07:46:44,392 - __main__ - INFO - Scanning progress: 0/19 symbols checked...
2026-03-31 07:46:49,580 - __main__ - INFO - --- AUTO-SCAN CYCLE FINISHED ---
2026-03-31 08:01:49,593 - __main__ - INFO - --- STARTING 15-MIN AUTO-SCAN CYCLE ---
2026-03-31 08:01:49,595 - data.fetcher - INFO - Using WHITELIST of 19 symbols.
2026-03-31 08:01:49,595 - __main__ - INFO - Scanning progress: 0/19 symbols checked...
2026-03-31 08:01:55,249 - __main__ - INFO - --- AUTO-SCAN CYCLE FINISHED ---
2026-03-31 08:16:55,245 - __main__ - INFO - --- STARTING 15-MIN AUTO-SCAN CYCLE ---
2026-03-31 08:16:55,245 - data.fetcher - INFO - Using WHITELIST of 19 symbols.
2026-03-31 08:16:55,245 - __main__ - INFO - Scanning progress: 0/19 symbols checked...
2026-03-31 08:17:00,411 - __main__ - INFO - --- AUTO-SCAN CYCLE FINISHED ---
2026-03-31 08:32:00,417 - __main__ - INFO - --- STARTING 15-MIN AUTO-SCAN CYCLE ---
2026-03-31 08:32:00,417 - data.fetcher - INFO - Using WHITELIST of 19 symbols.
2026-03-31 08:32:00,417 - __main__ - INFO - Scanning progress: 0/19 symbols checked...
2026-03-31 08:32:05,590 - __main__ - INFO - --- AUTO-SCAN CYCLE FINISHED ---
2026-03-31 08:47:05,601 - __main__ - INFO - --- STARTING 15-MIN AUTO-SCAN CYCLE ---
2026-03-31 08:47:05,603 - data.fetcher - INFO - Using WHITELIST of 19 symbols.
2026-03-31 08:47:05,605 - __main__ - INFO - Scanning progress: 0/19 symbols checked...
2026-03-31 08:47:10,806 - __main__ - INFO - --- AUTO-SCAN CYCLE FINISHED ---
2026-03-31 08:49:33,071 - data.fetcher - INFO - Using WHITELIST of 19 symbols.
2026-03-31 08:49:40,150 - __main__ - ERROR - Plot error for WLFI/USDT: zero-size array to reduction operation maximum which has no identity
2026-03-31 08:49:40,174 - __main__ - ERROR - Plot error for TRX/USDT: zero-size array to reduction operation maximum which has no identity
2026-03-31 08:49:41,151 - __main__ - ERROR - Plot error for SHIB/USDT: zero-size array to reduction operation maximum which has no identity
2026-03-31 08:49:41,214 - aiogram.event - INFO - Update id=313222024 is handled. Duration 8342 ms by bot id=7349237883
2026-03-31 09:02:10,809 - __main__ - INFO - --- STARTING 15-MIN AUTO-SCAN CYCLE ---
2026-03-31 09:02:10,809 - data.fetcher - INFO - Using WHITELIST of 19 symbols.
2026-03-31 09:02:10,809 - __main__ - INFO - Scanning progress: 0/19 symbols checked...
2026-03-31 09:02:16,020 - __main__ - INFO - --- AUTO-SCAN CYCLE FINISHED ---
2026-03-31 09:17:16,030 - __main__ - INFO - --- STARTING 15-MIN AUTO-SCAN CYCLE ---
2026-03-31 09:17:16,031 - data.fetcher - INFO - Using WHITELIST of 19 symbols.
2026-03-31 09:17:16,035 - __main__ - INFO - Scanning progress: 0/19 symbols checked...
2026-03-31 09:17:21,198 - __main__ - INFO - --- AUTO-SCAN CYCLE FINISHED ---
2026-03-31 09:32:21,201 - __main__ - INFO - --- STARTING 15-MIN AUTO-SCAN CYCLE ---
2026-03-31 09:32:21,201 - data.fetcher - INFO - Using WHITELIST of 19 symbols.
2026-03-31 09:32:21,201 - __main__ - INFO - Scanning progress: 0/19 symbols checked...
2026-03-31 09:32:26,387 - __main__ - INFO - --- AUTO-SCAN CYCLE FINISHED ---
2026-03-31 09:47:26,398 - __main__ - INFO - --- STARTING 15-MIN AUTO-SCAN CYCLE ---
2026-03-31 09:47:26,408 - data.fetcher - INFO - Using WHITELIST of 19 symbols.
2026-03-31 09:47:26,418 - __main__ - INFO - Scanning progress: 0/19 symbols checked...
2026-03-31 09:47:31,678 - __main__ - INFO - --- AUTO-SCAN CYCLE FINISHED ---
2026-03-31 10:02:31,688 - __main__ - INFO - --- STARTING 15-MIN AUTO-SCAN CYCLE ---
2026-03-31 10:02:31,688 - data.fetcher - INFO - Using WHITELIST of 19 symbols.
2026-03-31 10:02:31,688 - __main__ - INFO - Scanning progress: 0/19 symbols checked...
2026-03-31 10:02:36,873 - __main__ - INFO - --- AUTO-SCAN CYCLE FINISHED ---
2026-03-31 10:17:36,879 - __main__ - INFO - --- STARTING 15-MIN AUTO-SCAN CYCLE ---
2026-03-31 10:17:36,879 - data.fetcher - INFO - Using WHITELIST of 19 symbols.
2026-03-31 10:17:36,879 - __main__ - INFO - Scanning progress: 0/19 symbols checked...
2026-03-31 10:17:42,073 - __main__ - INFO - --- AUTO-SCAN CYCLE FINISHED ---
2026-03-31 10:32:42,083 - __main__ - INFO - --- STARTING 15-MIN AUTO-SCAN CYCLE ---
2026-03-31 10:32:42,083 - data.fetcher - INFO - Using WHITELIST of 19 symbols.
2026-03-31 10:32:42,083 - __main__ - INFO - Scanning progress: 0/19 symbols checked...
2026-03-31 10:32:47,301 - __main__ - INFO - --- AUTO-SCAN CYCLE FINISHED ---
2026-03-31 10:47:47,315 - __main__ - INFO - --- STARTING 15-MIN AUTO-SCAN CYCLE ---
2026-03-31 10:47:47,315 - data.fetcher - INFO - Using WHITELIST of 19 symbols.
2026-03-31 10:47:47,315 - __main__ - INFO - Scanning progress: 0/19 symbols checked...
2026-03-31 10:47:52,520 - __main__ - INFO - --- AUTO-SCAN CYCLE FINISHED ---
2026-03-31 11:02:52,539 - __main__ - INFO - --- STARTING 15-MIN AUTO-SCAN CYCLE ---
2026-03-31 11:02:52,543 - data.fetcher - INFO - Using WHITELIST of 19 symbols.
2026-03-31 11:02:52,547 - __main__ - INFO - Scanning progress: 0/19 symbols checked...
2026-03-31 11:02:57,785 - __main__ - INFO - --- AUTO-SCAN CYCLE FINISHED ---
2026-03-31 11:17:57,814 - __main__ - INFO - --- STARTING 15-MIN AUTO-SCAN CYCLE ---
2026-03-31 11:17:57,830 - data.fetcher - INFO - Using WHITELIST of 19 symbols.
2026-03-31 11:17:57,840 - __main__ - INFO - Scanning progress: 0/19 symbols checked...
2026-03-31 11:18:03,538 - __main__ - INFO - --- AUTO-SCAN CYCLE FINISHED ---
2026-03-31 11:33:03,555 - __main__ - INFO - --- STARTING 15-MIN AUTO-SCAN CYCLE ---
2026-03-31 11:33:03,598 - data.fetcher - INFO - Using WHITELIST of 19 symbols.
2026-03-31 11:33:03,635 - __main__ - INFO - Scanning progress: 0/19 symbols checked...
2026-03-31 11:33:08,959 - __main__ - INFO - --- AUTO-SCAN CYCLE FINISHED ---
2026-03-31 11:48:08,985 - __main__ - INFO - --- STARTING 15-MIN AUTO-SCAN CYCLE ---
2026-03-31 11:48:08,996 - data.fetcher - INFO - Using WHITELIST of 19 symbols.
2026-03-31 11:48:09,004 - __main__ - INFO - Scanning progress: 0/19 symbols checked...
2026-03-31 11:48:14,284 - __main__ - INFO - --- AUTO-SCAN CYCLE FINISHED ---
2026-03-31 12:03:14,297 - __main__ - INFO - --- STARTING 15-MIN AUTO-SCAN CYCLE ---
2026-03-31 12:03:14,297 - data.fetcher - INFO - Using WHITELIST of 19 symbols.
2026-03-31 12:03:14,297 - __main__ - INFO - Scanning progress: 0/19 symbols checked...
2026-03-31 12:03:19,463 - __main__ - INFO - --- AUTO-SCAN CYCLE FINISHED ---
2026-03-31 12:18:19,473 - __main__ - INFO - --- STARTING 15-MIN AUTO-SCAN CYCLE ---
2026-03-31 12:18:19,489 - data.fetcher - INFO - Using WHITELIST of 19 symbols.
2026-03-31 12:18:19,521 - __main__ - INFO - Scanning progress: 0/19 symbols checked...
2026-03-31 12:18:24,693 - __main__ - INFO - --- AUTO-SCAN CYCLE FINISHED ---
2026-03-31 12:33:24,694 - __main__ - INFO - --- STARTING 15-MIN AUTO-SCAN CYCLE ---
2026-03-31 12:33:24,694 - data.fetcher - INFO - Using WHITELIST of 19 symbols.
2026-03-31 12:33:24,694 - __main__ - INFO - Scanning progress: 0/19 symbols checked...
2026-03-31 12:33:30,317 - __main__ - INFO - --- AUTO-SCAN CYCLE FINISHED ---
2026-03-31 12:48:30,327 - __main__ - INFO - --- STARTING 15-MIN AUTO-SCAN CYCLE ---
2026-03-31 12:48:30,327 - data.fetcher - INFO - Using WHITELIST of 19 symbols.
2026-03-31 12:48:30,329 - __main__ - INFO - Scanning progress: 0/19 symbols checked...
2026-03-31 12:48:35,550 - __main__ - INFO - --- AUTO-SCAN CYCLE FINISHED ---
2026-03-31 13:03:35,564 - __main__ - INFO - --- STARTING 15-MIN AUTO-SCAN CYCLE ---
2026-03-31 13:03:35,564 - data.fetcher - INFO - Using WHITELIST of 19 symbols.
2026-03-31 13:03:35,564 - __main__ - INFO - Scanning progress: 0/19 symbols checked...
2026-03-31 13:03:40,769 - __main__ - INFO - --- AUTO-SCAN CYCLE FINISHED ---
2026-03-31 13:18:40,785 - __main__ - INFO - --- STARTING 15-MIN AUTO-SCAN CYCLE ---
2026-03-31 13:18:40,785 - data.fetcher - INFO - Using WHITELIST of 19 symbols.
2026-03-31 13:18:40,785 - __main__ - INFO - Scanning progress: 0/19 symbols checked...
2026-03-31 13:18:46,064 - __main__ - INFO - --- AUTO-SCAN CYCLE FINISHED ---
2026-03-31 13:32:29,771 - data.fetcher - INFO - Using WHITELIST of 19 symbols.
2026-03-31 13:32:36,332 - __main__ - ERROR - Plot error for WLFI/USDT: zero-size array to reduction operation maximum which has no identity
2026-03-31 13:32:36,364 - __main__ - ERROR - Plot error for TRX/USDT: zero-size array to reduction operation maximum which has no identity
2026-03-31 13:32:36,397 - __main__ - ERROR - Plot error for SHIB/USDT: zero-size array to reduction operation maximum which has no identity
2026-03-31 13:32:36,460 - aiogram.event - INFO - Update id=313222025 is handled. Duration 6936 ms by bot id=7349237883
2026-03-31 13:33:46,061 - __main__ - INFO - --- STARTING 15-MIN AUTO-SCAN CYCLE ---
2026-03-31 13:33:46,061 - data.fetcher - INFO - Using WHITELIST of 19 symbols.
2026-03-31 13:33:46,061 - __main__ - INFO - Scanning progress: 0/19 symbols checked...
2026-03-31 13:33:51,171 - __main__ - INFO - --- AUTO-SCAN CYCLE FINISHED ---
2026-03-31 13:48:51,176 - __main__ - INFO - --- STARTING 15-MIN AUTO-SCAN CYCLE ---
2026-03-31 13:48:51,176 - data.fetcher - INFO - Using WHITELIST of 19 symbols.
2026-03-31 13:48:51,176 - __main__ - INFO - Scanning progress: 0/19 symbols checked...
2026-03-31 13:48:56,417 - __main__ - INFO - --- AUTO-SCAN CYCLE FINISHED ---
2026-03-31 14:03:56,423 - __main__ - INFO - --- STARTING 15-MIN AUTO-SCAN CYCLE ---
2026-03-31 14:03:56,423 - data.fetcher - INFO - Using WHITELIST of 19 symbols.
2026-03-31 14:03:56,423 - __main__ - INFO - Scanning progress: 0/19 symbols checked...
2026-03-31 14:04:01,636 - __main__ - INFO - --- AUTO-SCAN CYCLE FINISHED ---
2026-03-31 14:19:01,647 - __main__ - INFO - --- STARTING 15-MIN AUTO-SCAN CYCLE ---
2026-03-31 14:19:01,647 - data.fetcher - INFO - Using WHITELIST of 19 symbols.
2026-03-31 14:19:01,649 - __main__ - INFO - Scanning progress: 0/19 symbols checked...
2026-03-31 14:19:06,879 - __main__ - INFO - --- AUTO-SCAN CYCLE FINISHED ---
2026-03-31 14:34:06,963 - __main__ - INFO - --- STARTING 15-MIN AUTO-SCAN CYCLE ---
2026-03-31 14:34:06,963 - data.fetcher - INFO - Using WHITELIST of 19 symbols.
2026-03-31 14:34:06,966 - __main__ - INFO - Scanning progress: 0/19 symbols checked...
2026-03-31 14:34:12,186 - __main__ - INFO - --- AUTO-SCAN CYCLE FINISHED ---
2026-03-31 14:49:12,259 - __main__ - INFO - --- STARTING 15-MIN AUTO-SCAN CYCLE ---
2026-03-31 14:49:12,259 - data.fetcher - INFO - Using WHITELIST of 19 symbols.
2026-03-31 14:49:12,261 - __main__ - INFO - Scanning progress: 0/19 symbols checked...
2026-03-31 14:49:17,454 - __main__ - INFO - --- AUTO-SCAN CYCLE FINISHED ---
2026-03-31 15:04:17,495 - __main__ - INFO - --- STARTING 15-MIN AUTO-SCAN CYCLE ---
2026-03-31 15:04:17,495 - data.fetcher - INFO - Using WHITELIST of 19 symbols.
2026-03-31 15:04:17,495 - __main__ - INFO - Scanning progress: 0/19 symbols checked...
2026-03-31 15:04:22,765 - __main__ - INFO - --- AUTO-SCAN CYCLE FINISHED ---
2026-03-31 15:19:22,820 - __main__ - INFO - --- STARTING 15-MIN AUTO-SCAN CYCLE ---
2026-03-31 15:19:22,820 - data.fetcher - INFO - Using WHITELIST of 19 symbols.
2026-03-31 15:19:22,820 - __main__ - INFO - Scanning progress: 0/19 symbols checked...
2026-03-31 15:19:28,004 - __main__ - INFO - --- AUTO-SCAN CYCLE FINISHED ---
2026-03-31 15:34:28,042 - __main__ - INFO - --- STARTING 15-MIN AUTO-SCAN CYCLE ---
2026-03-31 15:34:28,042 - data.fetcher - INFO - Using WHITELIST of 19 symbols.
2026-03-31 15:34:28,042 - __main__ - INFO - Scanning progress: 0/19 symbols checked...
2026-03-31 15:34:33,634 - __main__ - INFO - --- AUTO-SCAN CYCLE FINISHED ---
2026-03-31 15:49:33,671 - __main__ - INFO - --- STARTING 15-MIN AUTO-SCAN CYCLE ---
2026-03-31 15:49:33,671 - data.fetcher - INFO - Using WHITELIST of 19 symbols.
2026-03-31 15:49:33,671 - __main__ - INFO - Scanning progress: 0/19 symbols checked...
2026-03-31 15:49:38,882 - __main__ - INFO - --- AUTO-SCAN CYCLE FINISHED ---
2026-03-31 16:04:38,905 - __main__ - INFO - --- STARTING 15-MIN AUTO-SCAN CYCLE ---
2026-03-31 16:04:38,905 - data.fetcher - INFO - Using WHITELIST of 19 symbols.
2026-03-31 16:04:38,905 - __main__ - INFO - Scanning progress: 0/19 symbols checked...
2026-03-31 16:04:44,098 - __main__ - INFO - --- AUTO-SCAN CYCLE FINISHED ---
2026-03-31 16:19:44,115 - __main__ - INFO - --- STARTING 15-MIN AUTO-SCAN CYCLE ---
2026-03-31 16:19:44,115 - data.fetcher - INFO - Using WHITELIST of 19 symbols.
2026-03-31 16:19:44,118 - __main__ - INFO - Scanning progress: 0/19 symbols checked...
2026-03-31 16:19:49,818 - __main__ - INFO - --- AUTO-SCAN CYCLE FINISHED ---
2026-03-31 16:27:15,441 - data.fetcher - INFO - Using WHITELIST of 19 symbols.
2026-03-31 16:27:22,361 - __main__ - ERROR - Plot error for WLFI/USDT: zero-size array to reduction operation maximum which has no identity
2026-03-31 16:27:22,373 - __main__ - ERROR - Plot error for TRX/USDT: zero-size array to reduction operation maximum which has no identity
2026-03-31 16:27:22,419 - __main__ - ERROR - Plot error for SHIB/USDT: zero-size array to reduction operation maximum which has no identity
2026-03-31 16:27:22,500 - aiogram.event - INFO - Update id=313222026 is handled. Duration 7233 ms by bot id=7349237883
2026-03-31 16:34:49,832 - __main__ - INFO - --- STARTING 15-MIN AUTO-SCAN CYCLE ---
2026-03-31 16:34:49,848 - data.fetcher - INFO - Using WHITELIST of 19 symbols.
2026-03-31 16:34:49,864 - __main__ - INFO - Scanning progress: 0/19 symbols checked...
2026-03-31 16:34:55,125 - __main__ - INFO - --- AUTO-SCAN CYCLE FINISHED ---
2026-03-31 16:49:55,131 - __main__ - INFO - --- STARTING 15-MIN AUTO-SCAN CYCLE ---
2026-03-31 16:49:55,131 - data.fetcher - INFO - Using WHITELIST of 19 symbols.
2026-03-31 16:49:55,131 - __main__ - INFO - Scanning progress: 0/19 symbols checked...
2026-03-31 16:50:00,304 - __main__ - INFO - --- AUTO-SCAN CYCLE FINISHED ---
2026-03-31 17:05:00,309 - __main__ - INFO - --- STARTING 15-MIN AUTO-SCAN CYCLE ---
2026-03-31 17:05:00,309 - data.fetcher - INFO - Using WHITELIST of 19 symbols.
2026-03-31 17:05:00,313 - __main__ - INFO - Scanning progress: 0/19 symbols checked...
2026-03-31 17:05:06,554 - __main__ - INFO - --- AUTO-SCAN CYCLE FINISHED ---
2026-03-31 17:20:06,573 - __main__ - INFO - --- STARTING 15-MIN AUTO-SCAN CYCLE ---
2026-03-31 17:20:06,575 - data.fetcher - INFO - Using WHITELIST of 19 symbols.
2026-03-31 17:20:06,577 - __main__ - INFO - Scanning progress: 0/19 symbols checked...
2026-03-31 17:20:11,819 - __main__ - INFO - --- AUTO-SCAN CYCLE FINISHED ---
2026-03-31 17:35:11,823 - __main__ - INFO - --- STARTING 15-MIN AUTO-SCAN CYCLE ---
2026-03-31 17:35:11,823 - data.fetcher - INFO - Using WHITELIST of 19 symbols.
2026-03-31 17:35:11,823 - __main__ - INFO - Scanning progress: 0/19 symbols checked...
2026-03-31 17:35:17,015 - __main__ - INFO - --- AUTO-SCAN CYCLE FINISHED ---
2026-03-31 17:50:17,041 - __main__ - INFO - --- STARTING 15-MIN AUTO-SCAN CYCLE ---
2026-03-31 17:50:17,041 - data.fetcher - INFO - Using WHITELIST of 19 symbols.
2026-03-31 17:50:17,041 - __main__ - INFO - Scanning progress: 0/19 symbols checked...
2026-03-31 17:50:22,239 - __main__ - INFO - --- AUTO-SCAN CYCLE FINISHED ---
2026-03-31 18:05:22,238 - __main__ - INFO - --- STARTING 15-MIN AUTO-SCAN CYCLE ---
2026-03-31 18:05:22,241 - data.fetcher - INFO - Using WHITELIST of 19 symbols.
2026-03-31 18:05:22,241 - __main__ - INFO - Scanning progress: 0/19 symbols checked...
2026-03-31 18:05:27,492 - __main__ - INFO - --- AUTO-SCAN CYCLE FINISHED ---
2026-03-31 18:20:27,496 - __main__ - INFO - --- STARTING 15-MIN AUTO-SCAN CYCLE ---
2026-03-31 18:20:27,502 - data.fetcher - INFO - Using WHITELIST of 19 symbols.
2026-03-31 18:20:27,504 - __main__ - INFO - Scanning progress: 0/19 symbols checked...
2026-03-31 18:20:32,799 - __main__ - INFO - --- AUTO-SCAN CYCLE FINISHED ---
2026-03-31 18:35:32,808 - __main__ - INFO - --- STARTING 15-MIN AUTO-SCAN CYCLE ---
2026-03-31 18:35:32,808 - data.fetcher - INFO - Using WHITELIST of 19 symbols.
2026-03-31 18:35:32,808 - __main__ - INFO - Scanning progress: 0/19 symbols checked...
2026-03-31 18:35:38,084 - __main__ - INFO - --- AUTO-SCAN CYCLE FINISHED ---
2026-03-31 18:50:38,091 - __main__ - INFO - --- STARTING 15-MIN AUTO-SCAN CYCLE ---
2026-03-31 18:50:38,092 - data.fetcher - INFO - Using WHITELIST of 19 symbols.
2026-03-31 18:50:38,095 - __main__ - INFO - Scanning progress: 0/19 symbols checked...
2026-03-31 18:50:43,243 - __main__ - INFO - --- AUTO-SCAN CYCLE FINISHED ---
2026-03-31 19:05:43,262 - __main__ - INFO - --- STARTING 15-MIN AUTO-SCAN CYCLE ---
2026-03-31 19:05:43,262 - data.fetcher - INFO - Using WHITELIST of 19 symbols.
2026-03-31 19:05:43,262 - __main__ - INFO - Scanning progress: 0/19 symbols checked...
2026-03-31 19:05:48,937 - __main__ - INFO - --- AUTO-SCAN CYCLE FINISHED ---
2026-03-31 19:20:48,963 - __main__ - INFO - --- STARTING 15-MIN AUTO-SCAN CYCLE ---
2026-03-31 19:20:48,966 - data.fetcher - INFO - Using WHITELIST of 19 symbols.
2026-03-31 19:20:48,966 - __main__ - INFO - Scanning progress: 0/19 symbols checked...
2026-03-31 19:20:54,207 - __main__ - INFO - --- AUTO-SCAN CYCLE FINISHED ---
2026-03-31 19:35:54,216 - __main__ - INFO - --- STARTING 15-MIN AUTO-SCAN CYCLE ---
2026-03-31 19:35:54,216 - data.fetcher - INFO - Using WHITELIST of 19 symbols.
2026-03-31 19:35:54,218 - __main__ - INFO - Scanning progress: 0/19 symbols checked...
2026-03-31 19:35:59,459 - __main__ - INFO - --- AUTO-SCAN CYCLE FINISHED ---
2026-03-31 19:50:59,477 - __main__ - INFO - --- STARTING 15-MIN AUTO-SCAN CYCLE ---
2026-03-31 19:50:59,477 - data.fetcher - INFO - Using WHITELIST of 19 symbols.
2026-03-31 19:50:59,493 - __main__ - INFO - Scanning progress: 0/19 symbols checked...
2026-03-31 19:51:05,111 - __main__ - INFO - --- AUTO-SCAN CYCLE FINISHED ---
2026-03-31 20:06:05,114 - __main__ - INFO - --- STARTING 15-MIN AUTO-SCAN CYCLE ---
2026-03-31 20:06:05,119 - data.fetcher - INFO - Using WHITELIST of 19 symbols.
2026-03-31 20:06:05,122 - __main__ - INFO - Scanning progress: 0/19 symbols checked...
2026-03-31 20:06:10,312 - __main__ - INFO - --- AUTO-SCAN CYCLE FINISHED ---
2026-03-31 20:21:10,342 - __main__ - INFO - --- STARTING 15-MIN AUTO-SCAN CYCLE ---
2026-03-31 20:21:10,342 - data.fetcher - INFO - Using WHITELIST of 19 symbols.
2026-03-31 20:21:10,342 - __main__ - INFO - Scanning progress: 0/19 symbols checked...
2026-03-31 20:21:15,537 - __main__ - INFO - --- AUTO-SCAN CYCLE FINISHED ---
2026-03-31 20:36:15,542 - __main__ - INFO - --- STARTING 15-MIN AUTO-SCAN CYCLE ---
2026-03-31 20:36:15,558 - data.fetcher - INFO - Using WHITELIST of 19 symbols.
2026-03-31 20:36:15,590 - __main__ - INFO - Scanning progress: 0/19 symbols checked...
2026-03-31 20:36:20,886 - __main__ - INFO - --- AUTO-SCAN CYCLE FINISHED ---
2026-03-31 20:51:20,897 - __main__ - INFO - --- STARTING 15-MIN AUTO-SCAN CYCLE ---
2026-03-31 20:51:20,897 - data.fetcher - INFO - Using WHITELIST of 19 symbols.
2026-03-31 20:51:20,901 - __main__ - INFO - Scanning progress: 0/19 symbols checked...
2026-03-31 20:51:26,097 - __main__ - INFO - --- AUTO-SCAN CYCLE FINISHED ---
2026-03-31 21:06:26,103 - __main__ - INFO - --- STARTING 15-MIN AUTO-SCAN CYCLE ---
2026-03-31 21:06:26,107 - data.fetcher - INFO - Using WHITELIST of 19 symbols.
2026-03-31 21:06:26,115 - __main__ - INFO - Scanning progress: 0/19 symbols checked...
2026-03-31 21:06:31,821 - __main__ - INFO - --- AUTO-SCAN CYCLE FINISHED ---
2026-03-31 21:21:31,836 - __main__ - INFO - --- STARTING 15-MIN AUTO-SCAN CYCLE ---
2026-03-31 21:21:31,836 - data.fetcher - INFO - Using WHITELIST of 19 symbols.
2026-03-31 21:21:31,836 - __main__ - INFO - Scanning progress: 0/19 symbols checked...
2026-03-31 21:21:37,033 - __main__ - INFO - --- AUTO-SCAN CYCLE FINISHED ---
2026-03-31 21:36:37,051 - __main__ - INFO - --- STARTING 15-MIN AUTO-SCAN CYCLE ---
2026-03-31 21:36:37,051 - data.fetcher - INFO - Using WHITELIST of 19 symbols.
2026-03-31 21:36:37,051 - __main__ - INFO - Scanning progress: 0/19 symbols checked...
2026-03-31 21:36:42,279 - __main__ - INFO - --- AUTO-SCAN CYCLE FINISHED ---
2026-03-31 21:51:42,292 - __main__ - INFO - --- STARTING 15-MIN AUTO-SCAN CYCLE ---
2026-03-31 21:51:42,294 - data.fetcher - INFO - Using WHITELIST of 19 symbols.
2026-03-31 21:51:42,294 - __main__ - INFO - Scanning progress: 0/19 symbols checked...
2026-03-31 21:51:47,576 - __main__ - INFO - --- AUTO-SCAN CYCLE FINISHED ---
2026-03-31 22:06:47,579 - __main__ - INFO - --- STARTING 15-MIN AUTO-SCAN CYCLE ---
2026-03-31 22:06:47,579 - data.fetcher - INFO - Using WHITELIST of 19 symbols.
2026-03-31 22:06:47,579 - __main__ - INFO - Scanning progress: 0/19 symbols checked...
2026-03-31 22:06:52,823 - __main__ - INFO - --- AUTO-SCAN CYCLE FINISHED ---
2026-03-31 22:21:52,834 - __main__ - INFO - --- STARTING 15-MIN AUTO-SCAN CYCLE ---
2026-03-31 22:21:52,839 - data.fetcher - INFO - Using WHITELIST of 19 symbols.
2026-03-31 22:21:52,839 - __main__ - INFO - Scanning progress: 0/19 symbols checked...
2026-03-31 22:21:58,166 - __main__ - INFO - --- AUTO-SCAN CYCLE FINISHED ---
2026-03-31 22:36:58,178 - __main__ - INFO - --- STARTING 15-MIN AUTO-SCAN CYCLE ---
2026-03-31 22:36:58,178 - data.fetcher - INFO - Using WHITELIST of 19 symbols.
2026-03-31 22:36:58,178 - __main__ - INFO - Scanning progress: 0/19 symbols checked...
2026-03-31 22:37:04,249 - __main__ - INFO - --- AUTO-SCAN CYCLE FINISHED ---
2026-03-31 22:52:04,261 - __main__ - INFO - --- STARTING 15-MIN AUTO-SCAN CYCLE ---
2026-03-31 22:52:04,261 - data.fetcher - INFO - Using WHITELIST of 19 symbols.
2026-03-31 22:52:04,261 - __main__ - INFO - Scanning progress: 0/19 symbols checked...
2026-03-31 22:52:09,551 - __main__ - INFO - --- AUTO-SCAN CYCLE FINISHED ---
2026-03-31 23:07:09,559 - __main__ - INFO - --- STARTING 15-MIN AUTO-SCAN CYCLE ---
2026-03-31 23:07:09,559 - data.fetcher - INFO - Using WHITELIST of 19 symbols.
2026-03-31 23:07:09,562 - __main__ - INFO - Scanning progress: 0/19 symbols checked...
2026-03-31 23:07:14,833 - __main__ - INFO - --- AUTO-SCAN CYCLE FINISHED ---
2026-03-31 23:14:15,539 - data.fetcher - INFO - Using WHITELIST of 19 symbols.
2026-03-31 23:14:22,189 - __main__ - ERROR - Plot error for SHIB/USDT: zero-size array to reduction operation maximum which has no identity
2026-03-31 23:14:22,253 - aiogram.event - INFO - Update id=313222027 is handled. Duration 6952 ms by bot id=7349237883
2026-03-31 23:22:14,846 - __main__ - INFO - --- STARTING 15-MIN AUTO-SCAN CYCLE ---
2026-03-31 23:22:14,846 - data.fetcher - INFO - Using WHITELIST of 19 symbols.
2026-03-31 23:22:14,859 - __main__ - INFO - Scanning progress: 0/19 symbols checked...
2026-03-31 23:22:20,155 - __main__ - INFO - --- AUTO-SCAN CYCLE FINISHED ---
2026-03-31 23:37:20,193 - __main__ - INFO - --- STARTING 15-MIN AUTO-SCAN CYCLE ---
2026-03-31 23:37:20,193 - data.fetcher - INFO - Using WHITELIST of 19 symbols.
2026-03-31 23:37:20,193 - __main__ - INFO - Scanning progress: 0/19 symbols checked...
2026-03-31 23:37:25,403 - __main__ - INFO - --- AUTO-SCAN CYCLE FINISHED ---
2026-03-31 23:52:25,457 - __main__ - INFO - --- STARTING 15-MIN AUTO-SCAN CYCLE ---
2026-03-31 23:52:25,462 - data.fetcher - INFO - Using WHITELIST of 19 symbols.
2026-03-31 23:52:25,469 - __main__ - INFO - Scanning progress: 0/19 symbols checked...
2026-03-31 23:52:30,736 - __main__ - INFO - --- AUTO-SCAN CYCLE FINISHED ---
2026-03-31 23:56:19,645 - aiogram.dispatcher - INFO - Polling stopped for bot @trrrrdbiin_bot id=7349237883 - 'trrrrdbiinbot'
2026-03-31 23:56:19,646 - aiogram.dispatcher - INFO - Polling stopped
2026-04-01 00:06:35,607 - aiogram.dispatcher - INFO - Start polling
2026-04-01 00:06:35,607 - __main__ - INFO - Background Auto-Scan Task STARTED
2026-04-01 00:06:35,607 - __main__ - INFO - --- STARTING 15-MIN AUTO-SCAN CYCLE ---
2026-04-01 00:06:35,622 - data.fetcher - INFO - Using WHITELIST of 19 symbols.
2026-04-01 00:06:35,646 - __main__ - INFO - Scanning progress: 0/19 symbols checked...
2026-04-01 00:06:35,852 - aiogram.dispatcher - INFO - Run polling for bot @trrrrdbiin_bot id=7349237883 - 'trrrrdbiinbot'
2026-04-01 00:06:36,032 - aiogram.event - INFO - Update id=313222028 is handled. Duration 140 ms by bot id=7349237883
2026-04-01 00:06:42,984 - __main__ - INFO - --- AUTO-SCAN CYCLE FINISHED ---
2026-04-01 00:07:49,963 - aiogram.event - INFO - Update id=313222029 is handled. Duration 61 ms by bot id=7349237883
2026-04-01 00:07:50,023 - data.fetcher - INFO - Using WHITELIST of 19 symbols.
2026-04-01 00:07:50,027 - __main__ - INFO - Scanning progress: 0/19 symbols checked...
2026-04-01 00:21:43,015 - __main__ - INFO - --- STARTING 15-MIN AUTO-SCAN CYCLE ---
2026-04-01 00:21:43,023 - data.fetcher - INFO - Using WHITELIST of 19 symbols.
2026-04-01 00:21:43,027 - __main__ - INFO - Scanning progress: 0/19 symbols checked...
2026-04-01 00:21:48,237 - __main__ - INFO - --- AUTO-SCAN CYCLE FINISHED ---
2026-04-01 00:36:48,273 - __main__ - INFO - --- STARTING 15-MIN AUTO-SCAN CYCLE ---
2026-04-01 00:36:48,275 - data.fetcher - INFO - Using WHITELIST of 19 symbols.
2026-04-01 00:36:48,281 - __main__ - INFO - Scanning progress: 0/19 symbols checked...
2026-04-01 00:36:54,328 - __main__ - INFO - --- AUTO-SCAN CYCLE FINISHED ---
2026-04-01 00:51:54,354 - __main__ - INFO - --- STARTING 15-MIN AUTO-SCAN CYCLE ---
2026-04-01 00:51:54,355 - data.fetcher - INFO - Using WHITELIST of 19 symbols.
2026-04-01 00:51:54,362 - __main__ - INFO - Scanning progress: 0/19 symbols checked...
2026-04-01 00:51:59,526 - __main__ - INFO - --- AUTO-SCAN CYCLE FINISHED ---
2026-04-01 01:06:59,544 - __main__ - INFO - --- STARTING 15-MIN AUTO-SCAN CYCLE ---
2026-04-01 01:06:59,546 - data.fetcher - INFO - Using WHITELIST of 19 symbols.
2026-04-01 01:06:59,548 - __main__ - INFO - Scanning progress: 0/19 symbols checked...
2026-04-01 01:07:04,702 - __main__ - INFO - --- AUTO-SCAN CYCLE FINISHED ---
2026-04-01 01:22:04,715 - __main__ - INFO - --- STARTING 15-MIN AUTO-SCAN CYCLE ---
2026-04-01 01:22:04,716 - data.fetcher - INFO - Using WHITELIST of 19 symbols.
2026-04-01 01:22:04,718 - __main__ - INFO - Scanning progress: 0/19 symbols checked...
2026-04-01 01:22:09,837 - __main__ - INFO - --- AUTO-SCAN CYCLE FINISHED ---
2026-04-01 01:37:09,865 - __main__ - INFO - --- STARTING 15-MIN AUTO-SCAN CYCLE ---
2026-04-01 01:37:09,866 - data.fetcher - INFO - Using WHITELIST of 19 symbols.
2026-04-01 01:37:09,874 - __main__ - INFO - Scanning progress: 0/19 symbols checked...
2026-04-01 01:37:14,925 - __main__ - INFO - --- AUTO-SCAN CYCLE FINISHED ---
2026-04-01 01:52:14,926 - __main__ - INFO - --- STARTING 15-MIN AUTO-SCAN CYCLE ---
2026-04-01 01:52:14,927 - data.fetcher - INFO - Using WHITELIST of 19 symbols.
2026-04-01 01:52:14,930 - __main__ - INFO - Scanning progress: 0/19 symbols checked...
2026-04-01 01:52:20,024 - __main__ - INFO - --- AUTO-SCAN CYCLE FINISHED ---
2026-04-01 02:07:20,038 - __main__ - INFO - --- STARTING 15-MIN AUTO-SCAN CYCLE ---
2026-04-01 02:07:20,039 - data.fetcher - INFO - Using WHITELIST of 19 symbols.
2026-04-01 02:07:20,041 - __main__ - INFO - Scanning progress: 0/19 symbols checked...
2026-04-01 02:07:26,675 - __main__ - INFO - --- AUTO-SCAN CYCLE FINISHED ---
2026-04-01 02:22:26,683 - __main__ - INFO - --- STARTING 15-MIN AUTO-SCAN CYCLE ---
2026-04-01 02:22:26,684 - data.fetcher - INFO - Using WHITELIST of 19 symbols.
2026-04-01 02:22:26,686 - __main__ - INFO - Scanning progress: 0/19 symbols checked...
2026-04-01 02:22:32,009 - __main__ - INFO - --- AUTO-SCAN CYCLE FINISHED ---
2026-04-01 02:37:32,029 - __main__ - INFO - --- STARTING 15-MIN AUTO-SCAN CYCLE ---
2026-04-01 02:37:32,030 - data.fetcher - INFO - Using WHITELIST of 19 symbols.
2026-04-01 02:37:32,032 - __main__ - INFO - Scanning progress: 0/19 symbols checked...
2026-04-01 02:37:37,180 - __main__ - INFO - --- AUTO-SCAN CYCLE FINISHED ---
2026-04-01 02:52:37,198 - __main__ - INFO - --- STARTING 15-MIN AUTO-SCAN CYCLE ---
2026-04-01 02:52:37,200 - data.fetcher - INFO - Using WHITELIST of 19 symbols.
2026-04-01 02:52:37,204 - __main__ - INFO - Scanning progress: 0/19 symbols checked...
2026-04-01 02:52:42,400 - __main__ - INFO - --- AUTO-SCAN CYCLE FINISHED ---
2026-04-01 03:07:42,415 - __main__ - INFO - --- STARTING 15-MIN AUTO-SCAN CYCLE ---
2026-04-01 03:07:42,417 - data.fetcher - INFO - Using WHITELIST of 19 symbols.
2026-04-01 03:07:42,419 - __main__ - INFO - Scanning progress: 0/19 symbols checked...
2026-04-01 03:07:47,528 - __main__ - INFO - --- AUTO-SCAN CYCLE FINISHED ---
2026-04-01 03:22:47,532 - __main__ - INFO - --- STARTING 15-MIN AUTO-SCAN CYCLE ---
2026-04-01 03:22:47,533 - data.fetcher - INFO - Using WHITELIST of 19 symbols.
2026-04-01 03:22:47,542 - __main__ - INFO - Scanning progress: 0/19 symbols checked...
2026-04-01 03:22:52,635 - __main__ - INFO - --- AUTO-SCAN CYCLE FINISHED ---
2026-04-01 03:37:52,646 - __main__ - INFO - --- STARTING 15-MIN AUTO-SCAN CYCLE ---
2026-04-01 03:37:52,652 - data.fetcher - INFO - Using WHITELIST of 19 symbols.
2026-04-01 03:37:52,654 - __main__ - INFO - Scanning progress: 0/19 symbols checked...
2026-04-01 03:37:57,727 - __main__ - INFO - --- AUTO-SCAN CYCLE FINISHED ---
2026-04-01 03:52:57,743 - __main__ - INFO - --- STARTING 15-MIN AUTO-SCAN CYCLE ---
2026-04-01 03:52:57,744 - data.fetcher - INFO - Using WHITELIST of 19 symbols.
2026-04-01 03:52:57,751 - __main__ - INFO - Scanning progress: 0/19 symbols checked...
2026-04-01 03:53:02,838 - __main__ - INFO - --- AUTO-SCAN CYCLE FINISHED ---
2026-04-01 04:08:02,847 - __main__ - INFO - --- STARTING 15-MIN AUTO-SCAN CYCLE ---
2026-04-01 04:08:02,848 - data.fetcher - INFO - Using WHITELIST of 19 symbols.
2026-04-01 04:08:02,850 - __main__ - INFO - Scanning progress: 0/19 symbols checked...
2026-04-01 04:08:07,942 - __main__ - INFO - --- AUTO-SCAN CYCLE FINISHED ---
2026-04-01 04:23:07,967 - __main__ - INFO - --- STARTING 15-MIN AUTO-SCAN CYCLE ---
2026-04-01 04:23:07,968 - data.fetcher - INFO - Using WHITELIST of 19 symbols.
2026-04-01 04:23:07,976 - __main__ - INFO - Scanning progress: 0/19 symbols checked...
2026-04-01 04:23:13,514 - __main__ - INFO - --- AUTO-SCAN CYCLE FINISHED ---
2026-04-01 04:38:13,518 - __main__ - INFO - --- STARTING 15-MIN AUTO-SCAN CYCLE ---
2026-04-01 04:38:13,519 - data.fetcher - INFO - Using WHITELIST of 19 symbols.
2026-04-01 04:38:13,526 - __main__ - INFO - Scanning progress: 0/19 symbols checked...
2026-04-01 04:38:18,632 - __main__ - INFO - --- AUTO-SCAN CYCLE FINISHED ---
2026-04-01 04:53:18,646 - __main__ - INFO - --- STARTING 15-MIN AUTO-SCAN CYCLE ---
2026-04-01 04:53:18,652 - data.fetcher - INFO - Using WHITELIST of 19 symbols.
2026-04-01 04:53:18,655 - __main__ - INFO - Scanning progress: 0/19 symbols checked...
2026-04-01 04:53:23,718 - __main__ - INFO - --- AUTO-SCAN CYCLE FINISHED ---
2026-04-01 05:08:23,735 - __main__ - INFO - --- STARTING 15-MIN AUTO-SCAN CYCLE ---
2026-04-01 05:08:23,736 - data.fetcher - INFO - Using WHITELIST of 19 symbols.
2026-04-01 05:08:23,744 - __main__ - INFO - Scanning progress: 0/19 symbols checked...
2026-04-01 05:08:28,807 - __main__ - INFO - --- AUTO-SCAN CYCLE FINISHED ---
2026-04-01 05:23:28,815 - __main__ - INFO - --- STARTING 15-MIN AUTO-SCAN CYCLE ---
2026-04-01 05:23:28,816 - data.fetcher - INFO - Using WHITELIST of 19 symbols.
2026-04-01 05:23:28,819 - __main__ - INFO - Scanning progress: 0/19 symbols checked...
2026-04-01 05:23:33,933 - __main__ - INFO - --- AUTO-SCAN CYCLE FINISHED ---
2026-04-01 05:38:33,951 - __main__ - INFO - --- STARTING 15-MIN AUTO-SCAN CYCLE ---
2026-04-01 05:38:33,953 - data.fetcher - INFO - Using WHITELIST of 19 symbols.
2026-04-01 05:38:33,957 - __main__ - INFO - Scanning progress: 0/19 symbols checked...
2026-04-01 05:38:39,100 - __main__ - INFO - --- AUTO-SCAN CYCLE FINISHED ---
2026-04-01 05:53:39,114 - __main__ - INFO - --- STARTING 15-MIN AUTO-SCAN CYCLE ---
2026-04-01 05:53:39,115 - data.fetcher - INFO - Using WHITELIST of 19 symbols.
2026-04-01 05:53:39,118 - __main__ - INFO - Scanning progress: 0/19 symbols checked...
2026-04-01 05:53:44,225 - __main__ - INFO - --- AUTO-SCAN CYCLE FINISHED ---
2026-04-01 06:08:44,256 - __main__ - INFO - --- STARTING 15-MIN AUTO-SCAN CYCLE ---
2026-04-01 06:08:44,258 - data.fetcher - INFO - Using WHITELIST of 19 symbols.
2026-04-01 06:08:44,267 - __main__ - INFO - Scanning progress: 0/19 symbols checked...
2026-04-01 06:08:49,358 - __main__ - INFO - --- AUTO-SCAN CYCLE FINISHED ---
2026-04-01 06:23:49,371 - __main__ - INFO - --- STARTING 15-MIN AUTO-SCAN CYCLE ---
2026-04-01 06:23:49,372 - data.fetcher - INFO - Using WHITELIST of 19 symbols.
2026-04-01 06:23:49,375 - __main__ - INFO - Scanning progress: 0/19 symbols checked...
2026-04-01 06:23:54,518 - __main__ - INFO - --- AUTO-SCAN CYCLE FINISHED ---
2026-04-01 06:38:54,542 - __main__ - INFO - --- STARTING 15-MIN AUTO-SCAN CYCLE ---
2026-04-01 06:38:54,549 - data.fetcher - INFO - Using WHITELIST of 19 symbols.
2026-04-01 06:38:54,551 - __main__ - INFO - Scanning progress: 0/19 symbols checked...
2026-04-01 06:38:59,669 - __main__ - INFO - --- AUTO-SCAN CYCLE FINISHED ---
2026-04-01 06:53:59,685 - __main__ - INFO - --- STARTING 15-MIN AUTO-SCAN CYCLE ---
2026-04-01 06:53:59,686 - data.fetcher - INFO - Using WHITELIST of 19 symbols.
2026-04-01 06:53:59,688 - __main__ - INFO - Scanning progress: 0/19 symbols checked...
2026-04-01 06:54:04,823 - __main__ - INFO - --- AUTO-SCAN CYCLE FINISHED ---
2026-04-01 07:09:04,823 - __main__ - INFO - --- STARTING 15-MIN AUTO-SCAN CYCLE ---
2026-04-01 07:09:04,824 - data.fetcher - INFO - Using WHITELIST of 19 symbols.
2026-04-01 07:09:04,826 - __main__ - INFO - Scanning progress: 0/19 symbols checked...
2026-04-01 07:09:10,016 - __main__ - INFO - --- AUTO-SCAN CYCLE FINISHED ---
2026-04-01 07:24:10,029 - __main__ - INFO - --- STARTING 15-MIN AUTO-SCAN CYCLE ---
2026-04-01 07:24:10,030 - data.fetcher - INFO - Using WHITELIST of 19 symbols.
2026-04-01 07:24:10,038 - __main__ - INFO - Scanning progress: 0/19 symbols checked...
2026-04-01 07:24:15,153 - __main__ - INFO - --- AUTO-SCAN CYCLE FINISHED ---
2026-04-01 07:39:15,165 - __main__ - INFO - --- STARTING 15-MIN AUTO-SCAN CYCLE ---
2026-04-01 07:39:15,165 - data.fetcher - INFO - Using WHITELIST of 19 symbols.
2026-04-01 07:39:15,167 - __main__ - INFO - Scanning progress: 0/19 symbols checked...
2026-04-01 07:39:20,337 - __main__ - INFO - --- AUTO-SCAN CYCLE FINISHED ---
2026-04-01 07:54:20,344 - __main__ - INFO - --- STARTING 15-MIN AUTO-SCAN CYCLE ---
2026-04-01 07:54:20,345 - data.fetcher - INFO - Using WHITELIST of 19 symbols.
2026-04-01 07:54:20,347 - __main__ - INFO - Scanning progress: 0/19 symbols checked...
2026-04-01 07:54:25,450 - __main__ - INFO - --- AUTO-SCAN CYCLE FINISHED ---
2026-04-01 08:09:25,455 - __main__ - INFO - --- STARTING 15-MIN AUTO-SCAN CYCLE ---
2026-04-01 08:09:25,456 - data.fetcher - INFO - Using WHITELIST of 19 symbols.
2026-04-01 08:09:25,458 - __main__ - INFO - Scanning progress: 0/19 symbols checked...
2026-04-01 08:09:30,643 - __main__ - INFO - --- AUTO-SCAN CYCLE FINISHED ---
2026-04-01 08:24:30,653 - __main__ - INFO - --- STARTING 15-MIN AUTO-SCAN CYCLE ---
2026-04-01 08:24:30,655 - data.fetcher - INFO - Using WHITELIST of 19 symbols.
2026-04-01 08:24:30,657 - __main__ - INFO - Scanning progress: 0/19 symbols checked...
2026-04-01 08:24:35,814 - __main__ - INFO - --- AUTO-SCAN CYCLE FINISHED ---
2026-04-01 08:39:35,831 - __main__ - INFO - --- STARTING 15-MIN AUTO-SCAN CYCLE ---
2026-04-01 08:39:35,835 - data.fetcher - INFO - Using WHITELIST of 19 symbols.
2026-04-01 08:39:35,837 - __main__ - INFO - Scanning progress: 0/19 symbols checked...
2026-04-01 08:39:40,974 - __main__ - INFO - --- AUTO-SCAN CYCLE FINISHED ---
2026-04-01 08:54:40,982 - __main__ - INFO - --- STARTING 15-MIN AUTO-SCAN CYCLE ---
2026-04-01 08:54:40,983 - data.fetcher - INFO - Using WHITELIST of 19 symbols.
2026-04-01 08:54:40,990 - __main__ - INFO - Scanning progress: 0/19 symbols checked...
2026-04-01 08:54:46,568 - __main__ - INFO - --- AUTO-SCAN CYCLE FINISHED ---
2026-04-01 09:09:46,590 - __main__ - INFO - --- STARTING 15-MIN AUTO-SCAN CYCLE ---
2026-04-01 09:09:46,592 - data.fetcher - INFO - Using WHITELIST of 19 symbols.
2026-04-01 09:09:46,593 - __main__ - INFO - Scanning progress: 0/19 symbols checked...
2026-04-01 09:09:51,783 - __main__ - INFO - --- AUTO-SCAN CYCLE FINISHED ---
2026-04-01 09:24:51,802 - __main__ - INFO - --- STARTING 15-MIN AUTO-SCAN CYCLE ---
2026-04-01 09:24:51,808 - data.fetcher - INFO - Using WHITELIST of 19 symbols.
2026-04-01 09:24:51,810 - __main__ - INFO - Scanning progress: 0/19 symbols checked...
2026-04-01 09:24:56,954 - __main__ - INFO - --- AUTO-SCAN CYCLE FINISHED ---
2026-04-01 09:39:56,983 - __main__ - INFO - --- STARTING 15-MIN AUTO-SCAN CYCLE ---
2026-04-01 09:39:56,984 - data.fetcher - INFO - Using WHITELIST of 19 symbols.
2026-04-01 09:39:56,992 - __main__ - INFO - Scanning progress: 0/19 symbols checked...
2026-04-01 09:40:02,894 - __main__ - INFO - --- AUTO-SCAN CYCLE FINISHED ---
2026-04-01 09:55:02,917 - __main__ - INFO - --- STARTING 15-MIN AUTO-SCAN CYCLE ---
2026-04-01 09:55:02,918 - data.fetcher - INFO - Using WHITELIST of 19 symbols.
2026-04-01 09:55:02,920 - __main__ - INFO - Scanning progress: 0/19 symbols checked...
2026-04-01 09:55:08,042 - __main__ - INFO - --- AUTO-SCAN CYCLE FINISHED ---
2026-04-01 10:10:08,066 - __main__ - INFO - --- STARTING 15-MIN AUTO-SCAN CYCLE ---
2026-04-01 10:10:08,068 - data.fetcher - INFO - Using WHITELIST of 19 symbols.
2026-04-01 10:10:08,074 - __main__ - INFO - Scanning progress: 0/19 symbols checked...
2026-04-01 10:10:13,702 - __main__ - INFO - --- AUTO-SCAN CYCLE FINISHED ---
2026-04-01 10:28:57,161 - aiogram.dispatcher - ERROR - Failed to fetch updates - TelegramNetworkError: HTTP Client says - Request timeout error
2026-04-01 10:28:57,171 - aiogram.dispatcher - WARNING - Sleep for 1.000000 seconds and try again... (tryings = 0, bot id = 7349237883)
2026-04-01 10:28:57,228 - __main__ - INFO - --- STARTING 15-MIN AUTO-SCAN CYCLE ---
2026-04-01 10:28:57,230 - data.fetcher - INFO - Using WHITELIST of 19 symbols.
2026-04-01 10:28:57,237 - __main__ - INFO - Scanning progress: 0/19 symbols checked...
2026-04-01 10:28:58,399 - aiogram.dispatcher - INFO - Connection established (tryings = 1, bot id = 7349237883)
2026-04-01 10:28:58,693 - data.fetcher - INFO - Using WHITELIST of 19 symbols.
2026-04-01 10:29:13,069 - __main__ - INFO - --- AUTO-SCAN CYCLE FINISHED ---
2026-04-01 10:29:21,945 - aiogram.event - INFO - Update id=313222030 is handled. Duration 23515 ms by bot id=7349237883
2026-04-01 10:29:51,022 - aiogram.event - INFO - Update id=313222031 is handled. Duration 47 ms by bot id=7349237883
2026-04-01 10:29:51,080 - data.fetcher - INFO - Using WHITELIST of 19 symbols.
2026-04-01 10:29:51,083 - __main__ - INFO - Scanning progress: 0/19 symbols checked...
2026-04-01 10:33:57,022 - aiogram.dispatcher - INFO - Polling stopped for bot @trrrrdbiin_bot id=7349237883 - 'trrrrdbiinbot'
2026-04-01 10:33:57,024 - aiogram.dispatcher - INFO - Polling stopped
2026-04-01 10:47:10,568 - aiogram.dispatcher - INFO - Start polling
2026-04-01 10:47:10,569 - __main__ - INFO - Background Auto-Scan Task STARTED
2026-04-01 10:47:10,569 - __main__ - INFO - --- STARTING 15-MIN AUTO-SCAN CYCLE ---
2026-04-01 10:47:10,570 - data.fetcher - INFO - Using WHITELIST of 19 symbols.
2026-04-01 10:47:10,572 - __main__ - INFO - Scanning progress: 0/19 symbols checked...
2026-04-01 10:47:10,735 - aiogram.dispatcher - INFO - Run polling for bot @trrrrdbiin_bot id=7349237883 - 'trrrrdbiinbot'
2026-04-01 10:47:18,691 - __main__ - INFO - SIGNAL FOUND: TRX/USDT | Prob: 56.8% | Price: 0.316 | Entry: 0.3157
2026-04-01 10:47:23,819 - __main__ - INFO - SIGNAL FOUND: ACX/USDT | Prob: 28.2% | Price: 0.0432 | Entry: 0.0427
2026-04-01 10:47:25,183 - __main__ - INFO - --- AUTO-SCAN CYCLE FINISHED ---
2026-04-01 10:49:51,383 - aiogram.dispatcher - INFO - Polling stopped for bot @trrrrdbiin_bot id=7349237883 - 'trrrrdbiinbot'
2026-04-01 10:49:51,383 - aiogram.dispatcher - INFO - Polling stopped
2026-04-01 11:10:47,859 - aiogram.dispatcher - INFO - Start polling
2026-04-01 11:10:47,862 - __main__ - INFO - Background Auto-Scan Task STARTED
2026-04-01 11:10:47,862 - __main__ - INFO - --- STARTING 15-MIN AUTO-SCAN CYCLE ---
2026-04-01 11:10:47,864 - data.fetcher - INFO - Using WHITELIST of 19 symbols.
2026-04-01 11:10:47,868 - __main__ - INFO - Scanning progress: 0/19 symbols checked...
2026-04-01 11:10:48,062 - aiogram.dispatcher - INFO - Run polling for bot @trrrrdbiin_bot id=7349237883 - 'trrrrdbiinbot'
2026-04-01 11:10:48,357 - aiogram.event - INFO - Update id=313222032 is handled. Duration 250 ms by bot id=7349237883
2026-04-01 11:10:56,798 - __main__ - INFO - SIGNAL FOUND: ACX/USDT | Prob: 28.2% | Price: 0.0427 | Entry: 0.0427
2026-04-01 11:10:56,798 - __main__ - INFO - [LOW_PROB] Symbol ACX/USDT rejected: Prob 28.2% < 52%
2026-04-01 11:10:57,423 - __main__ - INFO - --- AUTO-SCAN CYCLE FINISHED ---
2026-04-01 11:11:35,099 - aiogram.event - INFO - Update id=313222033 is handled. Duration 155 ms by bot id=7349237883
2026-04-01 11:11:37,598 - aiogram.event - INFO - Update id=313222034 is handled. Duration 405 ms by bot id=7349237883
2026-04-01 11:21:00,780 - aiogram.event - INFO - Update id=313222035 is handled. Duration 391 ms by bot id=7349237883
2026-04-01 11:25:57,436 - __main__ - INFO - --- STARTING 15-MIN AUTO-SCAN CYCLE ---
2026-04-01 11:25:57,436 - data.fetcher - INFO - Using WHITELIST of 19 symbols.
2026-04-01 11:25:57,436 - __main__ - INFO - Scanning progress: 0/19 symbols checked...
2026-04-01 11:26:03,507 - __main__ - INFO - SIGNAL FOUND: ACX/USDT | Prob: 28.2% | Price: 0.0428 | Entry: 0.0427
2026-04-01 11:26:03,507 - __main__ - INFO - [LOW_PROB] Symbol ACX/USDT rejected: Prob 28.2% < 52%
2026-04-01 11:26:04,084 - __main__ - INFO - --- AUTO-SCAN CYCLE FINISHED ---
2026-04-01 11:41:04,096 - __main__ - INFO - --- STARTING 15-MIN AUTO-SCAN CYCLE ---
2026-04-01 11:41:04,103 - data.fetcher - INFO - Using WHITELIST of 19 symbols.
2026-04-01 11:41:04,103 - __main__ - INFO - Scanning progress: 0/19 symbols checked...
2026-04-01 11:41:09,899 - __main__ - INFO - SIGNAL FOUND: ACX/USDT | Prob: 28.2% | Price: 0.0428 | Entry: 0.0427
2026-04-01 11:41:09,899 - __main__ - INFO - [LOW_PROB] Symbol ACX/USDT rejected: Prob 28.2% < 52%
2026-04-01 11:41:10,496 - __main__ - INFO - --- AUTO-SCAN CYCLE FINISHED ---
2026-04-01 11:48:34,484 - aiogram.event - INFO - Update id=313222036 is handled. Duration 468 ms by bot id=7349237883
2026-04-01 11:56:10,497 - __main__ - INFO - --- STARTING 15-MIN AUTO-SCAN CYCLE ---
2026-04-01 11:56:10,505 - data.fetcher - INFO - Using WHITELIST of 19 symbols.
2026-04-01 11:56:10,509 - __main__ - INFO - Scanning progress: 0/19 symbols checked...
2026-04-01 11:56:16,376 - __main__ - INFO - SIGNAL FOUND: ACX/USDT | Prob: 28.2% | Price: 0.0425 | Entry: 0.0427
2026-04-01 11:56:16,376 - __main__ - INFO - [LOW_PROB] Symbol ACX/USDT rejected: Prob 28.2% < 52%
2026-04-01 11:56:16,970 - __main__ - INFO - --- AUTO-SCAN CYCLE FINISHED ---
2026-04-01 12:11:16,975 - __main__ - INFO - --- STARTING 15-MIN AUTO-SCAN CYCLE ---
2026-04-01 12:11:17,019 - data.fetcher - INFO - Using WHITELIST of 19 symbols.
2026-04-01 12:11:17,052 - __main__ - INFO - Scanning progress: 0/19 symbols checked...
2026-04-01 12:11:22,993 - __main__ - INFO - --- AUTO-SCAN CYCLE FINISHED ---
2026-04-01 12:26:22,998 - __main__ - INFO - --- STARTING 15-MIN AUTO-SCAN CYCLE ---
2026-04-01 12:26:22,998 - data.fetcher - INFO - Using WHITELIST of 19 symbols.
2026-04-01 12:26:22,998 - __main__ - INFO - Scanning progress: 0/19 symbols checked...
2026-04-01 12:26:29,067 - __main__ - INFO - --- AUTO-SCAN CYCLE FINISHED ---
2026-04-01 12:35:17,023 - aiogram.event - INFO - Update id=313222037 is handled. Duration 561 ms by bot id=7349237883
2026-04-01 12:35:22,753 - data.fetcher - INFO - Using WHITELIST of 19 symbols.
2026-04-01 12:35:30,039 - aiogram.event - INFO - Update id=313222038 is handled. Duration 7406 ms by bot id=7349237883
2026-04-01 12:41:29,060 - __main__ - INFO - --- STARTING 15-MIN AUTO-SCAN CYCLE ---
2026-04-01 12:41:29,062 - data.fetcher - INFO - Using WHITELIST of 19 symbols.
2026-04-01 12:41:29,062 - __main__ - INFO - Scanning progress: 0/19 symbols checked...
2026-04-01 12:41:35,057 - __main__ - INFO - --- AUTO-SCAN CYCLE FINISHED ---
2026-04-01 12:56:35,069 - __main__ - INFO - --- STARTING 15-MIN AUTO-SCAN CYCLE ---
2026-04-01 12:56:35,079 - data.fetcher - INFO - Using WHITELIST of 19 symbols.
2026-04-01 12:56:35,084 - __main__ - INFO - Scanning progress: 0/19 symbols checked...
2026-04-01 12:56:41,709 - __main__ - INFO - --- AUTO-SCAN CYCLE FINISHED ---
2026-04-01 13:04:22,540 - aiogram.event - INFO - Update id=313222039 is handled. Duration 484 ms by bot id=7349237883
2026-04-01 13:11:41,714 - __main__ - INFO - --- STARTING 15-MIN AUTO-SCAN CYCLE ---
2026-04-01 13:11:41,722 - data.fetcher - INFO - Using WHITELIST of 19 symbols.
2026-04-01 13:11:41,730 - __main__ - INFO - Scanning progress: 0/19 symbols checked...
2026-04-01 13:11:47,787 - __main__ - INFO - --- AUTO-SCAN CYCLE FINISHED ---
2026-04-01 13:26:47,802 - __main__ - INFO - --- STARTING 15-MIN AUTO-SCAN CYCLE ---
2026-04-01 13:26:47,802 - data.fetcher - INFO - Using WHITELIST of 19 symbols.
2026-04-01 13:26:47,817 - __main__ - INFO - Scanning progress: 0/19 symbols checked...
2026-04-01 13:26:53,809 - __main__ - INFO - --- AUTO-SCAN CYCLE FINISHED ---
2026-04-01 13:41:53,825 - __main__ - INFO - --- STARTING 15-MIN AUTO-SCAN CYCLE ---
2026-04-01 13:41:53,825 - data.fetcher - INFO - Using WHITELIST of 19 symbols.
2026-04-01 13:41:53,825 - __main__ - INFO - Scanning progress: 0/19 symbols checked...
2026-04-01 13:41:59,675 - __main__ - INFO - --- AUTO-SCAN CYCLE FINISHED ---
2026-04-01 13:56:59,681 - __main__ - INFO - --- STARTING 15-MIN AUTO-SCAN CYCLE ---
2026-04-01 13:56:59,681 - data.fetcher - INFO - Using WHITELIST of 19 symbols.
2026-04-01 13:56:59,681 - __main__ - INFO - Scanning progress: 0/19 symbols checked...
2026-04-01 13:57:05,615 - __main__ - INFO - --- AUTO-SCAN CYCLE FINISHED ---
2026-04-01 14:12:05,610 - __main__ - INFO - --- STARTING 15-MIN AUTO-SCAN CYCLE ---
2026-04-01 14:12:05,610 - data.fetcher - INFO - Using WHITELIST of 19 symbols.
2026-04-01 14:12:05,610 - __main__ - INFO - Scanning progress: 0/19 symbols checked...
2026-04-01 14:12:11,600 - __main__ - INFO - --- AUTO-SCAN CYCLE FINISHED ---
2026-04-01 14:27:11,607 - __main__ - INFO - --- STARTING 15-MIN AUTO-SCAN CYCLE ---
2026-04-01 14:27:11,607 - data.fetcher - INFO - Using WHITELIST of 19 symbols.
2026-04-01 14:27:11,607 - __main__ - INFO - Scanning progress: 0/19 symbols checked...
2026-04-01 14:27:17,468 - __main__ - INFO - --- AUTO-SCAN CYCLE FINISHED ---
2026-04-01 14:42:17,484 - __main__ - INFO - --- STARTING 15-MIN AUTO-SCAN CYCLE ---
2026-04-01 14:42:17,484 - data.fetcher - INFO - Using WHITELIST of 19 symbols.
2026-04-01 14:42:17,484 - __main__ - INFO - Scanning progress: 0/19 symbols checked...
2026-04-01 14:42:23,389 - __main__ - INFO - --- AUTO-SCAN CYCLE FINISHED ---
2026-04-01 14:57:23,395 - __main__ - INFO - --- STARTING 15-MIN AUTO-SCAN CYCLE ---
2026-04-01 14:57:23,403 - data.fetcher - INFO - Using WHITELIST of 19 symbols.
2026-04-01 14:57:23,405 - __main__ - INFO - Scanning progress: 0/19 symbols checked...
2026-04-01 14:57:29,291 - __main__ - INFO - --- AUTO-SCAN CYCLE FINISHED ---
2026-04-01 15:12:29,302 - __main__ - INFO - --- STARTING 15-MIN AUTO-SCAN CYCLE ---
2026-04-01 15:12:29,302 - data.fetcher - INFO - Using WHITELIST of 19 symbols.
2026-04-01 15:12:29,311 - __main__ - INFO - Scanning progress: 0/19 symbols checked...
2026-04-01 15:12:35,126 - __main__ - INFO - --- AUTO-SCAN CYCLE FINISHED ---
2026-04-01 15:27:35,129 - __main__ - INFO - --- STARTING 15-MIN AUTO-SCAN CYCLE ---
2026-04-01 15:27:35,129 - data.fetcher - INFO - Using WHITELIST of 19 symbols.
2026-04-01 15:27:35,129 - __main__ - INFO - Scanning progress: 0/19 symbols checked...
2026-04-01 15:27:40,932 - __main__ - INFO - --- AUTO-SCAN CYCLE FINISHED ---
2026-04-01 15:42:40,936 - __main__ - INFO - --- STARTING 15-MIN AUTO-SCAN CYCLE ---
2026-04-01 15:42:40,938 - data.fetcher - INFO - Using WHITELIST of 19 symbols.
2026-04-01 15:42:40,938 - __main__ - INFO - Scanning progress: 0/19 symbols checked...
2026-04-01 15:42:46,829 - __main__ - INFO - --- AUTO-SCAN CYCLE FINISHED ---
2026-04-01 15:57:46,838 - __main__ - INFO - --- STARTING 15-MIN AUTO-SCAN CYCLE ---
2026-04-01 15:57:46,838 - data.fetcher - INFO - Using WHITELIST of 19 symbols.
2026-04-01 15:57:46,838 - __main__ - INFO - Scanning progress: 0/19 symbols checked...
2026-04-01 15:57:52,731 - __main__ - INFO - --- AUTO-SCAN CYCLE FINISHED ---
2026-04-01 16:12:52,747 - __main__ - INFO - --- STARTING 15-MIN AUTO-SCAN CYCLE ---
2026-04-01 16:12:52,749 - data.fetcher - INFO - Using WHITELIST of 19 symbols.
2026-04-01 16:12:52,753 - __main__ - INFO - Scanning progress: 0/19 symbols checked...
2026-04-01 16:12:58,608 - __main__ - INFO - --- AUTO-SCAN CYCLE FINISHED ---
2026-04-01 16:27:58,613 - __main__ - INFO - --- STARTING 15-MIN AUTO-SCAN CYCLE ---
2026-04-01 16:27:58,615 - data.fetcher - INFO - Using WHITELIST of 19 symbols.
2026-04-01 16:27:58,615 - __main__ - INFO - Scanning progress: 0/19 symbols checked...
2026-04-01 16:28:04,503 - __main__ - INFO - --- AUTO-SCAN CYCLE FINISHED ---
2026-04-01 16:42:19,537 - aiogram.event - INFO - Update id=313222040 is handled. Duration 500 ms by bot id=7349237883
2026-04-01 16:42:25,241 - data.fetcher - INFO - Using WHITELIST of 19 symbols.
2026-04-01 16:42:32,043 - aiogram.event - INFO - Update id=313222041 is handled. Duration 6968 ms by bot id=7349237883
2026-04-01 16:43:04,507 - __main__ - INFO - --- STARTING 15-MIN AUTO-SCAN CYCLE ---
2026-04-01 16:43:04,507 - data.fetcher - INFO - Using WHITELIST of 19 symbols.
2026-04-01 16:43:04,507 - __main__ - INFO - Scanning progress: 0/19 symbols checked...
2026-04-01 16:43:11,770 - __main__ - INFO - --- AUTO-SCAN CYCLE FINISHED ---
2026-04-01 16:58:11,777 - __main__ - INFO - --- STARTING 15-MIN AUTO-SCAN CYCLE ---
2026-04-01 16:58:11,777 - data.fetcher - INFO - Using WHITELIST of 19 symbols.
2026-04-01 16:58:11,777 - __main__ - INFO - Scanning progress: 0/19 symbols checked...
2026-04-01 16:58:17,663 - __main__ - INFO - --- AUTO-SCAN CYCLE FINISHED ---
2026-04-01 17:13:17,677 - __main__ - INFO - --- STARTING 15-MIN AUTO-SCAN CYCLE ---
2026-04-01 17:13:17,677 - data.fetcher - INFO - Using WHITELIST of 19 symbols.
2026-04-01 17:13:17,677 - __main__ - INFO - Scanning progress: 0/19 symbols checked...
2026-04-01 17:13:23,583 - __main__ - INFO - --- AUTO-SCAN CYCLE FINISHED ---
2026-04-01 17:28:23,578 - __main__ - INFO - --- STARTING 15-MIN AUTO-SCAN CYCLE ---
2026-04-01 17:28:23,578 - data.fetcher - INFO - Using WHITELIST of 19 symbols.
2026-04-01 17:28:23,578 - __main__ - INFO - Scanning progress: 0/19 symbols checked...
2026-04-01 17:28:29,467 - __main__ - INFO - --- AUTO-SCAN CYCLE FINISHED ---
2026-04-01 17:43:29,469 - __main__ - INFO - --- STARTING 15-MIN AUTO-SCAN CYCLE ---
2026-04-01 17:43:29,469 - data.fetcher - INFO - Using WHITELIST of 19 symbols.
2026-04-01 17:43:29,469 - __main__ - INFO - Scanning progress: 0/19 symbols checked...
2026-04-01 17:43:35,364 - __main__ - INFO - --- AUTO-SCAN CYCLE FINISHED ---
2026-04-01 17:58:35,409 - __main__ - INFO - --- STARTING 15-MIN AUTO-SCAN CYCLE ---
2026-04-01 17:58:35,409 - data.fetcher - INFO - Using WHITELIST of 19 symbols.
2026-04-01 17:58:35,409 - __main__ - INFO - Scanning progress: 0/19 symbols checked...
2026-04-01 17:58:41,348 - __main__ - INFO - --- AUTO-SCAN CYCLE FINISHED ---
2026-04-01 18:13:41,419 - __main__ - INFO - --- STARTING 15-MIN AUTO-SCAN CYCLE ---
2026-04-01 18:13:41,419 - data.fetcher - INFO - Using WHITELIST of 19 symbols.
2026-04-01 18:13:41,419 - __main__ - INFO - Scanning progress: 0/19 symbols checked...
2026-04-01 18:13:47,392 - __main__ - INFO - --- AUTO-SCAN CYCLE FINISHED ---
2026-04-01 18:28:47,445 - __main__ - INFO - --- STARTING 15-MIN AUTO-SCAN CYCLE ---
2026-04-01 18:28:47,445 - data.fetcher - INFO - Using WHITELIST of 19 symbols.
2026-04-01 18:28:47,445 - __main__ - INFO - Scanning progress: 0/19 symbols checked...
2026-04-01 18:28:53,365 - __main__ - INFO - --- AUTO-SCAN CYCLE FINISHED ---
2026-04-01 18:43:53,403 - __main__ - INFO - --- STARTING 15-MIN AUTO-SCAN CYCLE ---
2026-04-01 18:43:53,403 - data.fetcher - INFO - Using WHITELIST of 19 symbols.
2026-04-01 18:43:53,403 - __main__ - INFO - Scanning progress: 0/19 symbols checked...
2026-04-01 18:43:59,420 - __main__ - INFO - --- AUTO-SCAN CYCLE FINISHED ---
2026-04-01 18:58:59,459 - __main__ - INFO - --- STARTING 15-MIN AUTO-SCAN CYCLE ---
2026-04-01 18:58:59,459 - data.fetcher - INFO - Using WHITELIST of 19 symbols.
2026-04-01 18:58:59,459 - __main__ - INFO - Scanning progress: 0/19 symbols checked...
2026-04-01 18:59:05,867 - __main__ - INFO - --- AUTO-SCAN CYCLE FINISHED ---
2026-04-01 19:14:05,913 - __main__ - INFO - --- STARTING 15-MIN AUTO-SCAN CYCLE ---
2026-04-01 19:14:05,913 - data.fetcher - INFO - Using WHITELIST of 19 symbols.
2026-04-01 19:14:05,913 - __main__ - INFO - Scanning progress: 0/19 symbols checked...
2026-04-01 19:14:11,852 - __main__ - INFO - --- AUTO-SCAN CYCLE FINISHED ---
2026-04-01 19:29:11,878 - __main__ - INFO - --- STARTING 15-MIN AUTO-SCAN CYCLE ---
2026-04-01 19:29:11,878 - data.fetcher - INFO - Using WHITELIST of 19 symbols.
2026-04-01 19:29:11,878 - __main__ - INFO - Scanning progress: 0/19 symbols checked...
2026-04-01 19:29:17,773 - __main__ - INFO - --- AUTO-SCAN CYCLE FINISHED ---
2026-04-01 19:44:17,799 - __main__ - INFO - --- STARTING 15-MIN AUTO-SCAN CYCLE ---
2026-04-01 19:44:17,801 - data.fetcher - INFO - Using WHITELIST of 19 symbols.
2026-04-01 19:44:17,807 - __main__ - INFO - Scanning progress: 0/19 symbols checked...
2026-04-01 19:44:24,356 - __main__ - INFO - --- AUTO-SCAN CYCLE FINISHED ---
2026-04-01 19:59:24,373 - __main__ - INFO - --- STARTING 15-MIN AUTO-SCAN CYCLE ---
2026-04-01 19:59:24,373 - data.fetcher - INFO - Using WHITELIST of 19 symbols.
2026-04-01 19:59:24,373 - __main__ - INFO - Scanning progress: 0/19 symbols checked...
2026-04-01 19:59:30,375 - __main__ - INFO - --- AUTO-SCAN CYCLE FINISHED ---
2026-04-01 20:14:30,390 - __main__ - INFO - --- STARTING 15-MIN AUTO-SCAN CYCLE ---
2026-04-01 20:14:30,390 - data.fetcher - INFO - Using WHITELIST of 19 symbols.
2026-04-01 20:14:30,390 - __main__ - INFO - Scanning progress: 0/19 symbols checked...
2026-04-01 20:14:36,257 - __main__ - INFO - --- AUTO-SCAN CYCLE FINISHED ---
2026-04-01 20:29:36,280 - __main__ - INFO - --- STARTING 15-MIN AUTO-SCAN CYCLE ---
2026-04-01 20:29:36,280 - data.fetcher - INFO - Using WHITELIST of 19 symbols.
2026-04-01 20:29:36,280 - __main__ - INFO - Scanning progress: 0/19 symbols checked...
2026-04-01 20:29:42,182 - __main__ - INFO - --- AUTO-SCAN CYCLE FINISHED ---
2026-04-01 20:44:42,186 - __main__ - INFO - --- STARTING 15-MIN AUTO-SCAN CYCLE ---
2026-04-01 20:44:42,186 - data.fetcher - INFO - Using WHITELIST of 19 symbols.
2026-04-01 20:44:42,186 - __main__ - INFO - Scanning progress: 0/19 symbols checked...
2026-04-01 20:44:48,587 - __main__ - INFO - --- AUTO-SCAN CYCLE FINISHED ---
2026-04-01 20:59:48,592 - __main__ - INFO - --- STARTING 15-MIN AUTO-SCAN CYCLE ---
2026-04-01 20:59:48,592 - data.fetcher - INFO - Using WHITELIST of 19 symbols.
2026-04-01 20:59:48,592 - __main__ - INFO - Scanning progress: 0/19 symbols checked...
2026-04-01 20:59:54,534 - __main__ - INFO - --- AUTO-SCAN CYCLE FINISHED ---
2026-04-01 21:14:54,558 - __main__ - INFO - --- STARTING 15-MIN AUTO-SCAN CYCLE ---
2026-04-01 21:14:54,558 - data.fetcher - INFO - Using WHITELIST of 19 symbols.
2026-04-01 21:14:54,585 - __main__ - INFO - Scanning progress: 0/19 symbols checked...
2026-04-01 21:14:55,877 - __main__ - INFO - SIGNAL FOUND: BTC/USDT | Prob: 57.9% | Price: 68061.6 | Entry: 68084.76
2026-04-01 21:14:55,877 - __main__ - INFO - [MATCH] Symbol BTC/USDT ADDED to entry queue
2026-04-01 21:15:00,291 - __main__ - INFO - SIGNAL FOUND: WBTC/USDT | Prob: 53.0% | Price: 68035.14 | Entry: 68082.05
2026-04-01 21:15:00,291 - __main__ - INFO - [MATCH] Symbol WBTC/USDT ADDED to entry queue
2026-04-01 21:15:03,764 - trade_manager - ERROR - Trade entry failed: binance Account has insufficient balance for requested action.
2026-04-01 21:15:04,411 - trade_manager - ERROR - Trade entry failed: binance Account has insufficient balance for requested action.
2026-04-01 21:15:04,479 - __main__ - INFO - --- AUTO-SCAN CYCLE FINISHED ---
2026-04-01 21:30:04,475 - __main__ - INFO - --- STARTING 15-MIN AUTO-SCAN CYCLE ---
2026-04-01 21:30:04,475 - data.fetcher - INFO - Using WHITELIST of 19 symbols.
2026-04-01 21:30:04,480 - __main__ - INFO - Scanning progress: 0/19 symbols checked...
2026-04-01 21:30:06,483 - __main__ - INFO - SIGNAL FOUND: BTC/USDT | Prob: 57.9% | Price: 68260.75 | Entry: 68084.76
2026-04-01 21:30:06,483 - __main__ - INFO - [MATCH] Symbol BTC/USDT ADDED to entry queue
2026-04-01 21:30:10,514 - __main__ - INFO - SIGNAL FOUND: WBTC/USDT | Prob: 53.0% | Price: 68209.57 | Entry: 68082.05
2026-04-01 21:30:10,514 - __main__ - INFO - [MATCH] Symbol WBTC/USDT ADDED to entry queue
2026-04-01 21:30:12,338 - trade_manager - ERROR - Trade entry failed: binance Account has insufficient balance for requested action.
2026-04-01 21:30:13,003 - trade_manager - ERROR - Trade entry failed: binance Account has insufficient balance for requested action.
2026-04-01 21:30:13,069 - __main__ - INFO - --- AUTO-SCAN CYCLE FINISHED ---
2026-04-01 21:45:13,078 - __main__ - INFO - --- STARTING 15-MIN AUTO-SCAN CYCLE ---
2026-04-01 21:45:13,078 - data.fetcher - INFO - Using WHITELIST of 19 symbols.
2026-04-01 21:45:13,078 - __main__ - INFO - Scanning progress: 0/19 symbols checked...
2026-04-01 21:45:14,282 - __main__ - INFO - SIGNAL FOUND: BTC/USDT | Prob: 57.9% | Price: 68175.32 | Entry: 68084.76
2026-04-01 21:45:14,282 - __main__ - INFO - [MATCH] Symbol BTC/USDT ADDED to entry queue
2026-04-01 21:45:18,293 - __main__ - INFO - SIGNAL FOUND: WBTC/USDT | Prob: 53.0% | Price: 68217.11 | Entry: 68082.05
2026-04-01 21:45:18,293 - __main__ - INFO - [MATCH] Symbol WBTC/USDT ADDED to entry queue
2026-04-01 21:45:20,311 - trade_manager - ERROR - Trade entry failed: binance Account has insufficient balance for requested action.
2026-04-01 21:45:20,936 - trade_manager - ERROR - Trade entry failed: binance Account has insufficient balance for requested action.
2026-04-01 21:45:21,001 - __main__ - INFO - --- AUTO-SCAN CYCLE FINISHED ---
2026-04-01 22:00:21,025 - __main__ - INFO - --- STARTING 15-MIN AUTO-SCAN CYCLE ---
2026-04-01 22:00:21,025 - data.fetcher - INFO - Using WHITELIST of 19 symbols.
2026-04-01 22:00:21,030 - __main__ - INFO - Scanning progress: 0/19 symbols checked...
2026-04-01 22:00:22,475 - __main__ - INFO - SIGNAL FOUND: BTC/USDT | Prob: 57.9% | Price: 68157.99 | Entry: 68084.76
2026-04-01 22:00:22,477 - __main__ - INFO - [MATCH] Symbol BTC/USDT ADDED to entry queue
2026-04-01 22:00:26,980 - __main__ - INFO - SIGNAL FOUND: WBTC/USDT | Prob: 53.0% | Price: 68056.74 | Entry: 68082.05
2026-04-01 22:00:26,980 - __main__ - INFO - [MATCH] Symbol WBTC/USDT ADDED to entry queue
2026-04-01 22:00:28,758 - trade_manager - ERROR - Trade entry failed: binance Account has insufficient balance for requested action.
2026-04-01 22:00:29,347 - trade_manager - ERROR - Trade entry failed: binance Account has insufficient balance for requested action.
2026-04-01 22:00:29,429 - __main__ - INFO - --- AUTO-SCAN CYCLE FINISHED ---
2026-04-01 22:15:29,428 - __main__ - INFO - --- STARTING 15-MIN AUTO-SCAN CYCLE ---
2026-04-01 22:15:29,428 - data.fetcher - INFO - Using WHITELIST of 19 symbols.
2026-04-01 22:15:29,428 - __main__ - INFO - Scanning progress: 0/19 symbols checked...
2026-04-01 22:15:30,689 - __main__ - INFO - SIGNAL FOUND: BTC/USDT | Prob: 57.9% | Price: 68072.93 | Entry: 68084.76
2026-04-01 22:15:30,689 - __main__ - INFO - [MATCH] Symbol BTC/USDT ADDED to entry queue
2026-04-01 22:15:34,724 - __main__ - INFO - SIGNAL FOUND: WBTC/USDT | Prob: 53.0% | Price: 68101.19 | Entry: 68082.05
2026-04-01 22:15:34,724 - __main__ - INFO - [MATCH] Symbol WBTC/USDT ADDED to entry queue
2026-04-01 22:15:37,883 - trade_manager - ERROR - Trade entry failed: binance Account has insufficient balance for requested action.
2026-04-01 22:15:38,504 - trade_manager - ERROR - Trade entry failed: binance Account has insufficient balance for requested action.
2026-04-01 22:15:38,598 - __main__ - INFO - --- AUTO-SCAN CYCLE FINISHED ---
2026-04-01 22:30:38,616 - __main__ - INFO - --- STARTING 15-MIN AUTO-SCAN CYCLE ---
2026-04-01 22:30:38,616 - data.fetcher - INFO - Using WHITELIST of 19 symbols.
2026-04-01 22:30:38,632 - __main__ - INFO - Scanning progress: 0/19 symbols checked...
2026-04-01 22:30:39,954 - __main__ - INFO - SIGNAL FOUND: BTC/USDT | Prob: 57.9% | Price: 68046.12 | Entry: 68084.76
2026-04-01 22:30:39,954 - __main__ - INFO - [MATCH] Symbol BTC/USDT ADDED to entry queue
2026-04-01 22:30:43,971 - __main__ - INFO - SIGNAL FOUND: WBTC/USDT | Prob: 53.0% | Price: 67971.05 | Entry: 68082.05
2026-04-01 22:30:43,971 - __main__ - INFO - [MATCH] Symbol WBTC/USDT ADDED to entry queue
2026-04-01 22:30:45,918 - trade_manager - ERROR - Trade entry failed: binance Account has insufficient balance for requested action.
2026-04-01 22:30:46,533 - trade_manager - ERROR - Trade entry failed: binance Account has insufficient balance for requested action.
2026-04-01 22:30:46,590 - __main__ - INFO - --- AUTO-SCAN CYCLE FINISHED ---
2026-04-01 22:45:46,590 - __main__ - INFO - --- STARTING 15-MIN AUTO-SCAN CYCLE ---
2026-04-01 22:45:46,590 - data.fetcher - INFO - Using WHITELIST of 19 symbols.
2026-04-01 22:45:46,590 - __main__ - INFO - Scanning progress: 0/19 symbols checked...
2026-04-01 22:45:47,809 - __main__ - INFO - SIGNAL FOUND: BTC/USDT | Prob: 57.9% | Price: 68170.98 | Entry: 68084.76
2026-04-01 22:45:47,809 - __main__ - INFO - [MATCH] Symbol BTC/USDT ADDED to entry queue
2026-04-01 22:45:51,777 - __main__ - INFO - SIGNAL FOUND: WBTC/USDT | Prob: 53.0% | Price: 68097.28 | Entry: 68082.05
2026-04-01 22:45:51,777 - __main__ - INFO - [MATCH] Symbol WBTC/USDT ADDED to entry queue
2026-04-01 22:45:53,840 - trade_manager - ERROR - Trade entry failed: binance Account has insufficient balance for requested action.
2026-04-01 22:45:54,448 - trade_manager - ERROR - Trade entry failed: binance Account has insufficient balance for requested action.
2026-04-01 22:45:54,516 - __main__ - INFO - --- AUTO-SCAN CYCLE FINISHED ---
2026-04-01 22:53:28,719 - aiogram.event - INFO - Update id=313222042 is handled. Duration 406 ms by bot id=7349237883
2026-04-01 23:00:54,533 - __main__ - INFO - --- STARTING 15-MIN AUTO-SCAN CYCLE ---
2026-04-01 23:00:54,533 - data.fetcher - INFO - Using WHITELIST of 19 symbols.
2026-04-01 23:00:54,533 - __main__ - INFO - Scanning progress: 0/19 symbols checked...
2026-04-01 23:00:55,733 - __main__ - INFO - SIGNAL FOUND: BTC/USDT | Prob: 57.9% | Price: 68197.64 | Entry: 68084.76
2026-04-01 23:00:55,733 - __main__ - INFO - [MATCH] Symbol BTC/USDT ADDED to entry queue
2026-04-01 23:01:00,161 - __main__ - INFO - SIGNAL FOUND: WBTC/USDT | Prob: 53.0% | Price: 68072.76 | Entry: 68082.05
2026-04-01 23:01:00,161 - __main__ - INFO - [MATCH] Symbol WBTC/USDT ADDED to entry queue
2026-04-01 23:01:02,779 - __main__ - INFO - --- AUTO-SCAN CYCLE FINISHED ---
2026-04-01 23:16:02,788 - __main__ - INFO - --- STARTING 15-MIN AUTO-SCAN CYCLE ---
2026-04-01 23:16:02,804 - data.fetcher - INFO - Using WHITELIST of 19 symbols.
2026-04-01 23:16:02,804 - __main__ - INFO - Scanning progress: 0/19 symbols checked...
2026-04-01 23:16:08,347 - __main__ - INFO - --- AUTO-SCAN CYCLE FINISHED ---
2026-04-01 23:31:08,338 - __main__ - INFO - --- STARTING 15-MIN AUTO-SCAN CYCLE ---
2026-04-01 23:31:08,338 - data.fetcher - INFO - Using WHITELIST of 19 symbols.
2026-04-01 23:31:08,338 - __main__ - INFO - Scanning progress: 0/19 symbols checked...
2026-04-01 23:31:13,693 - __main__ - INFO - --- AUTO-SCAN CYCLE FINISHED ---
2026-04-01 23:46:13,704 - __main__ - INFO - --- STARTING 15-MIN AUTO-SCAN CYCLE ---
2026-04-01 23:46:13,704 - data.fetcher - INFO - Using WHITELIST of 19 symbols.
2026-04-01 23:46:13,704 - __main__ - INFO - Scanning progress: 0/19 symbols checked...
2026-04-01 23:46:19,966 - __main__ - INFO - --- AUTO-SCAN CYCLE FINISHED ---
2026-04-01 23:58:34,175 - aiogram.event - INFO - Update id=313222043 is handled. Duration 1327 ms by bot id=7349237883
2026-04-02 00:01:19,981 - __main__ - INFO - --- STARTING 15-MIN AUTO-SCAN CYCLE ---
2026-04-02 00:01:19,993 - data.fetcher - INFO - Using WHITELIST of 19 symbols.
2026-04-02 00:01:20,004 - __main__ - INFO - Scanning progress: 0/19 symbols checked...
2026-04-02 00:01:26,036 - __main__ - INFO - --- AUTO-SCAN CYCLE FINISHED ---
2026-04-02 00:16:26,067 - __main__ - INFO - --- STARTING 15-MIN AUTO-SCAN CYCLE ---
2026-04-02 00:16:26,120 - data.fetcher - INFO - Using WHITELIST of 19 symbols.
2026-04-02 00:16:26,162 - __main__ - INFO - Scanning progress: 0/19 symbols checked...
2026-04-02 00:16:32,474 - __main__ - INFO - --- AUTO-SCAN CYCLE FINISHED ---
2026-04-02 00:31:32,504 - __main__ - INFO - --- STARTING 15-MIN AUTO-SCAN CYCLE ---
2026-04-02 00:31:32,510 - data.fetcher - INFO - Using WHITELIST of 19 symbols.
2026-04-02 00:31:32,515 - __main__ - INFO - Scanning progress: 0/19 symbols checked...
2026-04-02 00:31:37,840 - __main__ - INFO - --- AUTO-SCAN CYCLE FINISHED ---
2026-04-02 00:46:37,844 - __main__ - INFO - --- STARTING 15-MIN AUTO-SCAN CYCLE ---
2026-04-02 00:46:37,844 - data.fetcher - INFO - Using WHITELIST of 19 symbols.
2026-04-02 00:46:37,844 - __main__ - INFO - Scanning progress: 0/19 symbols checked...
2026-04-02 00:46:43,251 - __main__ - INFO - --- AUTO-SCAN CYCLE FINISHED ---
2026-04-02 01:01:43,258 - __main__ - INFO - --- STARTING 15-MIN AUTO-SCAN CYCLE ---
2026-04-02 01:01:43,258 - data.fetcher - INFO - Using WHITELIST of 19 symbols.
2026-04-02 01:01:43,261 - __main__ - INFO - Scanning progress: 0/19 symbols checked...
2026-04-02 01:01:48,513 - __main__ - INFO - --- AUTO-SCAN CYCLE FINISHED ---
2026-04-02 01:16:48,512 - __main__ - INFO - --- STARTING 15-MIN AUTO-SCAN CYCLE ---
2026-04-02 01:16:48,512 - data.fetcher - INFO - Using WHITELIST of 19 symbols.
2026-04-02 01:16:48,512 - __main__ - INFO - Scanning progress: 0/19 symbols checked...
2026-04-02 01:16:53,889 - __main__ - INFO - --- AUTO-SCAN CYCLE FINISHED ---
2026-04-02 01:31:53,893 - __main__ - INFO - --- STARTING 15-MIN AUTO-SCAN CYCLE ---
2026-04-02 01:31:53,895 - data.fetcher - INFO - Using WHITELIST of 19 symbols.
2026-04-02 01:31:53,895 - __main__ - INFO - Scanning progress: 0/19 symbols checked...
2026-04-02 01:31:59,193 - __main__ - INFO - --- AUTO-SCAN CYCLE FINISHED ---
2026-04-02 01:46:59,217 - __main__ - INFO - --- STARTING 15-MIN AUTO-SCAN CYCLE ---
2026-04-02 01:46:59,217 - data.fetcher - INFO - Using WHITELIST of 19 symbols.
2026-04-02 01:46:59,217 - __main__ - INFO - Scanning progress: 0/19 symbols checked...
2026-04-02 01:47:04,530 - __main__ - INFO - --- AUTO-SCAN CYCLE FINISHED ---
2026-04-02 02:02:04,521 - __main__ - INFO - --- STARTING 15-MIN AUTO-SCAN CYCLE ---
2026-04-02 02:02:04,521 - data.fetcher - INFO - Using WHITELIST of 19 symbols.
2026-04-02 02:02:04,521 - __main__ - INFO - Scanning progress: 0/19 symbols checked...
2026-04-02 02:02:06,425 - __main__ - INFO - SIGNAL FOUND: LAYER/USDT | Prob: 47.8% | Price: 0.0804 | Entry: 0.0802
2026-04-02 02:02:06,425 - __main__ - INFO - [LOW_PROB] Symbol LAYER/USDT rejected: Prob 47.8% < 52%
2026-04-02 02:02:08,860 - __main__ - INFO - SIGNAL FOUND: WLFI/USDT | Prob: 35.2% | Price: 0.0998 | Entry: 0.0998
2026-04-02 02:02:08,860 - __main__ - INFO - [LOW_PROB] Symbol WLFI/USDT rejected: Prob 35.2% < 52%
2026-04-02 02:02:09,432 - __main__ - INFO - SIGNAL FOUND: AVAX/USDT | Prob: 49.2% | Price: 9.13 | Entry: 9.13
2026-04-02 02:02:09,432 - __main__ - INFO - [LOW_PROB] Symbol AVAX/USDT rejected: Prob 49.2% < 52%
2026-04-02 02:02:10,302 - __main__ - INFO - SIGNAL FOUND: ACX/USDT | Prob: 52.0% | Price: 0.0431 | Entry: 0.0431
2026-04-02 02:02:10,302 - __main__ - INFO - [LOW_PROB] Symbol ACX/USDT rejected: Prob 52.0% < 52%
2026-04-02 02:02:10,901 - __main__ - INFO - --- AUTO-SCAN CYCLE FINISHED ---
2026-04-02 02:17:10,911 - __main__ - INFO - --- STARTING 15-MIN AUTO-SCAN CYCLE ---
2026-04-02 02:17:10,911 - data.fetcher - INFO - Using WHITELIST of 19 symbols.
2026-04-02 02:17:10,911 - __main__ - INFO - Scanning progress: 0/19 symbols checked...
2026-04-02 02:17:12,812 - __main__ - INFO - SIGNAL FOUND: LAYER/USDT | Prob: 47.8% | Price: 0.0806 | Entry: 0.0802
2026-04-02 02:17:12,812 - __main__ - INFO - [LOW_PROB] Symbol LAYER/USDT rejected: Prob 47.8% < 52%
2026-04-02 02:17:15,207 - __main__ - INFO - SIGNAL FOUND: WLFI/USDT | Prob: 35.2% | Price: 0.1004 | Entry: 0.0998
2026-04-02 02:17:15,207 - __main__ - INFO - [LOW_PROB] Symbol WLFI/USDT rejected: Prob 35.2% < 52%
2026-04-02 02:17:15,786 - __main__ - INFO - SIGNAL FOUND: AVAX/USDT | Prob: 49.2% | Price: 9.13 | Entry: 9.13
2026-04-02 02:17:15,786 - __main__ - INFO - [LOW_PROB] Symbol AVAX/USDT rejected: Prob 49.2% < 52%
2026-04-02 02:17:16,694 - __main__ - INFO - SIGNAL FOUND: ACX/USDT | Prob: 52.0% | Price: 0.0432 | Entry: 0.0431
2026-04-02 02:17:16,694 - __main__ - INFO - [LOW_PROB] Symbol ACX/USDT rejected: Prob 52.0% < 52%
2026-04-02 02:17:17,270 - __main__ - INFO - --- AUTO-SCAN CYCLE FINISHED ---
2026-04-02 02:32:17,274 - __main__ - INFO - --- STARTING 15-MIN AUTO-SCAN CYCLE ---
2026-04-02 02:32:17,274 - data.fetcher - INFO - Using WHITELIST of 19 symbols.
2026-04-02 02:32:17,276 - __main__ - INFO - Scanning progress: 0/19 symbols checked...
2026-04-02 02:32:19,121 - __main__ - INFO - SIGNAL FOUND: LAYER/USDT | Prob: 47.8% | Price: 0.0802 | Entry: 0.0802
2026-04-02 02:32:19,121 - __main__ - INFO - [LOW_PROB] Symbol LAYER/USDT rejected: Prob 47.8% < 52%
2026-04-02 02:32:21,530 - __main__ - INFO - SIGNAL FOUND: WLFI/USDT | Prob: 35.2% | Price: 0.1 | Entry: 0.0998
2026-04-02 02:32:21,530 - __main__ - INFO - [LOW_PROB] Symbol WLFI/USDT rejected: Prob 35.2% < 52%
2026-04-02 02:32:22,084 - __main__ - INFO - SIGNAL FOUND: AVAX/USDT | Prob: 49.2% | Price: 9.14 | Entry: 9.13
2026-04-02 02:32:22,084 - __main__ - INFO - [LOW_PROB] Symbol AVAX/USDT rejected: Prob 49.2% < 52%
2026-04-02 02:32:22,964 - __main__ - INFO - SIGNAL FOUND: ACX/USDT | Prob: 52.0% | Price: 0.0432 | Entry: 0.0431
2026-04-02 02:32:22,964 - __main__ - INFO - [LOW_PROB] Symbol ACX/USDT rejected: Prob 52.0% < 52%
2026-04-02 02:32:23,554 - __main__ - INFO - --- AUTO-SCAN CYCLE FINISHED ---
2026-04-02 02:47:23,600 - __main__ - INFO - --- STARTING 15-MIN AUTO-SCAN CYCLE ---
2026-04-02 02:47:23,604 - data.fetcher - INFO - Using WHITELIST of 19 symbols.
2026-04-02 02:47:23,604 - __main__ - INFO - Scanning progress: 0/19 symbols checked...
2026-04-02 02:47:25,558 - __main__ - INFO - SIGNAL FOUND: LAYER/USDT | Prob: 47.8% | Price: 0.0806 | Entry: 0.0802
2026-04-02 02:47:25,571 - __main__ - INFO - [LOW_PROB] Symbol LAYER/USDT rejected: Prob 47.8% < 52%
2026-04-02 02:47:28,030 - __main__ - INFO - SIGNAL FOUND: WLFI/USDT | Prob: 35.2% | Price: 0.1006 | Entry: 0.0998
2026-04-02 02:47:28,030 - __main__ - INFO - [LOW_PROB] Symbol WLFI/USDT rejected: Prob 35.2% < 52%
2026-04-02 02:47:28,599 - __main__ - INFO - SIGNAL FOUND: AVAX/USDT | Prob: 49.2% | Price: 9.18 | Entry: 9.13
2026-04-02 02:47:28,599 - __main__ - INFO - [LOW_PROB] Symbol AVAX/USDT rejected: Prob 49.2% < 52%
2026-04-02 02:47:29,497 - __main__ - INFO - SIGNAL FOUND: ACX/USDT | Prob: 52.0% | Price: 0.0433 | Entry: 0.0431
2026-04-02 02:47:29,497 - __main__ - INFO - [LOW_PROB] Symbol ACX/USDT rejected: Prob 52.0% < 52%
2026-04-02 02:47:30,069 - __main__ - INFO - --- AUTO-SCAN CYCLE FINISHED ---
2026-04-02 03:02:30,145 - __main__ - INFO - --- STARTING 15-MIN AUTO-SCAN CYCLE ---
2026-04-02 03:02:30,145 - data.fetcher - INFO - Using WHITELIST of 19 symbols.
2026-04-02 03:02:30,149 - __main__ - INFO - Scanning progress: 0/19 symbols checked...
2026-04-02 03:02:32,410 - __main__ - INFO - SIGNAL FOUND: LAYER/USDT | Prob: 47.8% | Price: 0.0805 | Entry: 0.0802
2026-04-02 03:02:32,410 - __main__ - INFO - [LOW_PROB] Symbol LAYER/USDT rejected: Prob 47.8% < 52%
2026-04-02 03:02:34,822 - __main__ - INFO - SIGNAL FOUND: WLFI/USDT | Prob: 35.2% | Price: 0.1002 | Entry: 0.0998
2026-04-02 03:02:34,822 - __main__ - INFO - [LOW_PROB] Symbol WLFI/USDT rejected: Prob 35.2% < 52%
2026-04-02 03:02:35,390 - __main__ - INFO - SIGNAL FOUND: AVAX/USDT | Prob: 49.2% | Price: 9.16 | Entry: 9.13
2026-04-02 03:02:35,390 - __main__ - INFO - [LOW_PROB] Symbol AVAX/USDT rejected: Prob 49.2% < 52%
2026-04-02 03:02:36,263 - __main__ - INFO - SIGNAL FOUND: ACX/USDT | Prob: 52.0% | Price: 0.0431 | Entry: 0.0431
2026-04-02 03:02:36,263 - __main__ - INFO - [LOW_PROB] Symbol ACX/USDT rejected: Prob 52.0% < 52%
2026-04-02 03:02:36,855 - __main__ - INFO - --- AUTO-SCAN CYCLE FINISHED ---
2026-04-02 03:17:36,925 - __main__ - INFO - --- STARTING 15-MIN AUTO-SCAN CYCLE ---
2026-04-02 03:17:36,925 - data.fetcher - INFO - Using WHITELIST of 19 symbols.
2026-04-02 03:17:36,925 - __main__ - INFO - Scanning progress: 0/19 symbols checked...
2026-04-02 03:17:38,767 - __main__ - INFO - SIGNAL FOUND: LAYER/USDT | Prob: 47.8% | Price: 0.0796 | Entry: 0.0802
2026-04-02 03:17:38,767 - __main__ - INFO - [LOW_PROB] Symbol LAYER/USDT rejected: Prob 47.8% < 52%
2026-04-02 03:17:41,185 - __main__ - INFO - SIGNAL FOUND: WLFI/USDT | Prob: 35.2% | Price: 0.0995 | Entry: 0.0998
2026-04-02 03:17:41,185 - __main__ - INFO - [LOW_PROB] Symbol WLFI/USDT rejected: Prob 35.2% < 52%
2026-04-02 03:17:41,777 - __main__ - INFO - SIGNAL FOUND: AVAX/USDT | Prob: 49.2% | Price: 9.08 | Entry: 9.13
2026-04-02 03:17:41,777 - __main__ - INFO - [LOW_PROB] Symbol AVAX/USDT rejected: Prob 49.2% < 52%
2026-04-02 03:17:43,116 - __main__ - INFO - SIGNAL FOUND: ACX/USDT | Prob: 52.0% | Price: 0.0431 | Entry: 0.0431
2026-04-02 03:17:43,116 - __main__ - INFO - [LOW_PROB] Symbol ACX/USDT rejected: Prob 52.0% < 52%
2026-04-02 03:17:43,732 - __main__ - INFO - --- AUTO-SCAN CYCLE FINISHED ---
2026-04-02 03:32:43,785 - __main__ - INFO - --- STARTING 15-MIN AUTO-SCAN CYCLE ---
2026-04-02 03:32:43,787 - data.fetcher - INFO - Using WHITELIST of 19 symbols.
2026-04-02 03:32:43,819 - __main__ - INFO - Scanning progress: 0/19 symbols checked...
2026-04-02 03:32:45,013 - __main__ - INFO - SIGNAL FOUND: BTC/USDT | Prob: 54.4% | Price: 67326.67 | Entry: 68113.92
2026-04-02 03:32:45,015 - __main__ - INFO - [MATCH] Symbol BTC/USDT ADDED to entry queue
2026-04-02 03:32:46,245 - __main__ - INFO - SIGNAL FOUND: LAYER/USDT | Prob: 47.8% | Price: 0.079 | Entry: 0.0802
2026-04-02 03:32:46,245 - __main__ - INFO - [LOW_PROB] Symbol LAYER/USDT rejected: Prob 47.8% < 52%
2026-04-02 03:32:48,660 - __main__ - INFO - SIGNAL FOUND: WLFI/USDT | Prob: 35.2% | Price: 0.0991 | Entry: 0.0998
2026-04-02 03:32:48,660 - __main__ - INFO - [LOW_PROB] Symbol WLFI/USDT rejected: Prob 35.2% < 52%
2026-04-02 03:32:49,232 - __main__ - INFO - SIGNAL FOUND: AVAX/USDT | Prob: 49.2% | Price: 8.9 | Entry: 9.13
2026-04-02 03:32:49,232 - __main__ - INFO - [LOW_PROB] Symbol AVAX/USDT rejected: Prob 49.2% < 52%
2026-04-02 03:32:49,793 - __main__ - INFO - SIGNAL FOUND: WBTC/USDT | Prob: 55.0% | Price: 67222.08 | Entry: 68082.05
2026-04-02 03:32:49,793 - __main__ - INFO - [MATCH] Symbol WBTC/USDT ADDED to entry queue
2026-04-02 03:32:50,705 - __main__ - INFO - SIGNAL FOUND: ACX/USDT | Prob: 52.0% | Price: 0.0426 | Entry: 0.0431
2026-04-02 03:32:50,705 - __main__ - INFO - [LOW_PROB] Symbol ACX/USDT rejected: Prob 52.0% < 52%
2026-04-02 03:32:52,628 - __main__ - INFO - --- AUTO-SCAN CYCLE FINISHED ---
2026-04-02 03:47:52,660 - __main__ - INFO - --- STARTING 15-MIN AUTO-SCAN CYCLE ---
2026-04-02 03:47:52,660 - data.fetcher - INFO - Using WHITELIST of 19 symbols.
2026-04-02 03:47:52,676 - __main__ - INFO - Scanning progress: 0/19 symbols checked...
2026-04-02 03:47:54,472 - __main__ - INFO - SIGNAL FOUND: LAYER/USDT | Prob: 47.8% | Price: 0.0784 | Entry: 0.0802
2026-04-02 03:47:54,472 - __main__ - INFO - [LOW_PROB] Symbol LAYER/USDT rejected: Prob 47.8% < 52%
2026-04-02 03:47:58,816 - __main__ - INFO - SIGNAL FOUND: WLFI/USDT | Prob: 35.2% | Price: 0.099 | Entry: 0.0998
2026-04-02 03:47:58,816 - __main__ - INFO - [LOW_PROB] Symbol WLFI/USDT rejected: Prob 35.2% < 52%
2026-04-02 03:47:59,839 - __main__ - INFO - SIGNAL FOUND: AVAX/USDT | Prob: 49.2% | Price: 8.9 | Entry: 9.13
2026-04-02 03:47:59,839 - __main__ - INFO - [LOW_PROB] Symbol AVAX/USDT rejected: Prob 49.2% < 52%
2026-04-02 03:48:00,729 - __main__ - INFO - SIGNAL FOUND: ACX/USDT | Prob: 52.0% | Price: 0.0428 | Entry: 0.0431
2026-04-02 03:48:00,729 - __main__ - INFO - [LOW_PROB] Symbol ACX/USDT rejected: Prob 52.0% < 52%
2026-04-02 03:48:01,321 - __main__ - INFO - --- AUTO-SCAN CYCLE FINISHED ---
2026-04-02 04:03:01,352 - __main__ - INFO - --- STARTING 15-MIN AUTO-SCAN CYCLE ---
2026-04-02 04:03:01,352 - data.fetcher - INFO - Using WHITELIST of 19 symbols.
2026-04-02 04:03:01,352 - __main__ - INFO - Scanning progress: 0/19 symbols checked...
2026-04-02 04:03:03,194 - __main__ - INFO - SIGNAL FOUND: LAYER/USDT | Prob: 47.8% | Price: 0.079 | Entry: 0.0802
2026-04-02 04:03:03,194 - __main__ - INFO - [LOW_PROB] Symbol LAYER/USDT rejected: Prob 47.8% < 52%
2026-04-02 04:03:05,620 - __main__ - INFO - SIGNAL FOUND: WLFI/USDT | Prob: 35.2% | Price: 0.099 | Entry: 0.0998
2026-04-02 04:03:05,620 - __main__ - INFO - [LOW_PROB] Symbol WLFI/USDT rejected: Prob 35.2% < 52%
2026-04-02 04:03:06,190 - __main__ - INFO - SIGNAL FOUND: AVAX/USDT | Prob: 49.2% | Price: 8.9 | Entry: 9.13
2026-04-02 04:03:06,190 - __main__ - INFO - [LOW_PROB] Symbol AVAX/USDT rejected: Prob 49.2% < 52%
2026-04-02 04:03:07,074 - __main__ - INFO - SIGNAL FOUND: ACX/USDT | Prob: 47.6% | Price: 0.0429 | Entry: 0.0428
2026-04-02 04:03:07,074 - __main__ - INFO - [LOW_PROB] Symbol ACX/USDT rejected: Prob 47.6% < 52%
2026-04-02 04:03:08,132 - __main__ - INFO - --- AUTO-SCAN CYCLE FINISHED ---
2026-04-02 04:18:08,160 - __main__ - INFO - --- STARTING 15-MIN AUTO-SCAN CYCLE ---
2026-04-02 04:18:08,160 - data.fetcher - INFO - Using WHITELIST of 19 symbols.
2026-04-02 04:18:08,160 - __main__ - INFO - Scanning progress: 0/19 symbols checked...
2026-04-02 04:18:09,969 - __main__ - INFO - SIGNAL FOUND: LAYER/USDT | Prob: 47.8% | Price: 0.0784 | Entry: 0.0802
2026-04-02 04:18:09,969 - __main__ - INFO - [LOW_PROB] Symbol LAYER/USDT rejected: Prob 47.8% < 52%
2026-04-02 04:18:12,393 - __main__ - INFO - SIGNAL FOUND: WLFI/USDT | Prob: 35.2% | Price: 0.0984 | Entry: 0.0998
2026-04-02 04:18:12,393 - __main__ - INFO - [LOW_PROB] Symbol WLFI/USDT rejected: Prob 35.2% < 52%
2026-04-02 04:18:12,987 - __main__ - INFO - SIGNAL FOUND: AVAX/USDT | Prob: 49.2% | Price: 8.85 | Entry: 9.13
2026-04-02 04:18:12,987 - __main__ - INFO - [LOW_PROB] Symbol AVAX/USDT rejected: Prob 49.2% < 52%
2026-04-02 04:18:14,073 - __main__ - INFO - SIGNAL FOUND: ACX/USDT | Prob: 47.6% | Price: 0.0427 | Entry: 0.0428
2026-04-02 04:18:14,073 - __main__ - INFO - [LOW_PROB] Symbol ACX/USDT rejected: Prob 47.6% < 52%
2026-04-02 04:18:14,674 - __main__ - INFO - --- AUTO-SCAN CYCLE FINISHED ---
2026-04-02 04:33:14,703 - __main__ - INFO - --- STARTING 15-MIN AUTO-SCAN CYCLE ---
2026-04-02 04:33:14,703 - data.fetcher - INFO - Using WHITELIST of 19 symbols.
2026-04-02 04:33:14,703 - __main__ - INFO - Scanning progress: 0/19 symbols checked...
2026-04-02 04:33:16,543 - __main__ - INFO - SIGNAL FOUND: LAYER/USDT | Prob: 47.8% | Price: 0.0781 | Entry: 0.0802
2026-04-02 04:33:16,543 - __main__ - INFO - [LOW_PROB] Symbol LAYER/USDT rejected: Prob 47.8% < 52%
2026-04-02 04:33:18,940 - __main__ - INFO - SIGNAL FOUND: WLFI/USDT | Prob: 35.2% | Price: 0.098 | Entry: 0.0998
2026-04-02 04:33:18,940 - __main__ - INFO - [LOW_PROB] Symbol WLFI/USDT rejected: Prob 35.2% < 52%
2026-04-02 04:33:19,498 - __main__ - INFO - SIGNAL FOUND: AVAX/USDT | Prob: 49.2% | Price: 8.85 | Entry: 9.13
2026-04-02 04:33:19,498 - __main__ - INFO - [LOW_PROB] Symbol AVAX/USDT rejected: Prob 49.2% < 52%
2026-04-02 04:33:20,371 - __main__ - INFO - SIGNAL FOUND: ACX/USDT | Prob: 47.6% | Price: 0.0427 | Entry: 0.0428
2026-04-02 04:33:20,371 - __main__ - INFO - [LOW_PROB] Symbol ACX/USDT rejected: Prob 47.6% < 52%
2026-04-02 04:33:20,979 - __main__ - INFO - --- AUTO-SCAN CYCLE FINISHED ---
2026-04-02 04:48:21,008 - __main__ - INFO - --- STARTING 15-MIN AUTO-SCAN CYCLE ---
2026-04-02 04:48:21,008 - data.fetcher - INFO - Using WHITELIST of 19 symbols.
2026-04-02 04:48:21,008 - __main__ - INFO - Scanning progress: 0/19 symbols checked...
2026-04-02 04:48:22,823 - __main__ - INFO - SIGNAL FOUND: LAYER/USDT | Prob: 47.8% | Price: 0.0779 | Entry: 0.0802
2026-04-02 04:48:22,823 - __main__ - INFO - [LOW_PROB] Symbol LAYER/USDT rejected: Prob 47.8% < 52%
2026-04-02 04:48:25,193 - __main__ - INFO - SIGNAL FOUND: WLFI/USDT | Prob: 35.2% | Price: 0.0977 | Entry: 0.0998
2026-04-02 04:48:25,193 - __main__ - INFO - [LOW_PROB] Symbol WLFI/USDT rejected: Prob 35.2% < 52%
2026-04-02 04:48:25,751 - __main__ - INFO - SIGNAL FOUND: AVAX/USDT | Prob: 49.2% | Price: 8.79 | Entry: 9.13
2026-04-02 04:48:25,751 - __main__ - INFO - [LOW_PROB] Symbol AVAX/USDT rejected: Prob 49.2% < 52%
2026-04-02 04:48:26,623 - __main__ - INFO - SIGNAL FOUND: ACX/USDT | Prob: 47.6% | Price: 0.0426 | Entry: 0.0428
2026-04-02 04:48:26,623 - __main__ - INFO - [LOW_PROB] Symbol ACX/USDT rejected: Prob 47.6% < 52%
2026-04-02 04:48:27,229 - __main__ - INFO - --- AUTO-SCAN CYCLE FINISHED ---
2026-04-02 05:03:27,258 - __main__ - INFO - --- STARTING 15-MIN AUTO-SCAN CYCLE ---
2026-04-02 05:03:27,258 - data.fetcher - INFO - Using WHITELIST of 19 symbols.
2026-04-02 05:03:27,258 - __main__ - INFO - Scanning progress: 0/19 symbols checked...
2026-04-02 05:03:29,094 - __main__ - INFO - SIGNAL FOUND: LAYER/USDT | Prob: 47.8% | Price: 0.0782 | Entry: 0.0802
2026-04-02 05:03:29,094 - __main__ - INFO - [LOW_PROB] Symbol LAYER/USDT rejected: Prob 47.8% < 52%
2026-04-02 05:03:31,548 - __main__ - INFO - SIGNAL FOUND: WLFI/USDT | Prob: 35.2% | Price: 0.0983 | Entry: 0.0998
2026-04-02 05:03:31,550 - __main__ - INFO - [LOW_PROB] Symbol WLFI/USDT rejected: Prob 35.2% < 52%
2026-04-02 05:03:32,133 - __main__ - INFO - SIGNAL FOUND: AVAX/USDT | Prob: 49.2% | Price: 8.81 | Entry: 9.13
2026-04-02 05:03:32,135 - __main__ - INFO - [LOW_PROB] Symbol AVAX/USDT rejected: Prob 49.2% < 52%
2026-04-02 05:03:33,031 - __main__ - INFO - SIGNAL FOUND: ACX/USDT | Prob: 47.6% | Price: 0.0428 | Entry: 0.0428
2026-04-02 05:03:33,031 - __main__ - INFO - [LOW_PROB] Symbol ACX/USDT rejected: Prob 47.6% < 52%
2026-04-02 05:03:33,621 - __main__ - INFO - --- AUTO-SCAN CYCLE FINISHED ---
2026-04-02 05:18:33,634 - __main__ - INFO - --- STARTING 15-MIN AUTO-SCAN CYCLE ---
2026-04-02 05:18:33,634 - data.fetcher - INFO - Using WHITELIST of 19 symbols.
2026-04-02 05:18:33,634 - __main__ - INFO - Scanning progress: 0/19 symbols checked...
2026-04-02 05:18:35,468 - __main__ - INFO - SIGNAL FOUND: LAYER/USDT | Prob: 47.8% | Price: 0.0777 | Entry: 0.0802
2026-04-02 05:18:35,468 - __main__ - INFO - [LOW_PROB] Symbol LAYER/USDT rejected: Prob 47.8% < 52%
2026-04-02 05:18:37,901 - __main__ - INFO - SIGNAL FOUND: WLFI/USDT | Prob: 35.2% | Price: 0.0979 | Entry: 0.0998
2026-04-02 05:18:37,901 - __main__ - INFO - [LOW_PROB] Symbol WLFI/USDT rejected: Prob 35.2% < 52%
2026-04-02 05:18:38,475 - __main__ - INFO - SIGNAL FOUND: AVAX/USDT | Prob: 49.2% | Price: 8.79 | Entry: 9.13
2026-04-02 05:18:38,475 - __main__ - INFO - [LOW_PROB] Symbol AVAX/USDT rejected: Prob 49.2% < 52%
2026-04-02 05:18:39,356 - __main__ - INFO - SIGNAL FOUND: ACX/USDT | Prob: 47.6% | Price: 0.0426 | Entry: 0.0428
2026-04-02 05:18:39,356 - __main__ - INFO - [LOW_PROB] Symbol ACX/USDT rejected: Prob 47.6% < 52%
2026-04-02 05:18:39,933 - __main__ - INFO - --- AUTO-SCAN CYCLE FINISHED ---
2026-04-02 05:33:39,966 - __main__ - INFO - --- STARTING 15-MIN AUTO-SCAN CYCLE ---
2026-04-02 05:33:39,976 - data.fetcher - INFO - Using WHITELIST of 19 symbols.
2026-04-02 05:33:39,982 - __main__ - INFO - Scanning progress: 0/19 symbols checked...
2026-04-02 05:33:41,833 - __main__ - INFO - SIGNAL FOUND: LAYER/USDT | Prob: 47.8% | Price: 0.078 | Entry: 0.0802
2026-04-02 05:33:41,835 - __main__ - INFO - [LOW_PROB] Symbol LAYER/USDT rejected: Prob 47.8% < 52%
2026-04-02 05:33:44,248 - __main__ - INFO - SIGNAL FOUND: WLFI/USDT | Prob: 35.2% | Price: 0.0982 | Entry: 0.0998
2026-04-02 05:33:44,248 - __main__ - INFO - [LOW_PROB] Symbol WLFI/USDT rejected: Prob 35.2% < 52%
2026-04-02 05:33:44,821 - __main__ - INFO - SIGNAL FOUND: AVAX/USDT | Prob: 49.2% | Price: 8.81 | Entry: 9.13
2026-04-02 05:33:44,821 - __main__ - INFO - [LOW_PROB] Symbol AVAX/USDT rejected: Prob 49.2% < 52%
2026-04-02 05:33:45,718 - __main__ - INFO - SIGNAL FOUND: ACX/USDT | Prob: 47.6% | Price: 0.0428 | Entry: 0.0428
2026-04-02 05:33:45,722 - __main__ - INFO - [LOW_PROB] Symbol ACX/USDT rejected: Prob 47.6% < 52%
2026-04-02 05:33:46,326 - __main__ - INFO - --- AUTO-SCAN CYCLE FINISHED ---
2026-04-02 05:48:46,340 - __main__ - INFO - --- STARTING 15-MIN AUTO-SCAN CYCLE ---
2026-04-02 05:48:46,340 - data.fetcher - INFO - Using WHITELIST of 19 symbols.
2026-04-02 05:48:46,340 - __main__ - INFO - Scanning progress: 0/19 symbols checked...
2026-04-02 05:48:48,139 - __main__ - INFO - SIGNAL FOUND: LAYER/USDT | Prob: 47.8% | Price: 0.0776 | Entry: 0.0802
2026-04-02 05:48:48,139 - __main__ - INFO - [LOW_PROB] Symbol LAYER/USDT rejected: Prob 47.8% < 52%
2026-04-02 05:48:50,545 - __main__ - INFO - SIGNAL FOUND: WLFI/USDT | Prob: 35.2% | Price: 0.0985 | Entry: 0.0998
2026-04-02 05:48:50,545 - __main__ - INFO - [LOW_PROB] Symbol WLFI/USDT rejected: Prob 35.2% < 52%
2026-04-02 05:48:51,107 - __main__ - INFO - SIGNAL FOUND: AVAX/USDT | Prob: 49.2% | Price: 8.76 | Entry: 9.13
2026-04-02 05:48:51,107 - __main__ - INFO - [LOW_PROB] Symbol AVAX/USDT rejected: Prob 49.2% < 52%
2026-04-02 05:48:51,999 - __main__ - INFO - SIGNAL FOUND: ACX/USDT | Prob: 47.6% | Price: 0.0427 | Entry: 0.0428
2026-04-02 05:48:51,999 - __main__ - INFO - [LOW_PROB] Symbol ACX/USDT rejected: Prob 47.6% < 52%
2026-04-02 05:48:52,605 - __main__ - INFO - --- AUTO-SCAN CYCLE FINISHED ---
2026-04-02 06:03:52,633 - __main__ - INFO - --- STARTING 15-MIN AUTO-SCAN CYCLE ---
2026-04-02 06:03:52,633 - data.fetcher - INFO - Using WHITELIST of 19 symbols.
2026-04-02 06:03:52,633 - __main__ - INFO - Scanning progress: 0/19 symbols checked...
2026-04-02 06:03:54,523 - __main__ - INFO - SIGNAL FOUND: LAYER/USDT | Prob: 47.8% | Price: 0.0777 | Entry: 0.0802
2026-04-02 06:03:54,523 - __main__ - INFO - [LOW_PROB] Symbol LAYER/USDT rejected: Prob 47.8% < 52%
2026-04-02 06:03:56,915 - __main__ - INFO - SIGNAL FOUND: WLFI/USDT | Prob: 35.2% | Price: 0.0982 | Entry: 0.0998
2026-04-02 06:03:56,915 - __main__ - INFO - [LOW_PROB] Symbol WLFI/USDT rejected: Prob 35.2% < 52%
2026-04-02 06:03:57,495 - __main__ - INFO - SIGNAL FOUND: AVAX/USDT | Prob: 49.2% | Price: 8.78 | Entry: 9.13
2026-04-02 06:03:57,497 - __main__ - INFO - [LOW_PROB] Symbol AVAX/USDT rejected: Prob 49.2% < 52%
2026-04-02 06:03:58,375 - __main__ - INFO - SIGNAL FOUND: ACX/USDT | Prob: 47.6% | Price: 0.0427 | Entry: 0.0428
2026-04-02 06:03:58,375 - __main__ - INFO - [LOW_PROB] Symbol ACX/USDT rejected: Prob 47.6% < 52%
2026-04-02 06:03:58,978 - __main__ - INFO - --- AUTO-SCAN CYCLE FINISHED ---
2026-04-02 06:18:58,982 - __main__ - INFO - --- STARTING 15-MIN AUTO-SCAN CYCLE ---
2026-04-02 06:18:58,982 - data.fetcher - INFO - Using WHITELIST of 19 symbols.
2026-04-02 06:18:58,982 - __main__ - INFO - Scanning progress: 0/19 symbols checked...
2026-04-02 06:19:00,999 - __main__ - INFO - SIGNAL FOUND: LAYER/USDT | Prob: 47.8% | Price: 0.0775 | Entry: 0.0802
2026-04-02 06:19:00,999 - __main__ - INFO - [LOW_PROB] Symbol LAYER/USDT rejected: Prob 47.8% < 52%
2026-04-02 06:19:03,414 - __main__ - INFO - SIGNAL FOUND: WLFI/USDT | Prob: 35.2% | Price: 0.0978 | Entry: 0.0998
2026-04-02 06:19:03,414 - __main__ - INFO - [LOW_PROB] Symbol WLFI/USDT rejected: Prob 35.2% < 52%
2026-04-02 06:19:03,963 - __main__ - INFO - SIGNAL FOUND: AVAX/USDT | Prob: 49.2% | Price: 8.75 | Entry: 9.13
2026-04-02 06:19:03,963 - __main__ - INFO - [LOW_PROB] Symbol AVAX/USDT rejected: Prob 49.2% < 52%
2026-04-02 06:19:04,842 - __main__ - INFO - SIGNAL FOUND: ACX/USDT | Prob: 47.6% | Price: 0.0426 | Entry: 0.0428
2026-04-02 06:19:04,842 - __main__ - INFO - [LOW_PROB] Symbol ACX/USDT rejected: Prob 47.6% < 52%
2026-04-02 06:19:05,451 - __main__ - INFO - --- AUTO-SCAN CYCLE FINISHED ---
2026-04-02 06:34:05,469 - __main__ - INFO - --- STARTING 15-MIN AUTO-SCAN CYCLE ---
2026-04-02 06:34:05,469 - data.fetcher - INFO - Using WHITELIST of 19 symbols.
2026-04-02 06:34:05,469 - __main__ - INFO - Scanning progress: 0/19 symbols checked...
2026-04-02 06:34:07,278 - __main__ - INFO - SIGNAL FOUND: LAYER/USDT | Prob: 47.8% | Price: 0.0776 | Entry: 0.0802
2026-04-02 06:34:07,278 - __main__ - INFO - [LOW_PROB] Symbol LAYER/USDT rejected: Prob 47.8% < 52%
2026-04-02 06:34:09,665 - __main__ - INFO - SIGNAL FOUND: WLFI/USDT | Prob: 35.2% | Price: 0.0978 | Entry: 0.0998
2026-04-02 06:34:09,665 - __main__ - INFO - [LOW_PROB] Symbol WLFI/USDT rejected: Prob 35.2% < 52%
2026-04-02 06:34:10,225 - __main__ - INFO - SIGNAL FOUND: AVAX/USDT | Prob: 49.2% | Price: 8.75 | Entry: 9.13
2026-04-02 06:34:10,225 - __main__ - INFO - [LOW_PROB] Symbol AVAX/USDT rejected: Prob 49.2% < 52%
2026-04-02 06:34:11,123 - __main__ - INFO - SIGNAL FOUND: ACX/USDT | Prob: 47.6% | Price: 0.0427 | Entry: 0.0428
2026-04-02 06:34:11,123 - __main__ - INFO - [LOW_PROB] Symbol ACX/USDT rejected: Prob 47.6% < 52%
2026-04-02 06:34:11,711 - __main__ - INFO - --- AUTO-SCAN CYCLE FINISHED ---
2026-04-02 06:49:11,714 - __main__ - INFO - --- STARTING 15-MIN AUTO-SCAN CYCLE ---
2026-04-02 06:49:11,714 - data.fetcher - INFO - Using WHITELIST of 19 symbols.
2026-04-02 06:49:11,714 - __main__ - INFO - Scanning progress: 0/19 symbols checked...
2026-04-02 06:49:13,541 - __main__ - INFO - SIGNAL FOUND: LAYER/USDT | Prob: 47.8% | Price: 0.0773 | Entry: 0.0802
2026-04-02 06:49:13,541 - __main__ - INFO - [LOW_PROB] Symbol LAYER/USDT rejected: Prob 47.8% < 52%
2026-04-02 06:49:16,013 - __main__ - INFO - SIGNAL FOUND: WLFI/USDT | Prob: 35.2% | Price: 0.0978 | Entry: 0.0998
2026-04-02 06:49:16,013 - __main__ - INFO - [LOW_PROB] Symbol WLFI/USDT rejected: Prob 35.2% < 52%
2026-04-02 06:49:16,589 - __main__ - INFO - SIGNAL FOUND: AVAX/USDT | Prob: 49.2% | Price: 8.68 | Entry: 9.13
2026-04-02 06:49:16,589 - __main__ - INFO - [LOW_PROB] Symbol AVAX/USDT rejected: Prob 49.2% < 52%
2026-04-02 06:49:17,719 - __main__ - INFO - SIGNAL FOUND: ACX/USDT | Prob: 47.6% | Price: 0.0425 | Entry: 0.0428
2026-04-02 06:49:17,719 - __main__ - INFO - [LOW_PROB] Symbol ACX/USDT rejected: Prob 47.6% < 52%
2026-04-02 06:49:18,320 - __main__ - INFO - --- AUTO-SCAN CYCLE FINISHED ---
2026-04-02 07:04:18,332 - __main__ - INFO - --- STARTING 15-MIN AUTO-SCAN CYCLE ---
2026-04-02 07:04:18,332 - data.fetcher - INFO - Using WHITELIST of 19 symbols.
2026-04-02 07:04:18,332 - __main__ - INFO - Scanning progress: 0/19 symbols checked...
2026-04-02 07:04:20,178 - __main__ - INFO - SIGNAL FOUND: LAYER/USDT | Prob: 47.8% | Price: 0.0773 | Entry: 0.0802
2026-04-02 07:04:20,178 - __main__ - INFO - [LOW_PROB] Symbol LAYER/USDT rejected: Prob 47.8% < 52%
2026-04-02 07:04:22,615 - __main__ - INFO - SIGNAL FOUND: WLFI/USDT | Prob: 35.2% | Price: 0.0979 | Entry: 0.0998
2026-04-02 07:04:22,615 - __main__ - INFO - [LOW_PROB] Symbol WLFI/USDT rejected: Prob 35.2% < 52%
2026-04-02 07:04:23,177 - __main__ - INFO - SIGNAL FOUND: AVAX/USDT | Prob: 49.2% | Price: 8.69 | Entry: 9.13
2026-04-02 07:04:23,177 - __main__ - INFO - [LOW_PROB] Symbol AVAX/USDT rejected: Prob 49.2% < 52%
2026-04-02 07:04:24,053 - __main__ - INFO - SIGNAL FOUND: ACX/USDT | Prob: 47.6% | Price: 0.0424 | Entry: 0.0428
2026-04-02 07:04:24,053 - __main__ - INFO - [LOW_PROB] Symbol ACX/USDT rejected: Prob 47.6% < 52%
2026-04-02 07:04:24,641 - __main__ - INFO - --- AUTO-SCAN CYCLE FINISHED ---
2026-04-02 07:19:24,653 - __main__ - INFO - --- STARTING 15-MIN AUTO-SCAN CYCLE ---
2026-04-02 07:19:24,653 - data.fetcher - INFO - Using WHITELIST of 19 symbols.
2026-04-02 07:19:24,653 - __main__ - INFO - Scanning progress: 0/19 symbols checked...
2026-04-02 07:19:26,458 - __main__ - INFO - SIGNAL FOUND: LAYER/USDT | Prob: 47.8% | Price: 0.077 | Entry: 0.0802
2026-04-02 07:19:26,458 - __main__ - INFO - [LOW_PROB] Symbol LAYER/USDT rejected: Prob 47.8% < 52%
2026-04-02 07:19:28,837 - __main__ - INFO - SIGNAL FOUND: WLFI/USDT | Prob: 35.2% | Price: 0.0977 | Entry: 0.0998
2026-04-02 07:19:28,837 - __main__ - INFO - [LOW_PROB] Symbol WLFI/USDT rejected: Prob 35.2% < 52%
2026-04-02 07:19:29,383 - __main__ - INFO - SIGNAL FOUND: AVAX/USDT | Prob: 49.2% | Price: 8.68 | Entry: 9.13
2026-04-02 07:19:29,383 - __main__ - INFO - [LOW_PROB] Symbol AVAX/USDT rejected: Prob 49.2% < 52%
2026-04-02 07:19:30,276 - __main__ - INFO - SIGNAL FOUND: ACX/USDT | Prob: 47.6% | Price: 0.0426 | Entry: 0.0428
2026-04-02 07:19:30,276 - __main__ - INFO - [LOW_PROB] Symbol ACX/USDT rejected: Prob 47.6% < 52%
2026-04-02 07:19:30,852 - __main__ - INFO - --- AUTO-SCAN CYCLE FINISHED ---
2026-04-02 07:34:30,855 - __main__ - INFO - --- STARTING 15-MIN AUTO-SCAN CYCLE ---
2026-04-02 07:34:30,855 - data.fetcher - INFO - Using WHITELIST of 19 symbols.
2026-04-02 07:34:30,855 - __main__ - INFO - Scanning progress: 0/19 symbols checked...
2026-04-02 07:34:32,044 - __main__ - INFO - SIGNAL FOUND: BTC/USDT | Prob: 54.4% | Price: 66475.65 | Entry: 68113.92
2026-04-02 07:34:32,044 - __main__ - INFO - [MATCH] Symbol BTC/USDT ADDED to entry queue
2026-04-02 07:34:33,246 - __main__ - INFO - SIGNAL FOUND: LAYER/USDT | Prob: 47.8% | Price: 0.0771 | Entry: 0.0802
2026-04-02 07:34:33,246 - __main__ - INFO - [LOW_PROB] Symbol LAYER/USDT rejected: Prob 47.8% < 52%
2026-04-02 07:34:36,098 - __main__ - INFO - SIGNAL FOUND: WLFI/USDT | Prob: 35.2% | Price: 0.0978 | Entry: 0.0998
2026-04-02 07:34:36,098 - __main__ - INFO - [LOW_PROB] Symbol WLFI/USDT rejected: Prob 35.2% < 52%
2026-04-02 07:34:36,645 - __main__ - INFO - SIGNAL FOUND: AVAX/USDT | Prob: 49.2% | Price: 8.68 | Entry: 9.13
2026-04-02 07:34:36,645 - __main__ - INFO - [LOW_PROB] Symbol AVAX/USDT rejected: Prob 49.2% < 52%
2026-04-02 07:34:37,670 - __main__ - INFO - SIGNAL FOUND: WBTC/USDT | Prob: 55.0% | Price: 66375.17 | Entry: 68082.05
2026-04-02 07:34:37,670 - __main__ - INFO - [MATCH] Symbol WBTC/USDT ADDED to entry queue
2026-04-02 07:34:39,262 - __main__ - INFO - SIGNAL FOUND: ACX/USDT | Prob: 47.6% | Price: 0.0427 | Entry: 0.0428
2026-04-02 07:34:39,262 - __main__ - INFO - [LOW_PROB] Symbol ACX/USDT rejected: Prob 47.6% < 52%
2026-04-02 07:34:41,457 - __main__ - INFO - --- AUTO-SCAN CYCLE FINISHED ---
2026-04-02 07:49:41,467 - __main__ - INFO - --- STARTING 15-MIN AUTO-SCAN CYCLE ---
2026-04-02 07:49:41,467 - data.fetcher - INFO - Using WHITELIST of 19 symbols.
2026-04-02 07:49:41,499 - __main__ - INFO - Scanning progress: 0/19 symbols checked...
2026-04-02 07:49:43,295 - __main__ - INFO - SIGNAL FOUND: LAYER/USDT | Prob: 47.8% | Price: 0.0777 | Entry: 0.0802
2026-04-02 07:49:43,295 - __main__ - INFO - [LOW_PROB] Symbol LAYER/USDT rejected: Prob 47.8% < 52%
2026-04-02 07:49:45,717 - __main__ - INFO - SIGNAL FOUND: WLFI/USDT | Prob: 35.2% | Price: 0.0983 | Entry: 0.0998
2026-04-02 07:49:45,717 - __main__ - INFO - [LOW_PROB] Symbol WLFI/USDT rejected: Prob 35.2% < 52%
2026-04-02 07:49:46,265 - __main__ - INFO - SIGNAL FOUND: AVAX/USDT | Prob: 49.2% | Price: 8.7 | Entry: 9.13
2026-04-02 07:49:46,265 - __main__ - INFO - [LOW_PROB] Symbol AVAX/USDT rejected: Prob 49.2% < 52%
2026-04-02 07:49:47,619 - __main__ - INFO - SIGNAL FOUND: ACX/USDT | Prob: 47.6% | Price: 0.0426 | Entry: 0.0428
2026-04-02 07:49:47,619 - __main__ - INFO - [LOW_PROB] Symbol ACX/USDT rejected: Prob 47.6% < 52%
2026-04-02 07:49:48,198 - __main__ - INFO - --- AUTO-SCAN CYCLE FINISHED ---
2026-04-02 08:04:48,212 - __main__ - INFO - --- STARTING 15-MIN AUTO-SCAN CYCLE ---
2026-04-02 08:04:48,212 - data.fetcher - INFO - Using WHITELIST of 19 symbols.
2026-04-02 08:04:48,212 - __main__ - INFO - Scanning progress: 0/19 symbols checked...
2026-04-02 08:04:50,083 - __main__ - INFO - SIGNAL FOUND: LAYER/USDT | Prob: 47.8% | Price: 0.0777 | Entry: 0.0802
2026-04-02 08:04:50,083 - __main__ - INFO - [LOW_PROB] Symbol LAYER/USDT rejected: Prob 47.8% < 52%
2026-04-02 08:04:52,493 - __main__ - INFO - SIGNAL FOUND: WLFI/USDT | Prob: 35.2% | Price: 0.0982 | Entry: 0.0998
2026-04-02 08:04:52,493 - __main__ - INFO - [LOW_PROB] Symbol WLFI/USDT rejected: Prob 35.2% < 52%
2026-04-02 08:04:53,054 - __main__ - INFO - SIGNAL FOUND: AVAX/USDT | Prob: 49.2% | Price: 8.71 | Entry: 9.13
2026-04-02 08:04:53,054 - __main__ - INFO - [LOW_PROB] Symbol AVAX/USDT rejected: Prob 49.2% < 52%
2026-04-02 08:04:53,965 - __main__ - INFO - SIGNAL FOUND: ACX/USDT | Prob: 47.6% | Price: 0.0427 | Entry: 0.0428
2026-04-02 08:04:53,965 - __main__ - INFO - [LOW_PROB] Symbol ACX/USDT rejected: Prob 47.6% < 52%
2026-04-02 08:04:54,573 - __main__ - INFO - --- AUTO-SCAN CYCLE FINISHED ---
2026-04-02 08:19:54,579 - __main__ - INFO - --- STARTING 15-MIN AUTO-SCAN CYCLE ---
2026-04-02 08:19:54,579 - data.fetcher - INFO - Using WHITELIST of 19 symbols.
2026-04-02 08:19:54,582 - __main__ - INFO - Scanning progress: 0/19 symbols checked...
2026-04-02 08:19:56,395 - __main__ - INFO - SIGNAL FOUND: LAYER/USDT | Prob: 47.8% | Price: 0.0776 | Entry: 0.0802
2026-04-02 08:19:56,395 - __main__ - INFO - [LOW_PROB] Symbol LAYER/USDT rejected: Prob 47.8% < 52%
2026-04-02 08:19:58,853 - __main__ - INFO - SIGNAL FOUND: WLFI/USDT | Prob: 35.2% | Price: 0.0987 | Entry: 0.0998
2026-04-02 08:19:58,853 - __main__ - INFO - [LOW_PROB] Symbol WLFI/USDT rejected: Prob 35.2% < 52%
2026-04-02 08:19:59,420 - __main__ - INFO - SIGNAL FOUND: AVAX/USDT | Prob: 49.2% | Price: 8.72 | Entry: 9.13
2026-04-02 08:19:59,420 - __main__ - INFO - [LOW_PROB] Symbol AVAX/USDT rejected: Prob 49.2% < 52%
2026-04-02 08:20:00,360 - __main__ - INFO - SIGNAL FOUND: ACX/USDT | Prob: 47.6% | Price: 0.043 | Entry: 0.0428
2026-04-02 08:20:00,360 - __main__ - INFO - [LOW_PROB] Symbol ACX/USDT rejected: Prob 47.6% < 52%
2026-04-02 08:20:01,367 - __main__ - INFO - --- AUTO-SCAN CYCLE FINISHED ---
2026-04-02 08:35:01,372 - __main__ - INFO - --- STARTING 15-MIN AUTO-SCAN CYCLE ---
2026-04-02 08:35:01,372 - data.fetcher - INFO - Using WHITELIST of 19 symbols.
2026-04-02 08:35:01,372 - __main__ - INFO - Scanning progress: 0/19 symbols checked...
2026-04-02 08:35:03,472 - __main__ - INFO - SIGNAL FOUND: LAYER/USDT | Prob: 47.8% | Price: 0.0776 | Entry: 0.0802
2026-04-02 08:35:03,472 - __main__ - INFO - [LOW_PROB] Symbol LAYER/USDT rejected: Prob 47.8% < 52%
2026-04-02 08:35:05,890 - __main__ - INFO - SIGNAL FOUND: WLFI/USDT | Prob: 35.2% | Price: 0.0982 | Entry: 0.0998
2026-04-02 08:35:05,890 - __main__ - INFO - [LOW_PROB] Symbol WLFI/USDT rejected: Prob 35.2% < 52%
2026-04-02 08:35:06,463 - __main__ - INFO - SIGNAL FOUND: AVAX/USDT | Prob: 49.2% | Price: 8.71 | Entry: 9.13
2026-04-02 08:35:06,463 - __main__ - INFO - [LOW_PROB] Symbol AVAX/USDT rejected: Prob 49.2% < 52%
2026-04-02 08:35:07,342 - __main__ - INFO - SIGNAL FOUND: ACX/USDT | Prob: 47.6% | Price: 0.043 | Entry: 0.0428
2026-04-02 08:35:07,342 - __main__ - INFO - [LOW_PROB] Symbol ACX/USDT rejected: Prob 47.6% < 52%
2026-04-02 08:35:07,950 - __main__ - INFO - --- AUTO-SCAN CYCLE FINISHED ---
2026-04-02 08:50:07,951 - __main__ - INFO - --- STARTING 15-MIN AUTO-SCAN CYCLE ---
2026-04-02 08:50:07,951 - data.fetcher - INFO - Using WHITELIST of 19 symbols.
2026-04-02 08:50:07,961 - __main__ - INFO - Scanning progress: 0/19 symbols checked...
2026-04-02 08:50:09,738 - __main__ - INFO - SIGNAL FOUND: LAYER/USDT | Prob: 47.8% | Price: 0.0777 | Entry: 0.0802
2026-04-02 08:50:09,738 - __main__ - INFO - [LOW_PROB] Symbol LAYER/USDT rejected: Prob 47.8% < 52%
2026-04-02 08:50:12,370 - __main__ - INFO - SIGNAL FOUND: WLFI/USDT | Prob: 35.2% | Price: 0.0981 | Entry: 0.0998
2026-04-02 08:50:12,371 - __main__ - INFO - [LOW_PROB] Symbol WLFI/USDT rejected: Prob 35.2% < 52%
2026-04-02 08:50:12,924 - __main__ - INFO - SIGNAL FOUND: AVAX/USDT | Prob: 49.2% | Price: 8.72 | Entry: 9.13
2026-04-02 08:50:12,924 - __main__ - INFO - [LOW_PROB] Symbol AVAX/USDT rejected: Prob 49.2% < 52%
2026-04-02 08:50:13,822 - __main__ - INFO - SIGNAL FOUND: ACX/USDT | Prob: 47.6% | Price: 0.043 | Entry: 0.0428
2026-04-02 08:50:13,822 - __main__ - INFO - [LOW_PROB] Symbol ACX/USDT rejected: Prob 47.6% < 52%
2026-04-02 08:50:14,414 - __main__ - INFO - --- AUTO-SCAN CYCLE FINISHED ---
2026-04-02 08:52:34,706 - aiogram.event - INFO - Update id=313222044 is handled. Duration 469 ms by bot id=7349237883
2026-04-02 09:05:14,424 - __main__ - INFO - --- STARTING 15-MIN AUTO-SCAN CYCLE ---
2026-04-02 09:05:14,426 - data.fetcher - INFO - Using WHITELIST of 19 symbols.
2026-04-02 09:05:14,426 - __main__ - INFO - Scanning progress: 0/19 symbols checked...
2026-04-02 09:05:16,243 - __main__ - INFO - SIGNAL FOUND: LAYER/USDT | Prob: 47.8% | Price: 0.0778 | Entry: 0.0802
2026-04-02 09:05:16,245 - __main__ - INFO - [LOW_PROB] Symbol LAYER/USDT rejected: Prob 47.8% < 52%
2026-04-02 09:05:18,641 - __main__ - INFO - SIGNAL FOUND: WLFI/USDT | Prob: 35.2% | Price: 0.0982 | Entry: 0.0998
2026-04-02 09:05:18,641 - __main__ - INFO - [LOW_PROB] Symbol WLFI/USDT rejected: Prob 35.2% < 52%
2026-04-02 09:05:19,202 - __main__ - INFO - SIGNAL FOUND: AVAX/USDT | Prob: 49.2% | Price: 8.7 | Entry: 9.13
2026-04-02 09:05:19,202 - __main__ - INFO - [LOW_PROB] Symbol AVAX/USDT rejected: Prob 49.2% < 52%
2026-04-02 09:05:20,113 - __main__ - INFO - SIGNAL FOUND: ACX/USDT | Prob: 47.6% | Price: 0.0432 | Entry: 0.0428
2026-04-02 09:05:20,113 - __main__ - INFO - [LOW_PROB] Symbol ACX/USDT rejected: Prob 47.6% < 52%
2026-04-02 09:05:20,721 - __main__ - INFO - --- AUTO-SCAN CYCLE FINISHED ---
2026-04-02 09:20:20,739 - __main__ - INFO - --- STARTING 15-MIN AUTO-SCAN CYCLE ---
2026-04-02 09:20:20,739 - data.fetcher - INFO - Using WHITELIST of 19 symbols.
2026-04-02 09:20:20,745 - __main__ - INFO - Scanning progress: 0/19 symbols checked...
2026-04-02 09:20:22,550 - __main__ - INFO - SIGNAL FOUND: LAYER/USDT | Prob: 47.8% | Price: 0.0777 | Entry: 0.0802
2026-04-02 09:20:22,550 - __main__ - INFO - [LOW_PROB] Symbol LAYER/USDT rejected: Prob 47.8% < 52%
2026-04-02 09:20:24,966 - __main__ - INFO - SIGNAL FOUND: WLFI/USDT | Prob: 35.2% | Price: 0.0983 | Entry: 0.0998
2026-04-02 09:20:24,966 - __main__ - INFO - [LOW_PROB] Symbol WLFI/USDT rejected: Prob 35.2% < 52%
2026-04-02 09:20:25,526 - __main__ - INFO - SIGNAL FOUND: AVAX/USDT | Prob: 49.2% | Price: 8.72 | Entry: 9.13
2026-04-02 09:20:25,526 - __main__ - INFO - [LOW_PROB] Symbol AVAX/USDT rejected: Prob 49.2% < 52%
2026-04-02 09:20:26,402 - __main__ - INFO - SIGNAL FOUND: ACX/USDT | Prob: 47.6% | Price: 0.043 | Entry: 0.0428
2026-04-02 09:20:26,402 - __main__ - INFO - [LOW_PROB] Symbol ACX/USDT rejected: Prob 47.6% < 52%
2026-04-02 09:20:26,998 - __main__ - INFO - --- AUTO-SCAN CYCLE FINISHED ---
2026-04-02 09:35:27,021 - __main__ - INFO - --- STARTING 15-MIN AUTO-SCAN CYCLE ---
2026-04-02 09:35:27,021 - data.fetcher - INFO - Using WHITELIST of 19 symbols.
2026-04-02 09:35:27,021 - __main__ - INFO - Scanning progress: 0/19 symbols checked...
2026-04-02 09:35:28,898 - __main__ - INFO - SIGNAL FOUND: LAYER/USDT | Prob: 47.8% | Price: 0.0778 | Entry: 0.0802
2026-04-02 09:35:28,898 - __main__ - INFO - [LOW_PROB] Symbol LAYER/USDT rejected: Prob 47.8% < 52%
2026-04-02 09:35:31,368 - __main__ - INFO - SIGNAL FOUND: WLFI/USDT | Prob: 35.2% | Price: 0.0984 | Entry: 0.0998
2026-04-02 09:35:31,368 - __main__ - INFO - [LOW_PROB] Symbol WLFI/USDT rejected: Prob 35.2% < 52%
2026-04-02 09:35:31,910 - __main__ - INFO - SIGNAL FOUND: AVAX/USDT | Prob: 49.2% | Price: 8.72 | Entry: 9.13
2026-04-02 09:35:31,910 - __main__ - INFO - [LOW_PROB] Symbol AVAX/USDT rejected: Prob 49.2% < 52%
2026-04-02 09:35:32,839 - __main__ - INFO - SIGNAL FOUND: ACX/USDT | Prob: 47.6% | Price: 0.0431 | Entry: 0.0428
2026-04-02 09:35:32,839 - __main__ - INFO - [LOW_PROB] Symbol ACX/USDT rejected: Prob 47.6% < 52%
2026-04-02 09:35:33,435 - __main__ - INFO - --- AUTO-SCAN CYCLE FINISHED ---
2026-04-02 09:50:33,466 - __main__ - INFO - --- STARTING 15-MIN AUTO-SCAN CYCLE ---
2026-04-02 09:50:33,466 - data.fetcher - INFO - Using WHITELIST of 19 symbols.
2026-04-02 09:50:33,466 - __main__ - INFO - Scanning progress: 0/19 symbols checked...
2026-04-02 09:50:35,295 - __main__ - INFO - SIGNAL FOUND: LAYER/USDT | Prob: 47.8% | Price: 0.0778 | Entry: 0.0802
2026-04-02 09:50:35,295 - __main__ - INFO - [LOW_PROB] Symbol LAYER/USDT rejected: Prob 47.8% < 52%
2026-04-02 09:50:37,745 - __main__ - INFO - SIGNAL FOUND: WLFI/USDT | Prob: 35.2% | Price: 0.0984 | Entry: 0.0998
2026-04-02 09:50:37,745 - __main__ - INFO - [LOW_PROB] Symbol WLFI/USDT rejected: Prob 35.2% < 52%
2026-04-02 09:50:38,290 - __main__ - INFO - SIGNAL FOUND: AVAX/USDT | Prob: 49.2% | Price: 8.74 | Entry: 9.13
2026-04-02 09:50:38,290 - __main__ - INFO - [LOW_PROB] Symbol AVAX/USDT rejected: Prob 49.2% < 52%
2026-04-02 09:50:39,189 - __main__ - INFO - SIGNAL FOUND: ACX/USDT | Prob: 47.6% | Price: 0.0428 | Entry: 0.0428
2026-04-02 09:50:39,189 - __main__ - INFO - [LOW_PROB] Symbol ACX/USDT rejected: Prob 47.6% < 52%
2026-04-02 09:50:39,796 - __main__ - INFO - --- AUTO-SCAN CYCLE FINISHED ---
2026-04-02 10:05:39,818 - __main__ - INFO - --- STARTING 15-MIN AUTO-SCAN CYCLE ---
2026-04-02 10:05:39,820 - data.fetcher - INFO - Using WHITELIST of 19 symbols.
2026-04-02 10:05:39,820 - __main__ - INFO - Scanning progress: 0/19 symbols checked...
2026-04-02 10:05:41,610 - __main__ - INFO - SIGNAL FOUND: LAYER/USDT | Prob: 47.8% | Price: 0.0779 | Entry: 0.0802
2026-04-02 10:05:41,610 - __main__ - INFO - [LOW_PROB] Symbol LAYER/USDT rejected: Prob 47.8% < 52%
2026-04-02 10:05:44,049 - __main__ - INFO - SIGNAL FOUND: WLFI/USDT | Prob: 35.2% | Price: 0.0984 | Entry: 0.0998
2026-04-02 10:05:44,049 - __main__ - INFO - [LOW_PROB] Symbol WLFI/USDT rejected: Prob 35.2% < 52%
2026-04-02 10:05:44,617 - __main__ - INFO - SIGNAL FOUND: AVAX/USDT | Prob: 49.2% | Price: 8.72 | Entry: 9.13
2026-04-02 10:05:44,617 - __main__ - INFO - [LOW_PROB] Symbol AVAX/USDT rejected: Prob 49.2% < 52%
2026-04-02 10:05:45,499 - __main__ - INFO - SIGNAL FOUND: ACX/USDT | Prob: 47.6% | Price: 0.0428 | Entry: 0.0428
2026-04-02 10:05:45,499 - __main__ - INFO - [LOW_PROB] Symbol ACX/USDT rejected: Prob 47.6% < 52%
2026-04-02 10:05:46,091 - __main__ - INFO - --- AUTO-SCAN CYCLE FINISHED ---
2026-04-02 10:20:46,097 - __main__ - INFO - --- STARTING 15-MIN AUTO-SCAN CYCLE ---
2026-04-02 10:20:46,097 - data.fetcher - INFO - Using WHITELIST of 19 symbols.
2026-04-02 10:20:46,097 - __main__ - INFO - Scanning progress: 0/19 symbols checked...
2026-04-02 10:20:47,911 - __main__ - INFO - SIGNAL FOUND: LAYER/USDT | Prob: 47.8% | Price: 0.0777 | Entry: 0.0802
2026-04-02 10:20:47,911 - __main__ - INFO - [LOW_PROB] Symbol LAYER/USDT rejected: Prob 47.8% < 52%
2026-04-02 10:20:50,473 - __main__ - INFO - SIGNAL FOUND: WLFI/USDT | Prob: 35.2% | Price: 0.0981 | Entry: 0.0998
2026-04-02 10:20:50,473 - __main__ - INFO - [LOW_PROB] Symbol WLFI/USDT rejected: Prob 35.2% < 52%
2026-04-02 10:20:51,038 - __main__ - INFO - SIGNAL FOUND: AVAX/USDT | Prob: 49.2% | Price: 8.71 | Entry: 9.13
2026-04-02 10:20:51,038 - __main__ - INFO - [LOW_PROB] Symbol AVAX/USDT rejected: Prob 49.2% < 52%
2026-04-02 10:20:51,945 - __main__ - INFO - SIGNAL FOUND: ACX/USDT | Prob: 47.6% | Price: 0.0428 | Entry: 0.0428
2026-04-02 10:20:51,945 - __main__ - INFO - [LOW_PROB] Symbol ACX/USDT rejected: Prob 47.6% < 52%
2026-04-02 10:20:52,569 - __main__ - INFO - --- AUTO-SCAN CYCLE FINISHED ---
2026-04-02 10:35:52,573 - __main__ - INFO - --- STARTING 15-MIN AUTO-SCAN CYCLE ---
2026-04-02 10:35:52,573 - data.fetcher - INFO - Using WHITELIST of 19 symbols.
2026-04-02 10:35:52,573 - __main__ - INFO - Scanning progress: 0/19 symbols checked...
2026-04-02 10:35:54,402 - __main__ - INFO - SIGNAL FOUND: LAYER/USDT | Prob: 47.8% | Price: 0.0776 | Entry: 0.0802
2026-04-02 10:35:54,403 - __main__ - INFO - [LOW_PROB] Symbol LAYER/USDT rejected: Prob 47.8% < 52%
2026-04-02 10:35:56,862 - __main__ - INFO - SIGNAL FOUND: WLFI/USDT | Prob: 35.2% | Price: 0.0979 | Entry: 0.0998
2026-04-02 10:35:56,862 - __main__ - INFO - [LOW_PROB] Symbol WLFI/USDT rejected: Prob 35.2% < 52%
2026-04-02 10:35:57,431 - __main__ - INFO - SIGNAL FOUND: AVAX/USDT | Prob: 49.2% | Price: 8.72 | Entry: 9.13
2026-04-02 10:35:57,431 - __main__ - INFO - [LOW_PROB] Symbol AVAX/USDT rejected: Prob 49.2% < 52%
2026-04-02 10:35:58,357 - __main__ - INFO - SIGNAL FOUND: ACX/USDT | Prob: 47.6% | Price: 0.0426 | Entry: 0.0428
2026-04-02 10:35:58,357 - __main__ - INFO - [LOW_PROB] Symbol ACX/USDT rejected: Prob 47.6% < 52%
2026-04-02 10:35:58,956 - __main__ - INFO - --- AUTO-SCAN CYCLE FINISHED ---
2026-04-02 10:50:58,967 - __main__ - INFO - --- STARTING 15-MIN AUTO-SCAN CYCLE ---
2026-04-02 10:50:58,967 - data.fetcher - INFO - Using WHITELIST of 19 symbols.
2026-04-02 10:50:58,967 - __main__ - INFO - Scanning progress: 0/19 symbols checked...
2026-04-02 10:51:00,812 - __main__ - INFO - SIGNAL FOUND: LAYER/USDT | Prob: 47.8% | Price: 0.0775 | Entry: 0.0802
2026-04-02 10:51:00,812 - __main__ - INFO - [LOW_PROB] Symbol LAYER/USDT rejected: Prob 47.8% < 52%
2026-04-02 10:51:03,268 - __main__ - INFO - SIGNAL FOUND: WLFI/USDT | Prob: 35.2% | Price: 0.0979 | Entry: 0.0998
2026-04-02 10:51:03,268 - __main__ - INFO - [LOW_PROB] Symbol WLFI/USDT rejected: Prob 35.2% < 52%
2026-04-02 10:51:03,857 - __main__ - INFO - SIGNAL FOUND: AVAX/USDT | Prob: 49.2% | Price: 8.68 | Entry: 9.13
2026-04-02 10:51:03,857 - __main__ - INFO - [LOW_PROB] Symbol AVAX/USDT rejected: Prob 49.2% < 52%
2026-04-02 10:51:04,754 - __main__ - INFO - SIGNAL FOUND: ACX/USDT | Prob: 47.6% | Price: 0.0425 | Entry: 0.0428
2026-04-02 10:51:04,754 - __main__ - INFO - [LOW_PROB] Symbol ACX/USDT rejected: Prob 47.6% < 52%
2026-04-02 10:51:05,330 - __main__ - INFO - --- AUTO-SCAN CYCLE FINISHED ---
2026-04-02 11:02:12,190 - aiogram.event - INFO - Update id=313222045 is handled. Duration 500 ms by bot id=7349237883
2026-04-02 11:06:05,336 - __main__ - INFO - --- STARTING 15-MIN AUTO-SCAN CYCLE ---
2026-04-02 11:06:05,352 - data.fetcher - INFO - Using WHITELIST of 19 symbols.
2026-04-02 11:06:05,357 - __main__ - INFO - Scanning progress: 0/19 symbols checked...
2026-04-02 11:06:07,344 - __main__ - INFO - SIGNAL FOUND: LAYER/USDT | Prob: 47.8% | Price: 0.0775 | Entry: 0.0802
2026-04-02 11:06:07,344 - __main__ - INFO - [LOW_PROB] Symbol LAYER/USDT rejected: Prob 47.8% < 52%
2026-04-02 11:06:09,752 - __main__ - INFO - SIGNAL FOUND: WLFI/USDT | Prob: 35.2% | Price: 0.0979 | Entry: 0.0998
2026-04-02 11:06:09,752 - __main__ - INFO - [LOW_PROB] Symbol WLFI/USDT rejected: Prob 35.2% < 52%
2026-04-02 11:06:10,309 - __main__ - INFO - SIGNAL FOUND: AVAX/USDT | Prob: 49.2% | Price: 8.67 | Entry: 9.13
2026-04-02 11:06:10,309 - __main__ - INFO - [LOW_PROB] Symbol AVAX/USDT rejected: Prob 49.2% < 52%
2026-04-02 11:06:11,215 - __main__ - INFO - SIGNAL FOUND: ACX/USDT | Prob: 47.6% | Price: 0.0425 | Entry: 0.0428
2026-04-02 11:06:11,215 - __main__ - INFO - [LOW_PROB] Symbol ACX/USDT rejected: Prob 47.6% < 52%
2026-04-02 11:06:11,822 - __main__ - INFO - --- AUTO-SCAN CYCLE FINISHED ---
2026-04-02 11:21:11,847 - __main__ - INFO - --- STARTING 15-MIN AUTO-SCAN CYCLE ---
2026-04-02 11:21:11,860 - data.fetcher - INFO - Using WHITELIST of 19 symbols.
2026-04-02 11:21:11,866 - __main__ - INFO - Scanning progress: 0/19 symbols checked...
2026-04-02 11:21:13,785 - __main__ - INFO - SIGNAL FOUND: LAYER/USDT | Prob: 47.8% | Price: 0.077 | Entry: 0.0802
2026-04-02 11:21:13,785 - __main__ - INFO - [LOW_PROB] Symbol LAYER/USDT rejected: Prob 47.8% < 52%
2026-04-02 11:21:16,349 - __main__ - INFO - SIGNAL FOUND: WLFI/USDT | Prob: 35.2% | Price: 0.0979 | Entry: 0.0998
2026-04-02 11:21:16,349 - __main__ - INFO - [LOW_PROB] Symbol WLFI/USDT rejected: Prob 35.2% < 52%
2026-04-02 11:21:16,992 - __main__ - INFO - SIGNAL FOUND: AVAX/USDT | Prob: 49.2% | Price: 8.65 | Entry: 9.13
2026-04-02 11:21:16,992 - __main__ - INFO - [LOW_PROB] Symbol AVAX/USDT rejected: Prob 49.2% < 52%
2026-04-02 11:21:17,911 - __main__ - INFO - SIGNAL FOUND: ACX/USDT | Prob: 47.6% | Price: 0.0426 | Entry: 0.0428
2026-04-02 11:21:17,911 - __main__ - INFO - [LOW_PROB] Symbol ACX/USDT rejected: Prob 47.6% < 52%
2026-04-02 11:21:18,512 - __main__ - INFO - --- AUTO-SCAN CYCLE FINISHED ---
2026-04-02 11:36:18,517 - __main__ - INFO - --- STARTING 15-MIN AUTO-SCAN CYCLE ---
2026-04-02 11:36:18,517 - data.fetcher - INFO - Using WHITELIST of 19 symbols.
2026-04-02 11:36:18,533 - __main__ - INFO - Scanning progress: 0/19 symbols checked...
2026-04-02 11:36:19,901 - __main__ - INFO - SIGNAL FOUND: BTC/USDT | Prob: 54.4% | Price: 66459.25 | Entry: 68113.92
2026-04-02 11:36:19,901 - __main__ - INFO - [MATCH] Symbol BTC/USDT ADDED to entry queue
2026-04-02 11:36:21,093 - __main__ - INFO - SIGNAL FOUND: LAYER/USDT | Prob: 47.8% | Price: 0.0771 | Entry: 0.0802
2026-04-02 11:36:21,093 - __main__ - INFO - [LOW_PROB] Symbol LAYER/USDT rejected: Prob 47.8% < 52%
2026-04-02 11:36:23,506 - __main__ - INFO - SIGNAL FOUND: WLFI/USDT | Prob: 35.2% | Price: 0.0981 | Entry: 0.0998
2026-04-02 11:36:23,506 - __main__ - INFO - [LOW_PROB] Symbol WLFI/USDT rejected: Prob 35.2% < 52%
2026-04-02 11:36:24,095 - __main__ - INFO - SIGNAL FOUND: AVAX/USDT | Prob: 49.2% | Price: 8.68 | Entry: 9.13
2026-04-02 11:36:24,095 - __main__ - INFO - [LOW_PROB] Symbol AVAX/USDT rejected: Prob 49.2% < 52%
2026-04-02 11:36:25,390 - __main__ - INFO - SIGNAL FOUND: ACX/USDT | Prob: 47.6% | Price: 0.0425 | Entry: 0.0428
2026-04-02 11:36:25,390 - __main__ - INFO - [LOW_PROB] Symbol ACX/USDT rejected: Prob 47.6% < 52%
2026-04-02 11:36:26,990 - __main__ - INFO - --- AUTO-SCAN CYCLE FINISHED ---
2026-04-02 11:51:27,024 - __main__ - INFO - --- STARTING 15-MIN AUTO-SCAN CYCLE ---
2026-04-02 11:51:27,039 - data.fetcher - INFO - Using WHITELIST of 19 symbols.
2026-04-02 11:51:27,072 - __main__ - INFO - Scanning progress: 0/19 symbols checked...
2026-04-02 11:51:29,011 - __main__ - INFO - SIGNAL FOUND: LAYER/USDT | Prob: 47.8% | Price: 0.0769 | Entry: 0.0802
2026-04-02 11:51:29,012 - __main__ - INFO - [LOW_PROB] Symbol LAYER/USDT rejected: Prob 47.8% < 52%
2026-04-02 11:51:31,407 - __main__ - INFO - SIGNAL FOUND: WLFI/USDT | Prob: 35.2% | Price: 0.098 | Entry: 0.0998
2026-04-02 11:51:31,407 - __main__ - INFO - [LOW_PROB] Symbol WLFI/USDT rejected: Prob 35.2% < 52%
2026-04-02 11:51:31,954 - __main__ - INFO - SIGNAL FOUND: AVAX/USDT | Prob: 49.2% | Price: 8.66 | Entry: 9.13
2026-04-02 11:51:31,955 - __main__ - INFO - [LOW_PROB] Symbol AVAX/USDT rejected: Prob 49.2% < 52%
2026-04-02 11:51:33,152 - __main__ - INFO - SIGNAL FOUND: ACX/USDT | Prob: 47.6% | Price: 0.0425 | Entry: 0.0428
2026-04-02 11:51:33,153 - __main__ - INFO - [LOW_PROB] Symbol ACX/USDT rejected: Prob 47.6% < 52%
2026-04-02 11:51:33,744 - __main__ - INFO - --- AUTO-SCAN CYCLE FINISHED ---
2026-04-02 12:06:33,792 - __main__ - INFO - --- STARTING 15-MIN AUTO-SCAN CYCLE ---
2026-04-02 12:06:33,795 - data.fetcher - INFO - Using WHITELIST of 19 symbols.
2026-04-02 12:06:33,799 - __main__ - INFO - Scanning progress: 0/19 symbols checked...
2026-04-02 12:06:35,627 - __main__ - INFO - SIGNAL FOUND: LAYER/USDT | Prob: 47.8% | Price: 0.077 | Entry: 0.0802
2026-04-02 12:06:35,627 - __main__ - INFO - [LOW_PROB] Symbol LAYER/USDT rejected: Prob 47.8% < 52%
2026-04-02 12:06:38,069 - __main__ - INFO - SIGNAL FOUND: WLFI/USDT | Prob: 35.2% | Price: 0.0979 | Entry: 0.0998
2026-04-02 12:06:38,069 - __main__ - INFO - [LOW_PROB] Symbol WLFI/USDT rejected: Prob 35.2% < 52%
2026-04-02 12:06:38,647 - __main__ - INFO - SIGNAL FOUND: AVAX/USDT | Prob: 49.2% | Price: 8.68 | Entry: 9.13
2026-04-02 12:06:38,647 - __main__ - INFO - [LOW_PROB] Symbol AVAX/USDT rejected: Prob 49.2% < 52%
2026-04-02 12:06:39,841 - __main__ - INFO - SIGNAL FOUND: ACX/USDT | Prob: 47.6% | Price: 0.0425 | Entry: 0.0428
2026-04-02 12:06:39,841 - __main__ - INFO - [LOW_PROB] Symbol ACX/USDT rejected: Prob 47.6% < 52%
2026-04-02 12:06:40,430 - __main__ - INFO - --- AUTO-SCAN CYCLE FINISHED ---
2026-04-02 12:21:40,477 - __main__ - INFO - --- STARTING 15-MIN AUTO-SCAN CYCLE ---
2026-04-02 12:21:40,500 - data.fetcher - INFO - Using WHITELIST of 19 symbols.
2026-04-02 12:21:40,519 - __main__ - INFO - Scanning progress: 0/19 symbols checked...
2026-04-02 12:21:42,411 - __main__ - INFO - SIGNAL FOUND: LAYER/USDT | Prob: 47.8% | Price: 0.0767 | Entry: 0.0802
2026-04-02 12:21:42,411 - __main__ - INFO - [LOW_PROB] Symbol LAYER/USDT rejected: Prob 47.8% < 52%
2026-04-02 12:21:44,826 - __main__ - INFO - SIGNAL FOUND: WLFI/USDT | Prob: 35.2% | Price: 0.0979 | Entry: 0.0998
2026-04-02 12:21:44,826 - __main__ - INFO - [LOW_PROB] Symbol WLFI/USDT rejected: Prob 35.2% < 52%
2026-04-02 12:21:45,383 - __main__ - INFO - SIGNAL FOUND: AVAX/USDT | Prob: 49.2% | Price: 8.66 | Entry: 9.13
2026-04-02 12:21:45,384 - __main__ - INFO - [LOW_PROB] Symbol AVAX/USDT rejected: Prob 49.2% < 52%
2026-04-02 12:21:46,563 - __main__ - INFO - SIGNAL FOUND: ACX/USDT | Prob: 47.6% | Price: 0.0424 | Entry: 0.0428
2026-04-02 12:21:46,563 - __main__ - INFO - [LOW_PROB] Symbol ACX/USDT rejected: Prob 47.6% < 52%
2026-04-02 12:21:47,159 - __main__ - INFO - --- AUTO-SCAN CYCLE FINISHED ---
2026-04-02 12:36:47,193 - __main__ - INFO - --- STARTING 15-MIN AUTO-SCAN CYCLE ---
2026-04-02 12:36:47,222 - data.fetcher - INFO - Using WHITELIST of 19 symbols.
2026-04-02 12:36:47,229 - __main__ - INFO - Scanning progress: 0/19 symbols checked...
2026-04-02 12:36:49,097 - __main__ - INFO - SIGNAL FOUND: LAYER/USDT | Prob: 47.8% | Price: 0.077 | Entry: 0.0802
2026-04-02 12:36:49,098 - __main__ - INFO - [LOW_PROB] Symbol LAYER/USDT rejected: Prob 47.8% < 52%
2026-04-02 12:36:51,565 - __main__ - INFO - SIGNAL FOUND: WLFI/USDT | Prob: 35.2% | Price: 0.0981 | Entry: 0.0998
2026-04-02 12:36:51,566 - __main__ - INFO - [LOW_PROB] Symbol WLFI/USDT rejected: Prob 35.2% < 52%
2026-04-02 12:36:52,123 - __main__ - INFO - SIGNAL FOUND: AVAX/USDT | Prob: 49.2% | Price: 8.67 | Entry: 9.13
2026-04-02 12:36:52,123 - __main__ - INFO - [LOW_PROB] Symbol AVAX/USDT rejected: Prob 49.2% < 52%
2026-04-02 12:36:53,307 - __main__ - INFO - SIGNAL FOUND: ACX/USDT | Prob: 47.6% | Price: 0.0425 | Entry: 0.0428
2026-04-02 12:36:53,307 - __main__ - INFO - [LOW_PROB] Symbol ACX/USDT rejected: Prob 47.6% < 52%
2026-04-02 12:36:53,937 - __main__ - INFO - --- AUTO-SCAN CYCLE FINISHED ---
2026-04-02 12:51:53,969 - __main__ - INFO - --- STARTING 15-MIN AUTO-SCAN CYCLE ---
2026-04-02 12:51:53,980 - data.fetcher - INFO - Using WHITELIST of 19 symbols.
2026-04-02 12:51:53,984 - __main__ - INFO - Scanning progress: 0/19 symbols checked...
2026-04-02 12:51:55,851 - __main__ - INFO - SIGNAL FOUND: LAYER/USDT | Prob: 47.8% | Price: 0.0768 | Entry: 0.0802
2026-04-02 12:51:55,852 - __main__ - INFO - [LOW_PROB] Symbol LAYER/USDT rejected: Prob 47.8% < 52%
2026-04-02 12:51:58,231 - __main__ - INFO - SIGNAL FOUND: WLFI/USDT | Prob: 35.2% | Price: 0.0981 | Entry: 0.0998
2026-04-02 12:51:58,231 - __main__ - INFO - [LOW_PROB] Symbol WLFI/USDT rejected: Prob 35.2% < 52%
2026-04-02 12:51:58,795 - __main__ - INFO - SIGNAL FOUND: AVAX/USDT | Prob: 49.2% | Price: 8.67 | Entry: 9.13
2026-04-02 12:51:58,795 - __main__ - INFO - [LOW_PROB] Symbol AVAX/USDT rejected: Prob 49.2% < 52%
2026-04-02 12:51:59,986 - __main__ - INFO - SIGNAL FOUND: ACX/USDT | Prob: 47.6% | Price: 0.0425 | Entry: 0.0428
2026-04-02 12:51:59,987 - __main__ - INFO - [LOW_PROB] Symbol ACX/USDT rejected: Prob 47.6% < 52%
2026-04-02 12:52:00,578 - __main__ - INFO - --- AUTO-SCAN CYCLE FINISHED ---
2026-04-02 13:07:00,595 - __main__ - INFO - --- STARTING 15-MIN AUTO-SCAN CYCLE ---
2026-04-02 13:07:00,600 - data.fetcher - INFO - Using WHITELIST of 19 symbols.
2026-04-02 13:07:00,604 - __main__ - INFO - Scanning progress: 0/19 symbols checked...
2026-04-02 13:07:05,971 - __main__ - INFO - SIGNAL FOUND: ACX/USDT | Prob: 47.6% | Price: 0.0424 | Entry: 0.0428
2026-04-02 13:07:05,971 - __main__ - INFO - [LOW_PROB] Symbol ACX/USDT rejected: Prob 47.6% < 52%
2026-04-02 13:07:06,558 - __main__ - INFO - --- AUTO-SCAN CYCLE FINISHED ---
2026-04-02 13:22:06,581 - __main__ - INFO - --- STARTING 15-MIN AUTO-SCAN CYCLE ---
2026-04-02 13:22:06,583 - data.fetcher - INFO - Using WHITELIST of 19 symbols.
2026-04-02 13:22:06,588 - __main__ - INFO - Scanning progress: 0/19 symbols checked...
2026-04-02 13:22:11,957 - __main__ - INFO - SIGNAL FOUND: ACX/USDT | Prob: 47.6% | Price: 0.0423 | Entry: 0.0428
2026-04-02 13:22:11,958 - __main__ - INFO - [LOW_PROB] Symbol ACX/USDT rejected: Prob 47.6% < 52%
2026-04-02 13:22:12,569 - __main__ - INFO - --- AUTO-SCAN CYCLE FINISHED ---
2026-04-02 13:37:12,584 - __main__ - INFO - --- STARTING 15-MIN AUTO-SCAN CYCLE ---
2026-04-02 13:37:12,585 - data.fetcher - INFO - Using WHITELIST of 19 symbols.
2026-04-02 13:37:12,596 - __main__ - INFO - Scanning progress: 0/19 symbols checked...
2026-04-02 13:37:17,889 - __main__ - INFO - SIGNAL FOUND: ACX/USDT | Prob: 47.6% | Price: 0.0424 | Entry: 0.0428
2026-04-02 13:37:17,890 - __main__ - INFO - [LOW_PROB] Symbol ACX/USDT rejected: Prob 47.6% < 52%
2026-04-02 13:37:18,484 - __main__ - INFO - --- AUTO-SCAN CYCLE FINISHED ---
2026-04-02 13:52:18,508 - __main__ - INFO - --- STARTING 15-MIN AUTO-SCAN CYCLE ---
2026-04-02 13:52:18,509 - data.fetcher - INFO - Using WHITELIST of 19 symbols.
2026-04-02 13:52:18,517 - __main__ - INFO - Scanning progress: 0/19 symbols checked...
2026-04-02 13:52:23,888 - __main__ - INFO - SIGNAL FOUND: ACX/USDT | Prob: 47.6% | Price: 0.0424 | Entry: 0.0428
2026-04-02 13:52:23,888 - __main__ - INFO - [LOW_PROB] Symbol ACX/USDT rejected: Prob 47.6% < 52%
2026-04-02 13:52:24,506 - __main__ - INFO - --- AUTO-SCAN CYCLE FINISHED ---
2026-04-02 14:07:24,529 - __main__ - INFO - --- STARTING 15-MIN AUTO-SCAN CYCLE ---
2026-04-02 14:07:24,530 - data.fetcher - INFO - Using WHITELIST of 19 symbols.
2026-04-02 14:07:24,538 - __main__ - INFO - Scanning progress: 0/19 symbols checked...
2026-04-02 14:07:29,896 - __main__ - INFO - SIGNAL FOUND: ACX/USDT | Prob: 47.6% | Price: 0.0424 | Entry: 0.0428
2026-04-02 14:07:29,896 - __main__ - INFO - [LOW_PROB] Symbol ACX/USDT rejected: Prob 47.6% < 52%
2026-04-02 14:07:30,515 - __main__ - INFO - --- AUTO-SCAN CYCLE FINISHED ---
2026-04-02 14:22:30,530 - __main__ - INFO - --- STARTING 15-MIN AUTO-SCAN CYCLE ---
2026-04-02 14:22:30,532 - data.fetcher - INFO - Using WHITELIST of 19 symbols.
2026-04-02 14:22:30,540 - __main__ - INFO - Scanning progress: 0/19 symbols checked...
2026-04-02 14:22:35,862 - __main__ - INFO - SIGNAL FOUND: ACX/USDT | Prob: 47.6% | Price: 0.0424 | Entry: 0.0428
2026-04-02 14:22:35,863 - __main__ - INFO - [LOW_PROB] Symbol ACX/USDT rejected: Prob 47.6% < 52%
2026-04-02 14:22:36,459 - __main__ - INFO - --- AUTO-SCAN CYCLE FINISHED ---
2026-04-02 14:37:36,471 - __main__ - INFO - --- STARTING 15-MIN AUTO-SCAN CYCLE ---
2026-04-02 14:37:36,480 - data.fetcher - INFO - Using WHITELIST of 19 symbols.
2026-04-02 14:37:36,485 - __main__ - INFO - Scanning progress: 0/19 symbols checked...
2026-04-02 14:37:41,842 - __main__ - INFO - SIGNAL FOUND: ACX/USDT | Prob: 47.6% | Price: 0.0425 | Entry: 0.0428
2026-04-02 14:37:41,842 - __main__ - INFO - [LOW_PROB] Symbol ACX/USDT rejected: Prob 47.6% < 52%
2026-04-02 14:37:42,444 - __main__ - INFO - --- AUTO-SCAN CYCLE FINISHED ---
2026-04-02 14:52:42,449 - __main__ - INFO - --- STARTING 15-MIN AUTO-SCAN CYCLE ---
2026-04-02 14:52:42,450 - data.fetcher - INFO - Using WHITELIST of 19 symbols.
2026-04-02 14:52:42,458 - __main__ - INFO - Scanning progress: 0/19 symbols checked...
2026-04-02 14:52:49,566 - __main__ - INFO - SIGNAL FOUND: ACX/USDT | Prob: 47.6% | Price: 0.0425 | Entry: 0.0428
2026-04-02 14:52:49,567 - __main__ - INFO - [LOW_PROB] Symbol ACX/USDT rejected: Prob 47.6% < 52%
2026-04-02 14:52:50,156 - __main__ - INFO - --- AUTO-SCAN CYCLE FINISHED ---
2026-04-02 15:07:50,157 - __main__ - INFO - --- STARTING 15-MIN AUTO-SCAN CYCLE ---
2026-04-02 15:07:50,159 - data.fetcher - INFO - Using WHITELIST of 19 symbols.
2026-04-02 15:07:50,162 - __main__ - INFO - Scanning progress: 0/19 symbols checked...
2026-04-02 15:07:55,763 - __main__ - INFO - --- AUTO-SCAN CYCLE FINISHED ---
2026-04-02 15:22:55,776 - __main__ - INFO - --- STARTING 15-MIN AUTO-SCAN CYCLE ---
2026-04-02 15:22:55,777 - data.fetcher - INFO - Using WHITELIST of 19 symbols.
2026-04-02 15:22:55,786 - __main__ - INFO - Scanning progress: 0/19 symbols checked...
2026-04-02 15:23:01,387 - __main__ - INFO - --- AUTO-SCAN CYCLE FINISHED ---
2026-04-02 15:38:01,391 - __main__ - INFO - --- STARTING 15-MIN AUTO-SCAN CYCLE ---
2026-04-02 15:38:01,393 - data.fetcher - INFO - Using WHITELIST of 19 symbols.
2026-04-02 15:38:01,395 - __main__ - INFO - Scanning progress: 0/19 symbols checked...
2026-04-02 15:38:07,408 - __main__ - INFO - --- AUTO-SCAN CYCLE FINISHED ---
2026-04-02 15:53:07,423 - __main__ - INFO - --- STARTING 15-MIN AUTO-SCAN CYCLE ---
2026-04-02 15:53:07,431 - data.fetcher - INFO - Using WHITELIST of 19 symbols.
2026-04-02 15:53:07,433 - __main__ - INFO - Scanning progress: 0/19 symbols checked...
2026-04-02 15:53:13,416 - __main__ - INFO - --- AUTO-SCAN CYCLE FINISHED ---
2026-04-02 16:08:13,429 - __main__ - INFO - --- STARTING 15-MIN AUTO-SCAN CYCLE ---
2026-04-02 16:08:13,435 - data.fetcher - INFO - Using WHITELIST of 19 symbols.
2026-04-02 16:08:13,438 - __main__ - INFO - Scanning progress: 0/19 symbols checked...
2026-04-02 16:08:19,447 - __main__ - INFO - --- AUTO-SCAN CYCLE FINISHED ---
2026-04-02 16:23:19,461 - __main__ - INFO - --- STARTING 15-MIN AUTO-SCAN CYCLE ---
2026-04-02 16:23:19,473 - data.fetcher - INFO - Using WHITELIST of 19 symbols.
2026-04-02 16:23:19,476 - __main__ - INFO - Scanning progress: 0/19 symbols checked...
2026-04-02 16:23:25,494 - __main__ - INFO - --- AUTO-SCAN CYCLE FINISHED ---
2026-04-02 16:38:25,506 - __main__ - INFO - --- STARTING 15-MIN AUTO-SCAN CYCLE ---
2026-04-02 16:38:25,507 - data.fetcher - INFO - Using WHITELIST of 19 symbols.
2026-04-02 16:38:25,514 - __main__ - INFO - Scanning progress: 0/19 symbols checked...
2026-04-02 16:38:31,470 - __main__ - INFO - --- AUTO-SCAN CYCLE FINISHED ---
2026-04-02 16:53:31,482 - __main__ - INFO - --- STARTING 15-MIN AUTO-SCAN CYCLE ---
2026-04-02 16:53:31,483 - data.fetcher - INFO - Using WHITELIST of 19 symbols.
2026-04-02 16:53:31,486 - __main__ - INFO - Scanning progress: 0/19 symbols checked...
2026-04-02 16:53:37,425 - __main__ - INFO - --- AUTO-SCAN CYCLE FINISHED ---
2026-04-02 17:08:37,435 - __main__ - INFO - --- STARTING 15-MIN AUTO-SCAN CYCLE ---
2026-04-02 17:08:37,438 - data.fetcher - INFO - Using WHITELIST of 19 symbols.
2026-04-02 17:08:37,441 - __main__ - INFO - Scanning progress: 0/19 symbols checked...
2026-04-02 17:08:44,108 - __main__ - INFO - --- AUTO-SCAN CYCLE FINISHED ---
2026-04-02 17:23:44,111 - __main__ - INFO - --- STARTING 15-MIN AUTO-SCAN CYCLE ---
2026-04-02 17:23:44,113 - data.fetcher - INFO - Using WHITELIST of 19 symbols.
2026-04-02 17:23:44,115 - __main__ - INFO - Scanning progress: 0/19 symbols checked...
2026-04-02 17:23:49,997 - __main__ - INFO - --- AUTO-SCAN CYCLE FINISHED ---
2026-04-02 17:38:50,010 - __main__ - INFO - --- STARTING 15-MIN AUTO-SCAN CYCLE ---
2026-04-02 17:38:50,016 - data.fetcher - INFO - Using WHITELIST of 19 symbols.
2026-04-02 17:38:50,018 - __main__ - INFO - Scanning progress: 0/19 symbols checked...
2026-04-02 17:38:56,117 - __main__ - INFO - --- AUTO-SCAN CYCLE FINISHED ---
2026-04-02 17:53:56,126 - __main__ - INFO - --- STARTING 15-MIN AUTO-SCAN CYCLE ---
2026-04-02 17:53:56,127 - data.fetcher - INFO - Using WHITELIST of 19 symbols.
2026-04-02 17:53:56,131 - __main__ - INFO - Scanning progress: 0/19 symbols checked...
2026-04-02 17:54:01,991 - __main__ - INFO - --- AUTO-SCAN CYCLE FINISHED ---
2026-04-02 18:09:02,020 - __main__ - INFO - --- STARTING 15-MIN AUTO-SCAN CYCLE ---
2026-04-02 18:09:02,029 - data.fetcher - INFO - Using WHITELIST of 19 symbols.
2026-04-02 18:09:02,032 - __main__ - INFO - Scanning progress: 0/19 symbols checked...
2026-04-02 18:09:07,978 - __main__ - INFO - --- AUTO-SCAN CYCLE FINISHED ---
2026-04-02 18:24:07,990 - __main__ - INFO - --- STARTING 15-MIN AUTO-SCAN CYCLE ---
2026-04-02 18:24:07,991 - data.fetcher - INFO - Using WHITELIST of 19 symbols.
2026-04-02 18:24:07,999 - __main__ - INFO - Scanning progress: 0/19 symbols checked...
2026-04-02 18:24:14,462 - __main__ - INFO - --- AUTO-SCAN CYCLE FINISHED ---
2026-04-02 18:39:14,474 - __main__ - INFO - --- STARTING 15-MIN AUTO-SCAN CYCLE ---
2026-04-02 18:39:14,476 - data.fetcher - INFO - Using WHITELIST of 19 symbols.
2026-04-02 18:39:14,484 - __main__ - INFO - Scanning progress: 0/19 symbols checked...
2026-04-02 18:39:20,524 - __main__ - INFO - --- AUTO-SCAN CYCLE FINISHED ---
2026-04-02 18:54:20,526 - __main__ - INFO - --- STARTING 15-MIN AUTO-SCAN CYCLE ---
2026-04-02 18:54:20,531 - data.fetcher - INFO - Using WHITELIST of 19 symbols.
2026-04-02 18:54:20,537 - __main__ - INFO - Scanning progress: 0/19 symbols checked...
2026-04-02 18:54:27,450 - __main__ - INFO - --- AUTO-SCAN CYCLE FINISHED ---
2026-04-02 19:09:27,462 - __main__ - INFO - --- STARTING 15-MIN AUTO-SCAN CYCLE ---
2026-04-02 19:09:27,465 - data.fetcher - INFO - Using WHITELIST of 19 symbols.
2026-04-02 19:09:27,503 - __main__ - INFO - Scanning progress: 0/19 symbols checked...
2026-04-02 19:09:29,121 - __main__ - INFO - SIGNAL FOUND: TRX/USDT | Prob: 33.8% | Price: 0.3143 | Entry: 0.3154
2026-04-02 19:09:29,121 - __main__ - INFO - [LOW_PROB] Symbol TRX/USDT rejected: Prob 33.8% < 52%
2026-04-02 19:09:34,201 - __main__ - INFO - --- AUTO-SCAN CYCLE FINISHED ---
2026-04-02 19:24:34,217 - __main__ - INFO - --- STARTING 15-MIN AUTO-SCAN CYCLE ---
2026-04-02 19:24:34,218 - data.fetcher - INFO - Using WHITELIST of 19 symbols.
2026-04-02 19:24:34,220 - __main__ - INFO - Scanning progress: 0/19 symbols checked...
2026-04-02 19:24:35,806 - __main__ - INFO - SIGNAL FOUND: TRX/USDT | Prob: 33.8% | Price: 0.3143 | Entry: 0.3154
2026-04-02 19:24:35,806 - __main__ - INFO - [LOW_PROB] Symbol TRX/USDT rejected: Prob 33.8% < 52%
2026-04-02 19:24:40,874 - __main__ - INFO - --- AUTO-SCAN CYCLE FINISHED ---
2026-04-02 19:39:40,887 - __main__ - INFO - --- STARTING 15-MIN AUTO-SCAN CYCLE ---
2026-04-02 19:39:40,888 - data.fetcher - INFO - Using WHITELIST of 19 symbols.
2026-04-02 19:39:40,896 - __main__ - INFO - Scanning progress: 0/19 symbols checked...
2026-04-02 19:39:42,504 - __main__ - INFO - SIGNAL FOUND: TRX/USDT | Prob: 33.8% | Price: 0.3143 | Entry: 0.3154
2026-04-02 19:39:42,505 - __main__ - INFO - [LOW_PROB] Symbol TRX/USDT rejected: Prob 33.8% < 52%
2026-04-02 19:39:47,504 - __main__ - INFO - --- AUTO-SCAN CYCLE FINISHED ---
2026-04-02 19:54:47,509 - __main__ - INFO - --- STARTING 15-MIN AUTO-SCAN CYCLE ---
2026-04-02 19:54:47,511 - data.fetcher - INFO - Using WHITELIST of 19 symbols.
2026-04-02 19:54:47,519 - __main__ - INFO - Scanning progress: 0/19 symbols checked...
2026-04-02 19:54:49,135 - __main__ - INFO - SIGNAL FOUND: TRX/USDT | Prob: 33.8% | Price: 0.3142 | Entry: 0.3154
2026-04-02 19:54:49,135 - __main__ - INFO - [LOW_PROB] Symbol TRX/USDT rejected: Prob 33.8% < 52%
2026-04-02 19:54:54,140 - __main__ - INFO - --- AUTO-SCAN CYCLE FINISHED ---
2026-04-02 20:09:54,160 - __main__ - INFO - --- STARTING 15-MIN AUTO-SCAN CYCLE ---
2026-04-02 20:09:54,169 - data.fetcher - INFO - Using WHITELIST of 19 symbols.
2026-04-02 20:09:54,172 - __main__ - INFO - Scanning progress: 0/19 symbols checked...
2026-04-02 20:09:55,806 - __main__ - INFO - SIGNAL FOUND: TRX/USDT | Prob: 33.8% | Price: 0.3141 | Entry: 0.3154
2026-04-02 20:09:55,806 - __main__ - INFO - [LOW_PROB] Symbol TRX/USDT rejected: Prob 33.8% < 52%
2026-04-02 20:10:04,325 - __main__ - INFO - --- AUTO-SCAN CYCLE FINISHED ---
2026-04-02 20:25:04,346 - __main__ - INFO - --- STARTING 15-MIN AUTO-SCAN CYCLE ---
2026-04-02 20:25:04,347 - data.fetcher - INFO - Using WHITELIST of 19 symbols.
2026-04-02 20:25:04,355 - __main__ - INFO - Scanning progress: 0/19 symbols checked...
2026-04-02 20:25:05,966 - __main__ - INFO - SIGNAL FOUND: TRX/USDT | Prob: 33.8% | Price: 0.3142 | Entry: 0.3154
2026-04-02 20:25:05,966 - __main__ - INFO - [LOW_PROB] Symbol TRX/USDT rejected: Prob 33.8% < 52%
2026-04-02 20:25:10,960 - __main__ - INFO - --- AUTO-SCAN CYCLE FINISHED ---
2026-04-02 20:40:10,973 - __main__ - INFO - --- STARTING 15-MIN AUTO-SCAN CYCLE ---
2026-04-02 20:40:10,976 - data.fetcher - INFO - Using WHITELIST of 19 symbols.
2026-04-02 20:40:10,997 - __main__ - INFO - Scanning progress: 0/19 symbols checked...
2026-04-02 20:40:12,634 - __main__ - INFO - SIGNAL FOUND: TRX/USDT | Prob: 33.8% | Price: 0.3144 | Entry: 0.3154
2026-04-02 20:40:12,634 - __main__ - INFO - [LOW_PROB] Symbol TRX/USDT rejected: Prob 33.8% < 52%
2026-04-02 20:40:17,680 - __main__ - INFO - --- AUTO-SCAN CYCLE FINISHED ---
2026-04-02 20:55:17,689 - __main__ - INFO - --- STARTING 15-MIN AUTO-SCAN CYCLE ---
2026-04-02 20:55:17,693 - data.fetcher - INFO - Using WHITELIST of 19 symbols.
2026-04-02 20:55:17,697 - __main__ - INFO - Scanning progress: 0/19 symbols checked...
2026-04-02 20:55:19,325 - __main__ - INFO - SIGNAL FOUND: TRX/USDT | Prob: 33.8% | Price: 0.3147 | Entry: 0.3154
2026-04-02 20:55:19,325 - __main__ - INFO - [LOW_PROB] Symbol TRX/USDT rejected: Prob 33.8% < 52%
2026-04-02 20:55:24,274 - __main__ - INFO - --- AUTO-SCAN CYCLE FINISHED ---
2026-04-02 21:10:24,309 - __main__ - INFO - --- STARTING 15-MIN AUTO-SCAN CYCLE ---
2026-04-02 21:10:24,313 - data.fetcher - INFO - Using WHITELIST of 19 symbols.
2026-04-02 21:10:24,316 - __main__ - INFO - Scanning progress: 0/19 symbols checked...
2026-04-02 21:10:25,943 - __main__ - INFO - SIGNAL FOUND: TRX/USDT | Prob: 33.8% | Price: 0.3148 | Entry: 0.3154
2026-04-02 21:10:25,944 - __main__ - INFO - [LOW_PROB] Symbol TRX/USDT rejected: Prob 33.8% < 52%
2026-04-02 21:10:30,996 - __main__ - INFO - --- AUTO-SCAN CYCLE FINISHED ---
2026-04-02 21:25:31,047 - __main__ - INFO - --- STARTING 15-MIN AUTO-SCAN CYCLE ---
2026-04-02 21:25:31,049 - data.fetcher - INFO - Using WHITELIST of 19 symbols.
2026-04-02 21:25:31,058 - __main__ - INFO - Scanning progress: 0/19 symbols checked...
2026-04-02 21:25:32,707 - __main__ - INFO - SIGNAL FOUND: TRX/USDT | Prob: 33.8% | Price: 0.3153 | Entry: 0.3154
2026-04-02 21:25:32,707 - __main__ - INFO - [LOW_PROB] Symbol TRX/USDT rejected: Prob 33.8% < 52%
2026-04-02 21:25:37,740 - __main__ - INFO - --- AUTO-SCAN CYCLE FINISHED ---
2026-04-02 21:40:37,784 - __main__ - INFO - --- STARTING 15-MIN AUTO-SCAN CYCLE ---
2026-04-02 21:40:37,797 - data.fetcher - INFO - Using WHITELIST of 19 symbols.
2026-04-02 21:40:37,806 - __main__ - INFO - Scanning progress: 0/19 symbols checked...
2026-04-02 21:40:39,474 - __main__ - INFO - SIGNAL FOUND: TRX/USDT | Prob: 33.8% | Price: 0.3151 | Entry: 0.3154
2026-04-02 21:40:39,474 - __main__ - INFO - [LOW_PROB] Symbol TRX/USDT rejected: Prob 33.8% < 52%
2026-04-02 21:40:44,451 - __main__ - INFO - --- AUTO-SCAN CYCLE FINISHED ---
2026-04-02 21:55:44,475 - __main__ - INFO - --- STARTING 15-MIN AUTO-SCAN CYCLE ---
2026-04-02 21:55:44,477 - data.fetcher - INFO - Using WHITELIST of 19 symbols.
2026-04-02 21:55:44,480 - __main__ - INFO - Scanning progress: 0/19 symbols checked...
2026-04-02 21:55:46,135 - __main__ - INFO - SIGNAL FOUND: TRX/USDT | Prob: 33.8% | Price: 0.3153 | Entry: 0.3154
2026-04-02 21:55:46,135 - __main__ - INFO - [LOW_PROB] Symbol TRX/USDT rejected: Prob 33.8% < 52%
2026-04-02 21:55:51,195 - __main__ - INFO - --- AUTO-SCAN CYCLE FINISHED ---
2026-04-02 22:10:51,200 - __main__ - INFO - --- STARTING 15-MIN AUTO-SCAN CYCLE ---
2026-04-02 22:10:51,202 - data.fetcher - INFO - Using WHITELIST of 19 symbols.
2026-04-02 22:10:51,205 - __main__ - INFO - Scanning progress: 0/19 symbols checked...
2026-04-02 22:10:52,795 - __main__ - INFO - SIGNAL FOUND: TRX/USDT | Prob: 33.8% | Price: 0.3153 | Entry: 0.3154
2026-04-02 22:10:52,795 - __main__ - INFO - [LOW_PROB] Symbol TRX/USDT rejected: Prob 33.8% < 52%
2026-04-02 22:10:57,875 - __main__ - INFO - --- AUTO-SCAN CYCLE FINISHED ---
2026-04-02 22:25:57,895 - __main__ - INFO - --- STARTING 15-MIN AUTO-SCAN CYCLE ---
2026-04-02 22:25:57,895 - data.fetcher - INFO - Using WHITELIST of 19 symbols.
2026-04-02 22:25:57,898 - __main__ - INFO - Scanning progress: 0/19 symbols checked...
2026-04-02 22:25:59,983 - __main__ - INFO - SIGNAL FOUND: TRX/USDT | Prob: 33.8% | Price: 0.3153 | Entry: 0.3154
2026-04-02 22:25:59,984 - __main__ - INFO - [LOW_PROB] Symbol TRX/USDT rejected: Prob 33.8% < 52%
2026-04-02 22:26:06,901 - __main__ - INFO - --- AUTO-SCAN CYCLE FINISHED ---
2026-04-02 22:41:06,919 - __main__ - INFO - --- STARTING 15-MIN AUTO-SCAN CYCLE ---
2026-04-02 22:41:06,920 - data.fetcher - INFO - Using WHITELIST of 19 symbols.
2026-04-02 22:41:06,922 - __main__ - INFO - Scanning progress: 0/19 symbols checked...
2026-04-02 22:41:08,533 - __main__ - INFO - SIGNAL FOUND: TRX/USDT | Prob: 33.8% | Price: 0.315 | Entry: 0.3154
2026-04-02 22:41:08,533 - __main__ - INFO - [LOW_PROB] Symbol TRX/USDT rejected: Prob 33.8% < 52%
2026-04-02 22:41:13,540 - __main__ - INFO - --- AUTO-SCAN CYCLE FINISHED ---
2026-04-02 22:56:13,553 - __main__ - INFO - --- STARTING 15-MIN AUTO-SCAN CYCLE ---
2026-04-02 22:56:13,567 - data.fetcher - INFO - Using WHITELIST of 19 symbols.
2026-04-02 22:56:13,573 - __main__ - INFO - Scanning progress: 0/19 symbols checked...
2026-04-02 22:56:15,309 - __main__ - INFO - SIGNAL FOUND: TRX/USDT | Prob: 33.8% | Price: 0.3151 | Entry: 0.3154
2026-04-02 22:56:15,309 - __main__ - INFO - [LOW_PROB] Symbol TRX/USDT rejected: Prob 33.8% < 52%
2026-04-02 22:56:20,356 - __main__ - INFO - --- AUTO-SCAN CYCLE FINISHED ---
2026-04-02 23:11:20,371 - __main__ - INFO - --- STARTING 15-MIN AUTO-SCAN CYCLE ---
2026-04-02 23:11:20,373 - data.fetcher - INFO - Using WHITELIST of 19 symbols.
2026-04-02 23:11:20,376 - __main__ - INFO - Scanning progress: 0/19 symbols checked...
2026-04-02 23:11:26,672 - __main__ - INFO - --- AUTO-SCAN CYCLE FINISHED ---
2026-04-02 23:26:26,705 - __main__ - INFO - --- STARTING 15-MIN AUTO-SCAN CYCLE ---
2026-04-02 23:26:26,726 - data.fetcher - INFO - Using WHITELIST of 19 symbols.
2026-04-02 23:26:26,740 - __main__ - INFO - Scanning progress: 0/19 symbols checked...
2026-04-02 23:26:33,197 - __main__ - INFO - --- AUTO-SCAN CYCLE FINISHED ---
2026-04-02 23:41:33,223 - __main__ - INFO - --- STARTING 15-MIN AUTO-SCAN CYCLE ---
2026-04-02 23:41:33,231 - data.fetcher - INFO - Using WHITELIST of 19 symbols.
2026-04-02 23:41:33,236 - __main__ - INFO - Scanning progress: 0/19 symbols checked...
2026-04-02 23:41:40,589 - __main__ - INFO - --- AUTO-SCAN CYCLE FINISHED ---
2026-04-02 23:56:40,622 - __main__ - INFO - --- STARTING 15-MIN AUTO-SCAN CYCLE ---
2026-04-02 23:56:40,633 - data.fetcher - INFO - Using WHITELIST of 19 symbols.
2026-04-02 23:56:40,641 - __main__ - INFO - Scanning progress: 0/19 symbols checked...
2026-04-02 23:56:46,905 - __main__ - INFO - --- AUTO-SCAN CYCLE FINISHED ---
2026-04-03 00:11:46,924 - __main__ - INFO - --- STARTING 15-MIN AUTO-SCAN CYCLE ---
2026-04-03 00:11:46,947 - data.fetcher - INFO - Using WHITELIST of 19 symbols.
2026-04-03 00:11:46,956 - __main__ - INFO - Scanning progress: 0/19 symbols checked...
2026-04-03 00:11:53,877 - __main__ - INFO - SIGNAL FOUND: RESOLV/USDT | Prob: 59.4% | Price: 0.0437 | Entry: 0.0435
2026-04-03 00:11:53,878 - __main__ - INFO - [MATCH] Symbol RESOLV/USDT ADDED to entry queue
2026-04-03 00:11:54,810 - __main__ - INFO - --- AUTO-SCAN CYCLE FINISHED ---
2026-04-03 00:26:54,828 - __main__ - INFO - --- STARTING 15-MIN AUTO-SCAN CYCLE ---
2026-04-03 00:26:54,837 - data.fetcher - INFO - Using WHITELIST of 19 symbols.
2026-04-03 00:26:54,843 - __main__ - INFO - Scanning progress: 0/19 symbols checked...
2026-04-03 00:27:00,835 - __main__ - INFO - --- AUTO-SCAN CYCLE FINISHED ---
2026-04-03 00:42:00,844 - __main__ - INFO - --- STARTING 15-MIN AUTO-SCAN CYCLE ---
2026-04-03 00:42:00,844 - data.fetcher - INFO - Using WHITELIST of 19 symbols.
2026-04-03 00:42:00,846 - __main__ - INFO - Scanning progress: 0/19 symbols checked...
2026-04-03 00:42:06,772 - __main__ - INFO - --- AUTO-SCAN CYCLE FINISHED ---
2026-04-03 00:57:06,795 - __main__ - INFO - --- STARTING 15-MIN AUTO-SCAN CYCLE ---
2026-04-03 00:57:06,818 - data.fetcher - INFO - Using WHITELIST of 19 symbols.
2026-04-03 00:57:06,842 - __main__ - INFO - Scanning progress: 0/19 symbols checked...
2026-04-03 00:57:12,794 - __main__ - INFO - --- AUTO-SCAN CYCLE FINISHED ---
2026-04-03 01:12:12,821 - __main__ - INFO - --- STARTING 15-MIN AUTO-SCAN CYCLE ---
2026-04-03 01:12:12,822 - data.fetcher - INFO - Using WHITELIST of 19 symbols.
2026-04-03 01:12:12,824 - __main__ - INFO - Scanning progress: 0/19 symbols checked...
2026-04-03 01:12:19,130 - __main__ - INFO - --- AUTO-SCAN CYCLE FINISHED ---
2026-04-03 01:27:19,153 - __main__ - INFO - --- STARTING 15-MIN AUTO-SCAN CYCLE ---
2026-04-03 01:27:19,160 - data.fetcher - INFO - Using WHITELIST of 19 symbols.
2026-04-03 01:27:19,164 - __main__ - INFO - Scanning progress: 0/19 symbols checked...
2026-04-03 01:27:24,996 - __main__ - INFO - --- AUTO-SCAN CYCLE FINISHED ---
2026-04-03 01:42:25,021 - __main__ - INFO - --- STARTING 15-MIN AUTO-SCAN CYCLE ---
2026-04-03 01:42:25,025 - data.fetcher - INFO - Using WHITELIST of 19 symbols.
2026-04-03 01:42:25,029 - __main__ - INFO - Scanning progress: 0/19 symbols checked...
2026-04-03 01:42:30,929 - __main__ - INFO - --- AUTO-SCAN CYCLE FINISHED ---
2026-04-03 01:57:30,940 - __main__ - INFO - --- STARTING 15-MIN AUTO-SCAN CYCLE ---
2026-04-03 01:57:30,940 - data.fetcher - INFO - Using WHITELIST of 19 symbols.
2026-04-03 01:57:30,966 - __main__ - INFO - Scanning progress: 0/19 symbols checked...
2026-04-03 01:57:36,825 - __main__ - INFO - --- AUTO-SCAN CYCLE FINISHED ---
2026-04-03 02:12:36,837 - __main__ - INFO - --- STARTING 15-MIN AUTO-SCAN CYCLE ---
2026-04-03 02:12:36,838 - data.fetcher - INFO - Using WHITELIST of 19 symbols.
2026-04-03 02:12:36,840 - __main__ - INFO - Scanning progress: 0/19 symbols checked...
2026-04-03 02:12:42,670 - __main__ - INFO - --- AUTO-SCAN CYCLE FINISHED ---
2026-04-03 02:27:42,680 - __main__ - INFO - --- STARTING 15-MIN AUTO-SCAN CYCLE ---
2026-04-03 02:27:42,681 - data.fetcher - INFO - Using WHITELIST of 19 symbols.
2026-04-03 02:27:42,684 - __main__ - INFO - Scanning progress: 0/19 symbols checked...
2026-04-03 02:27:48,537 - __main__ - INFO - --- AUTO-SCAN CYCLE FINISHED ---
2026-04-03 02:42:48,541 - __main__ - INFO - --- STARTING 15-MIN AUTO-SCAN CYCLE ---
2026-04-03 02:42:48,542 - data.fetcher - INFO - Using WHITELIST of 19 symbols.
2026-04-03 02:42:48,544 - __main__ - INFO - Scanning progress: 0/19 symbols checked...
2026-04-03 02:42:54,386 - __main__ - INFO - --- AUTO-SCAN CYCLE FINISHED ---
2026-04-03 02:57:54,402 - __main__ - INFO - --- STARTING 15-MIN AUTO-SCAN CYCLE ---
2026-04-03 02:57:54,404 - data.fetcher - INFO - Using WHITELIST of 19 symbols.
2026-04-03 02:57:54,408 - __main__ - INFO - Scanning progress: 0/19 symbols checked...
2026-04-03 02:58:00,235 - __main__ - INFO - --- AUTO-SCAN CYCLE FINISHED ---
2026-04-03 03:10:52,473 - aiogram.dispatcher - ERROR - Failed to fetch updates - TelegramRetryAfter: Telegram server says - Flood control exceeded on method 'GetUpdates'. Retry in 5 seconds.
Original description: Too Many Requests: retry after 5
(background on this error at: https://core.telegram.org/bots/faq#my-bot-is-hitting-limits-how-do-i-avoid-this)
2026-04-03 03:10:52,475 - aiogram.dispatcher - WARNING - Sleep for 1.000000 seconds and try again... (tryings = 0, bot id = 7349237883)
2026-04-03 03:10:54,987 - aiogram.dispatcher - ERROR - Failed to fetch updates - TelegramServerError: Telegram server says - Bad Gateway
2026-04-03 03:10:54,988 - aiogram.dispatcher - WARNING - Sleep for 1.278381 seconds and try again... (tryings = 1, bot id = 7349237883)
2026-04-03 03:11:27,833 - aiogram.dispatcher - INFO - Connection established (tryings = 2, bot id = 7349237883)
2026-04-03 03:13:00,247 - __main__ - INFO - --- STARTING 15-MIN AUTO-SCAN CYCLE ---
2026-04-03 03:13:00,253 - data.fetcher - INFO - Using WHITELIST of 19 symbols.
2026-04-03 03:13:00,256 - __main__ - INFO - Scanning progress: 0/19 symbols checked...
2026-04-03 03:13:06,094 - __main__ - INFO - --- AUTO-SCAN CYCLE FINISHED ---
2026-04-03 03:28:06,101 - __main__ - INFO - --- STARTING 15-MIN AUTO-SCAN CYCLE ---
2026-04-03 03:28:06,103 - data.fetcher - INFO - Using WHITELIST of 19 symbols.
2026-04-03 03:28:06,107 - __main__ - INFO - Scanning progress: 0/19 symbols checked...
2026-04-03 03:28:11,934 - __main__ - INFO - --- AUTO-SCAN CYCLE FINISHED ---
2026-04-03 03:43:11,953 - __main__ - INFO - --- STARTING 15-MIN AUTO-SCAN CYCLE ---
2026-04-03 03:43:11,955 - data.fetcher - INFO - Using WHITELIST of 19 symbols.
2026-04-03 03:43:11,963 - __main__ - INFO - Scanning progress: 0/19 symbols checked...
2026-04-03 03:43:17,732 - __main__ - INFO - --- AUTO-SCAN CYCLE FINISHED ---
2026-04-03 03:58:17,743 - __main__ - INFO - --- STARTING 15-MIN AUTO-SCAN CYCLE ---
2026-04-03 03:58:17,744 - data.fetcher - INFO - Using WHITELIST of 19 symbols.
2026-04-03 03:58:17,751 - __main__ - INFO - Scanning progress: 0/19 symbols checked...
2026-04-03 03:58:24,459 - __main__ - INFO - --- AUTO-SCAN CYCLE FINISHED ---
2026-04-03 04:13:24,463 - __main__ - INFO - --- STARTING 15-MIN AUTO-SCAN CYCLE ---
2026-04-03 04:13:24,470 - data.fetcher - INFO - Using WHITELIST of 19 symbols.
2026-04-03 04:13:24,472 - __main__ - INFO - Scanning progress: 0/19 symbols checked...
2026-04-03 04:13:31,052 - __main__ - INFO - SIGNAL FOUND: RESOLV/USDT | Prob: 59.4% | Price: 0.0423 | Entry: 0.0435
2026-04-03 04:13:31,052 - __main__ - INFO - [MATCH] Symbol RESOLV/USDT ADDED to entry queue
2026-04-03 04:13:33,037 - __main__ - INFO - --- AUTO-SCAN CYCLE FINISHED ---
2026-04-03 04:28:33,062 - __main__ - INFO - --- STARTING 15-MIN AUTO-SCAN CYCLE ---
2026-04-03 04:28:33,065 - data.fetcher - INFO - Using WHITELIST of 19 symbols.
2026-04-03 04:28:33,103 - __main__ - INFO - Scanning progress: 0/19 symbols checked...
2026-04-03 04:28:38,983 - __main__ - INFO - --- AUTO-SCAN CYCLE FINISHED ---
2026-04-03 04:43:39,003 - __main__ - INFO - --- STARTING 15-MIN AUTO-SCAN CYCLE ---
2026-04-03 04:43:39,004 - data.fetcher - INFO - Using WHITELIST of 19 symbols.
2026-04-03 04:43:39,011 - __main__ - INFO - Scanning progress: 0/19 symbols checked...
2026-04-03 04:43:44,822 - __main__ - INFO - --- AUTO-SCAN CYCLE FINISHED ---
2026-04-03 04:58:44,829 - __main__ - INFO - --- STARTING 15-MIN AUTO-SCAN CYCLE ---
2026-04-03 04:58:44,830 - data.fetcher - INFO - Using WHITELIST of 19 symbols.
2026-04-03 04:58:44,833 - __main__ - INFO - Scanning progress: 0/19 symbols checked...
2026-04-03 04:58:50,599 - __main__ - INFO - --- AUTO-SCAN CYCLE FINISHED ---
2026-04-03 05:13:50,617 - __main__ - INFO - --- STARTING 15-MIN AUTO-SCAN CYCLE ---
2026-04-03 05:13:50,645 - data.fetcher - INFO - Using WHITELIST of 19 symbols.
2026-04-03 05:13:50,648 - __main__ - INFO - Scanning progress: 0/19 symbols checked...
2026-04-03 05:13:56,731 - __main__ - INFO - --- AUTO-SCAN CYCLE FINISHED ---
2026-04-03 05:28:56,732 - __main__ - INFO - --- STARTING 15-MIN AUTO-SCAN CYCLE ---
2026-04-03 05:28:56,734 - data.fetcher - INFO - Using WHITELIST of 19 symbols.
2026-04-03 05:28:56,738 - __main__ - INFO - Scanning progress: 0/19 symbols checked...
2026-04-03 05:29:02,518 - __main__ - INFO - --- AUTO-SCAN CYCLE FINISHED ---
2026-04-03 05:44:02,528 - __main__ - INFO - --- STARTING 15-MIN AUTO-SCAN CYCLE ---
2026-04-03 05:44:02,529 - data.fetcher - INFO - Using WHITELIST of 19 symbols.
2026-04-03 05:44:02,532 - __main__ - INFO - Scanning progress: 0/19 symbols checked...
2026-04-03 05:44:08,382 - __main__ - INFO - --- AUTO-SCAN CYCLE FINISHED ---
2026-04-03 05:59:08,395 - __main__ - INFO - --- STARTING 15-MIN AUTO-SCAN CYCLE ---
2026-04-03 05:59:08,403 - data.fetcher - INFO - Using WHITELIST of 19 symbols.
2026-04-03 05:59:08,410 - __main__ - INFO - Scanning progress: 0/19 symbols checked...
2026-04-03 05:59:14,572 - __main__ - INFO - --- AUTO-SCAN CYCLE FINISHED ---
2026-04-03 06:14:14,600 - __main__ - INFO - --- STARTING 15-MIN AUTO-SCAN CYCLE ---
2026-04-03 06:14:14,607 - data.fetcher - INFO - Using WHITELIST of 19 symbols.
2026-04-03 06:14:14,612 - __main__ - INFO - Scanning progress: 0/19 symbols checked...
2026-04-03 06:14:20,517 - __main__ - INFO - --- AUTO-SCAN CYCLE FINISHED ---
2026-04-03 06:29:20,534 - __main__ - INFO - --- STARTING 15-MIN AUTO-SCAN CYCLE ---
2026-04-03 06:29:20,535 - data.fetcher - INFO - Using WHITELIST of 19 symbols.
2026-04-03 06:29:20,543 - __main__ - INFO - Scanning progress: 0/19 symbols checked...
2026-04-03 06:29:26,402 - __main__ - INFO - --- AUTO-SCAN CYCLE FINISHED ---
2026-04-03 06:44:26,426 - __main__ - INFO - --- STARTING 15-MIN AUTO-SCAN CYCLE ---
2026-04-03 06:44:26,428 - data.fetcher - INFO - Using WHITELIST of 19 symbols.
2026-04-03 06:44:26,431 - __main__ - INFO - Scanning progress: 0/19 symbols checked...
2026-04-03 06:44:32,346 - __main__ - INFO - --- AUTO-SCAN CYCLE FINISHED ---
2026-04-03 06:59:32,360 - __main__ - INFO - --- STARTING 15-MIN AUTO-SCAN CYCLE ---
2026-04-03 06:59:32,363 - data.fetcher - INFO - Using WHITELIST of 19 symbols.
2026-04-03 06:59:32,366 - __main__ - INFO - Scanning progress: 0/19 symbols checked...
2026-04-03 06:59:38,648 - __main__ - INFO - --- AUTO-SCAN CYCLE FINISHED ---
2026-04-03 07:14:38,661 - __main__ - INFO - --- STARTING 15-MIN AUTO-SCAN CYCLE ---
2026-04-03 07:14:38,671 - data.fetcher - INFO - Using WHITELIST of 19 symbols.
2026-04-03 07:14:38,677 - __main__ - INFO - Scanning progress: 0/19 symbols checked...
2026-04-03 07:14:40,386 - __main__ - INFO - SIGNAL FOUND: TRX/USDT | Prob: 51.9% | Price: 0.315 | Entry: 0.3146
2026-04-03 07:14:40,387 - __main__ - INFO - [LOW_PROB] Symbol TRX/USDT rejected: Prob 51.9% < 52%
2026-04-03 07:14:45,391 - __main__ - INFO - --- AUTO-SCAN CYCLE FINISHED ---
2026-04-03 07:29:45,409 - __main__ - INFO - --- STARTING 15-MIN AUTO-SCAN CYCLE ---
2026-04-03 07:29:45,410 - data.fetcher - INFO - Using WHITELIST of 19 symbols.
2026-04-03 07:29:45,412 - __main__ - INFO - Scanning progress: 0/19 symbols checked...
2026-04-03 07:29:47,008 - __main__ - INFO - SIGNAL FOUND: TRX/USDT | Prob: 51.9% | Price: 0.3152 | Entry: 0.3146
2026-04-03 07:29:47,008 - __main__ - INFO - [LOW_PROB] Symbol TRX/USDT rejected: Prob 51.9% < 52%
2026-04-03 07:29:51,569 - __main__ - INFO - --- AUTO-SCAN CYCLE FINISHED ---
2026-04-03 07:44:51,588 - __main__ - INFO - --- STARTING 15-MIN AUTO-SCAN CYCLE ---
2026-04-03 07:44:51,589 - data.fetcher - INFO - Using WHITELIST of 19 symbols.
2026-04-03 07:44:51,597 - __main__ - INFO - Scanning progress: 0/19 symbols checked...
2026-04-03 07:44:53,153 - __main__ - INFO - SIGNAL FOUND: TRX/USDT | Prob: 51.9% | Price: 0.315 | Entry: 0.3146
2026-04-03 07:44:53,153 - __main__ - INFO - [LOW_PROB] Symbol TRX/USDT rejected: Prob 51.9% < 52%
2026-04-03 07:44:57,760 - __main__ - INFO - --- AUTO-SCAN CYCLE FINISHED ---
2026-04-03 07:59:57,778 - __main__ - INFO - --- STARTING 15-MIN AUTO-SCAN CYCLE ---
2026-04-03 07:59:57,779 - data.fetcher - INFO - Using WHITELIST of 19 symbols.
2026-04-03 07:59:57,786 - __main__ - INFO - Scanning progress: 0/19 symbols checked...
2026-04-03 07:59:59,339 - __main__ - INFO - SIGNAL FOUND: TRX/USDT | Prob: 51.9% | Price: 0.3152 | Entry: 0.3146
2026-04-03 07:59:59,339 - __main__ - INFO - [LOW_PROB] Symbol TRX/USDT rejected: Prob 51.9% < 52%
2026-04-03 08:00:06,506 - __main__ - INFO - --- AUTO-SCAN CYCLE FINISHED ---
2026-04-03 08:15:06,516 - __main__ - INFO - --- STARTING 15-MIN AUTO-SCAN CYCLE ---
2026-04-03 08:15:06,517 - data.fetcher - INFO - Using WHITELIST of 19 symbols.
2026-04-03 08:15:06,520 - __main__ - INFO - Scanning progress: 0/19 symbols checked...
2026-04-03 08:15:08,134 - __main__ - INFO - SIGNAL FOUND: TRX/USDT | Prob: 51.9% | Price: 0.3154 | Entry: 0.3146
2026-04-03 08:15:08,134 - __main__ - INFO - [LOW_PROB] Symbol TRX/USDT rejected: Prob 51.9% < 52%
2026-04-03 08:15:13,352 - __main__ - INFO - SIGNAL FOUND: RESOLV/USDT | Prob: 45.4% | Price: 0.0418 | Entry: 0.0424
2026-04-03 08:15:13,352 - __main__ - INFO - [LOW_PROB] Symbol RESOLV/USDT rejected: Prob 45.4% < 52%
2026-04-03 08:15:13,352 - __main__ - INFO - --- AUTO-SCAN CYCLE FINISHED ---
2026-04-03 08:30:13,368 - __main__ - INFO - --- STARTING 15-MIN AUTO-SCAN CYCLE ---
2026-04-03 08:30:13,370 - data.fetcher - INFO - Using WHITELIST of 19 symbols.
2026-04-03 08:30:13,372 - __main__ - INFO - Scanning progress: 0/19 symbols checked...
2026-04-03 08:30:14,958 - __main__ - INFO - SIGNAL FOUND: TRX/USDT | Prob: 51.9% | Price: 0.3154 | Entry: 0.3146
2026-04-03 08:30:14,958 - __main__ - INFO - [LOW_PROB] Symbol TRX/USDT rejected: Prob 51.9% < 52%
2026-04-03 08:30:20,144 - __main__ - INFO - SIGNAL FOUND: RESOLV/USDT | Prob: 45.4% | Price: 0.0414 | Entry: 0.0424
2026-04-03 08:30:20,144 - __main__ - INFO - [LOW_PROB] Symbol RESOLV/USDT rejected: Prob 45.4% < 52%
2026-04-03 08:30:20,144 - __main__ - INFO - --- AUTO-SCAN CYCLE FINISHED ---
2026-04-03 08:45:20,169 - __main__ - INFO - --- STARTING 15-MIN AUTO-SCAN CYCLE ---
2026-04-03 08:45:20,170 - data.fetcher - INFO - Using WHITELIST of 19 symbols.
2026-04-03 08:45:20,172 - __main__ - INFO - Scanning progress: 0/19 symbols checked...
2026-04-03 08:45:21,734 - __main__ - INFO - SIGNAL FOUND: TRX/USDT | Prob: 51.9% | Price: 0.3153 | Entry: 0.3146
2026-04-03 08:45:21,735 - __main__ - INFO - [LOW_PROB] Symbol TRX/USDT rejected: Prob 51.9% < 52%
2026-04-03 08:45:26,860 - __main__ - INFO - SIGNAL FOUND: RESOLV/USDT | Prob: 45.4% | Price: 0.0417 | Entry: 0.0424
2026-04-03 08:45:26,860 - __main__ - INFO - [LOW_PROB] Symbol RESOLV/USDT rejected: Prob 45.4% < 52%
2026-04-03 08:45:26,860 - __main__ - INFO - --- AUTO-SCAN CYCLE FINISHED ---
2026-04-03 09:00:26,876 - __main__ - INFO - --- STARTING 15-MIN AUTO-SCAN CYCLE ---
2026-04-03 09:00:26,877 - data.fetcher - INFO - Using WHITELIST of 19 symbols.
2026-04-03 09:00:26,886 - __main__ - INFO - Scanning progress: 0/19 symbols checked...
2026-04-03 09:00:28,504 - __main__ - INFO - SIGNAL FOUND: TRX/USDT | Prob: 51.9% | Price: 0.3153 | Entry: 0.3146
2026-04-03 09:00:28,505 - __main__ - INFO - [LOW_PROB] Symbol TRX/USDT rejected: Prob 51.9% < 52%
2026-04-03 09:00:33,734 - __main__ - INFO - SIGNAL FOUND: RESOLV/USDT | Prob: 45.4% | Price: 0.0418 | Entry: 0.0424
2026-04-03 09:00:33,734 - __main__ - INFO - [LOW_PROB] Symbol RESOLV/USDT rejected: Prob 45.4% < 52%
2026-04-03 09:00:33,735 - __main__ - INFO - --- AUTO-SCAN CYCLE FINISHED ---
2026-04-03 09:15:33,745 - __main__ - INFO - --- STARTING 15-MIN AUTO-SCAN CYCLE ---
2026-04-03 09:15:33,747 - data.fetcher - INFO - Using WHITELIST of 19 symbols.
2026-04-03 09:15:33,749 - __main__ - INFO - Scanning progress: 0/19 symbols checked...
2026-04-03 09:15:35,337 - __main__ - INFO - SIGNAL FOUND: TRX/USDT | Prob: 51.9% | Price: 0.3148 | Entry: 0.3146
2026-04-03 09:15:35,338 - __main__ - INFO - [LOW_PROB] Symbol TRX/USDT rejected: Prob 51.9% < 52%
2026-04-03 09:15:40,561 - __main__ - INFO - SIGNAL FOUND: RESOLV/USDT | Prob: 45.4% | Price: 0.0418 | Entry: 0.0424
2026-04-03 09:15:40,561 - __main__ - INFO - [LOW_PROB] Symbol RESOLV/USDT rejected: Prob 45.4% < 52%
2026-04-03 09:15:40,561 - __main__ - INFO - --- AUTO-SCAN CYCLE FINISHED ---
2026-04-03 09:30:40,575 - __main__ - INFO - --- STARTING 15-MIN AUTO-SCAN CYCLE ---
2026-04-03 09:30:40,576 - data.fetcher - INFO - Using WHITELIST of 19 symbols.
2026-04-03 09:30:40,578 - __main__ - INFO - Scanning progress: 0/19 symbols checked...
2026-04-03 09:30:42,167 - __main__ - INFO - SIGNAL FOUND: TRX/USDT | Prob: 51.9% | Price: 0.3149 | Entry: 0.3146
2026-04-03 09:30:42,167 - __main__ - INFO - [LOW_PROB] Symbol TRX/USDT rejected: Prob 51.9% < 52%
2026-04-03 09:30:47,320 - __main__ - INFO - SIGNAL FOUND: RESOLV/USDT | Prob: 45.4% | Price: 0.0414 | Entry: 0.0424
2026-04-03 09:30:47,320 - __main__ - INFO - [LOW_PROB] Symbol RESOLV/USDT rejected: Prob 45.4% < 52%
2026-04-03 09:30:47,320 - __main__ - INFO - --- AUTO-SCAN CYCLE FINISHED ---
2026-04-03 09:45:47,333 - __main__ - INFO - --- STARTING 15-MIN AUTO-SCAN CYCLE ---
2026-04-03 09:45:47,334 - data.fetcher - INFO - Using WHITELIST of 19 symbols.
2026-04-03 09:45:47,336 - __main__ - INFO - Scanning progress: 0/19 symbols checked...
2026-04-03 09:45:48,914 - __main__ - INFO - SIGNAL FOUND: TRX/USDT | Prob: 51.9% | Price: 0.3149 | Entry: 0.3146
2026-04-03 09:45:48,914 - __main__ - INFO - [LOW_PROB] Symbol TRX/USDT rejected: Prob 51.9% < 52%
2026-04-03 09:45:54,053 - __main__ - INFO - SIGNAL FOUND: RESOLV/USDT | Prob: 45.4% | Price: 0.0414 | Entry: 0.0424
2026-04-03 09:45:54,053 - __main__ - INFO - [LOW_PROB] Symbol RESOLV/USDT rejected: Prob 45.4% < 52%
2026-04-03 09:45:54,053 - __main__ - INFO - --- AUTO-SCAN CYCLE FINISHED ---
2026-04-03 10:00:54,067 - __main__ - INFO - --- STARTING 15-MIN AUTO-SCAN CYCLE ---
2026-04-03 10:00:54,072 - data.fetcher - INFO - Using WHITELIST of 19 symbols.
2026-04-03 10:00:54,075 - __main__ - INFO - Scanning progress: 0/19 symbols checked...
2026-04-03 10:00:55,694 - __main__ - INFO - SIGNAL FOUND: TRX/USDT | Prob: 51.9% | Price: 0.3148 | Entry: 0.3146
2026-04-03 10:00:55,694 - __main__ - INFO - [LOW_PROB] Symbol TRX/USDT rejected: Prob 51.9% < 52%
2026-04-03 10:01:00,876 - __main__ - INFO - SIGNAL FOUND: RESOLV/USDT | Prob: 45.4% | Price: 0.0412 | Entry: 0.0424
2026-04-03 10:01:00,876 - __main__ - INFO - [LOW_PROB] Symbol RESOLV/USDT rejected: Prob 45.4% < 52%
2026-04-03 10:01:00,876 - __main__ - INFO - --- AUTO-SCAN CYCLE FINISHED ---
2026-04-03 10:16:00,888 - __main__ - INFO - --- STARTING 15-MIN AUTO-SCAN CYCLE ---
2026-04-03 10:16:00,890 - data.fetcher - INFO - Using WHITELIST of 19 symbols.
2026-04-03 10:16:00,894 - __main__ - INFO - Scanning progress: 0/19 symbols checked...
2026-04-03 10:16:02,523 - __main__ - INFO - SIGNAL FOUND: TRX/USDT | Prob: 51.9% | Price: 0.3148 | Entry: 0.3146
2026-04-03 10:16:02,523 - __main__ - INFO - [LOW_PROB] Symbol TRX/USDT rejected: Prob 51.9% < 52%
2026-04-03 10:16:07,628 - __main__ - INFO - SIGNAL FOUND: RESOLV/USDT | Prob: 45.4% | Price: 0.0414 | Entry: 0.0424
2026-04-03 10:16:07,628 - __main__ - INFO - [LOW_PROB] Symbol RESOLV/USDT rejected: Prob 45.4% < 52%
2026-04-03 10:16:07,628 - __main__ - INFO - --- AUTO-SCAN CYCLE FINISHED ---
2026-04-03 10:31:07,642 - __main__ - INFO - --- STARTING 15-MIN AUTO-SCAN CYCLE ---
2026-04-03 10:31:07,664 - data.fetcher - INFO - Using WHITELIST of 19 symbols.
2026-04-03 10:31:07,676 - __main__ - INFO - Scanning progress: 0/19 symbols checked...
2026-04-03 10:31:09,412 - __main__ - INFO - SIGNAL FOUND: TRX/USDT | Prob: 51.9% | Price: 0.3148 | Entry: 0.3146
2026-04-03 10:31:09,412 - __main__ - INFO - [LOW_PROB] Symbol TRX/USDT rejected: Prob 51.9% < 52%
2026-04-03 10:31:14,782 - __main__ - INFO - SIGNAL FOUND: RESOLV/USDT | Prob: 45.4% | Price: 0.0413 | Entry: 0.0424
2026-04-03 10:31:14,782 - __main__ - INFO - [LOW_PROB] Symbol RESOLV/USDT rejected: Prob 45.4% < 52%
2026-04-03 10:31:14,782 - __main__ - INFO - --- AUTO-SCAN CYCLE FINISHED ---
2026-04-03 10:46:14,799 - __main__ - INFO - --- STARTING 15-MIN AUTO-SCAN CYCLE ---
2026-04-03 10:46:14,827 - data.fetcher - INFO - Using WHITELIST of 19 symbols.
2026-04-03 10:46:14,827 - __main__ - INFO - Scanning progress: 0/19 symbols checked...
2026-04-03 10:46:16,610 - __main__ - INFO - SIGNAL FOUND: TRX/USDT | Prob: 51.9% | Price: 0.3146 | Entry: 0.3146
2026-04-03 10:46:16,610 - __main__ - INFO - [LOW_PROB] Symbol TRX/USDT rejected: Prob 51.9% < 52%
2026-04-03 10:46:21,725 - __main__ - INFO - SIGNAL FOUND: RESOLV/USDT | Prob: 45.4% | Price: 0.0414 | Entry: 0.0424
2026-04-03 10:46:21,725 - __main__ - INFO - [LOW_PROB] Symbol RESOLV/USDT rejected: Prob 45.4% < 52%
2026-04-03 10:46:21,725 - __main__ - INFO - --- AUTO-SCAN CYCLE FINISHED ---
2026-04-03 11:01:21,736 - __main__ - INFO - --- STARTING 15-MIN AUTO-SCAN CYCLE ---
2026-04-03 11:01:21,736 - data.fetcher - INFO - Using WHITELIST of 19 symbols.
2026-04-03 11:01:21,738 - __main__ - INFO - Scanning progress: 0/19 symbols checked...
2026-04-03 11:01:23,342 - __main__ - INFO - SIGNAL FOUND: TRX/USDT | Prob: 51.9% | Price: 0.3147 | Entry: 0.3146
2026-04-03 11:01:23,342 - __main__ - INFO - [LOW_PROB] Symbol TRX/USDT rejected: Prob 51.9% < 52%
2026-04-03 11:01:28,566 - __main__ - INFO - SIGNAL FOUND: RESOLV/USDT | Prob: 45.4% | Price: 0.0413 | Entry: 0.0424
2026-04-03 11:01:28,566 - __main__ - INFO - [LOW_PROB] Symbol RESOLV/USDT rejected: Prob 45.4% < 52%
2026-04-03 11:01:28,566 - __main__ - INFO - --- AUTO-SCAN CYCLE FINISHED ---
2026-04-03 11:16:28,601 - __main__ - INFO - --- STARTING 15-MIN AUTO-SCAN CYCLE ---
2026-04-03 11:16:28,629 - data.fetcher - INFO - Using WHITELIST of 19 symbols.
2026-04-03 11:16:28,652 - __main__ - INFO - Scanning progress: 0/19 symbols checked...
2026-04-03 11:16:30,514 - __main__ - INFO - SIGNAL FOUND: TRX/USDT | Prob: 51.9% | Price: 0.3146 | Entry: 0.3146
2026-04-03 11:16:30,514 - __main__ - INFO - [LOW_PROB] Symbol TRX/USDT rejected: Prob 51.9% < 52%
2026-04-03 11:16:35,619 - __main__ - INFO - SIGNAL FOUND: RESOLV/USDT | Prob: 45.4% | Price: 0.0413 | Entry: 0.0424
2026-04-03 11:16:35,619 - __main__ - INFO - [LOW_PROB] Symbol RESOLV/USDT rejected: Prob 45.4% < 52%
2026-04-03 11:16:35,619 - __main__ - INFO - --- AUTO-SCAN CYCLE FINISHED ---
2026-04-03 11:31:35,643 - __main__ - INFO - --- STARTING 15-MIN AUTO-SCAN CYCLE ---
2026-04-03 11:31:35,658 - data.fetcher - INFO - Using WHITELIST of 19 symbols.
2026-04-03 11:31:35,664 - __main__ - INFO - Scanning progress: 0/19 symbols checked...
2026-04-03 11:31:37,394 - __main__ - INFO - SIGNAL FOUND: TRX/USDT | Prob: 51.9% | Price: 0.3146 | Entry: 0.3146
2026-04-03 11:31:37,394 - __main__ - INFO - [LOW_PROB] Symbol TRX/USDT rejected: Prob 51.9% < 52%
2026-04-03 11:31:42,513 - __main__ - INFO - SIGNAL FOUND: RESOLV/USDT | Prob: 45.4% | Price: 0.0416 | Entry: 0.0424
2026-04-03 11:31:42,515 - __main__ - INFO - [LOW_PROB] Symbol RESOLV/USDT rejected: Prob 45.4% < 52%
2026-04-03 11:31:42,515 - __main__ - INFO - --- AUTO-SCAN CYCLE FINISHED ---
2026-04-03 11:46:42,532 - __main__ - INFO - --- STARTING 15-MIN AUTO-SCAN CYCLE ---
2026-04-03 11:46:42,548 - data.fetcher - INFO - Using WHITELIST of 19 symbols.
2026-04-03 11:46:42,548 - __main__ - INFO - Scanning progress: 0/19 symbols checked...
2026-04-03 11:46:44,336 - __main__ - INFO - SIGNAL FOUND: TRX/USDT | Prob: 51.9% | Price: 0.313 | Entry: 0.3146
2026-04-03 11:46:44,336 - __main__ - INFO - [LOW_PROB] Symbol TRX/USDT rejected: Prob 51.9% < 52%
2026-04-03 11:46:49,502 - __main__ - INFO - SIGNAL FOUND: RESOLV/USDT | Prob: 45.4% | Price: 0.0418 | Entry: 0.0424
2026-04-03 11:46:49,502 - __main__ - INFO - [LOW_PROB] Symbol RESOLV/USDT rejected: Prob 45.4% < 52%
2026-04-03 11:46:49,502 - __main__ - INFO - --- AUTO-SCAN CYCLE FINISHED ---
2026-04-03 12:01:49,523 - __main__ - INFO - --- STARTING 15-MIN AUTO-SCAN CYCLE ---
2026-04-03 12:01:49,535 - data.fetcher - INFO - Using WHITELIST of 19 symbols.
2026-04-03 12:01:49,542 - __main__ - INFO - Scanning progress: 0/19 symbols checked...
2026-04-03 12:01:51,155 - __main__ - INFO - SIGNAL FOUND: TRX/USDT | Prob: 51.9% | Price: 0.3133 | Entry: 0.3146
2026-04-03 12:01:51,155 - __main__ - INFO - [LOW_PROB] Symbol TRX/USDT rejected: Prob 51.9% < 52%
2026-04-03 12:01:56,207 - __main__ - INFO - SIGNAL FOUND: RESOLV/USDT | Prob: 45.4% | Price: 0.0417 | Entry: 0.0424
2026-04-03 12:01:56,207 - __main__ - INFO - [LOW_PROB] Symbol RESOLV/USDT rejected: Prob 45.4% < 52%
2026-04-03 12:01:56,207 - __main__ - INFO - --- AUTO-SCAN CYCLE FINISHED ---
2026-04-03 12:16:56,220 - __main__ - INFO - --- STARTING 15-MIN AUTO-SCAN CYCLE ---
2026-04-03 12:16:56,228 - data.fetcher - INFO - Using WHITELIST of 19 symbols.
2026-04-03 12:16:56,236 - __main__ - INFO - Scanning progress: 0/19 symbols checked...
2026-04-03 12:16:57,898 - __main__ - INFO - SIGNAL FOUND: TRX/USDT | Prob: 51.9% | Price: 0.3136 | Entry: 0.3146
2026-04-03 12:16:57,898 - __main__ - INFO - [LOW_PROB] Symbol TRX/USDT rejected: Prob 51.9% < 52%
2026-04-03 12:17:03,579 - __main__ - INFO - SIGNAL FOUND: RESOLV/USDT | Prob: 45.4% | Price: 0.0417 | Entry: 0.0424
2026-04-03 12:17:03,579 - __main__ - INFO - [LOW_PROB] Symbol RESOLV/USDT rejected: Prob 45.4% < 52%
2026-04-03 12:17:03,579 - __main__ - INFO - --- AUTO-SCAN CYCLE FINISHED ---
2026-04-03 15:49:28,399 - aiogram.dispatcher - INFO - Start polling
2026-04-03 15:49:28,399 - __main__ - INFO - Background Auto-Scan Task STARTED
2026-04-03 15:49:28,399 - __main__ - INFO - --- STARTING 15-MIN AUTO-SCAN CYCLE ---
2026-04-03 15:49:28,408 - data.fetcher - INFO - Using WHITELIST of 19 symbols.
2026-04-03 15:49:28,423 - __main__ - INFO - Scanning progress: 0/19 symbols checked...
2026-04-03 15:49:28,567 - aiogram.dispatcher - INFO - Run polling for bot @trrrrdbiin_bot id=7349237883 - 'trrrrdbiinbot'
2026-04-03 15:49:36,297 - __main__ - INFO - SIGNAL FOUND: TRX/USDT | Prob: 51.9% | Price: 0.3139 | Entry: 0.3146
2026-04-03 15:49:36,298 - __main__ - INFO - [LOW_PROB] Symbol TRX/USDT rejected: Prob 51.9% < 52%
2026-04-03 15:49:43,261 - __main__ - INFO - SIGNAL FOUND: RESOLV/USDT | Prob: 45.4% | Price: 0.0403 | Entry: 0.0424
2026-04-03 15:49:43,261 - __main__ - INFO - [LOW_PROB] Symbol RESOLV/USDT rejected: Prob 45.4% < 52%
2026-04-03 15:49:43,261 - __main__ - INFO - --- AUTO-SCAN CYCLE FINISHED ---
2026-04-03 15:58:00,222 - aiogram.dispatcher - ERROR - Failed to fetch updates - TelegramServerError: Telegram server says - Bad Gateway
2026-04-03 15:58:00,240 - aiogram.dispatcher - WARNING - Sleep for 1.000000 seconds and try again... (tryings = 0, bot id = 7349237883)
2026-04-03 15:58:30,263 - aiogram.dispatcher - INFO - Connection established (tryings = 1, bot id = 7349237883)
2026-04-03 16:04:43,286 - __main__ - INFO - --- STARTING 15-MIN AUTO-SCAN CYCLE ---
2026-04-03 16:04:43,306 - data.fetcher - INFO - Using WHITELIST of 19 symbols.
2026-04-03 16:04:43,319 - __main__ - INFO - Scanning progress: 0/19 symbols checked...
2026-04-03 16:04:45,175 - __main__ - INFO - SIGNAL FOUND: TRX/USDT | Prob: 51.9% | Price: 0.3139 | Entry: 0.3146
2026-04-03 16:04:45,176 - __main__ - INFO - [LOW_PROB] Symbol TRX/USDT rejected: Prob 51.9% < 52%
2026-04-03 16:04:50,083 - __main__ - INFO - --- AUTO-SCAN CYCLE FINISHED ---
2026-04-03 16:19:50,120 - __main__ - INFO - --- STARTING 15-MIN AUTO-SCAN CYCLE ---
2026-04-03 16:19:50,142 - data.fetcher - INFO - Using WHITELIST of 19 symbols.
2026-04-03 16:19:50,156 - __main__ - INFO - Scanning progress: 0/19 symbols checked...
2026-04-03 16:19:51,905 - __main__ - INFO - SIGNAL FOUND: TRX/USDT | Prob: 51.9% | Price: 0.3137 | Entry: 0.3146
2026-04-03 16:19:51,910 - __main__ - INFO - [LOW_PROB] Symbol TRX/USDT rejected: Prob 51.9% < 52%
2026-04-03 16:19:56,796 - __main__ - INFO - --- AUTO-SCAN CYCLE FINISHED ---
2026-04-03 16:34:56,802 - __main__ - INFO - --- STARTING 15-MIN AUTO-SCAN CYCLE ---
2026-04-03 16:34:56,804 - data.fetcher - INFO - Using WHITELIST of 19 symbols.
2026-04-03 16:34:56,809 - __main__ - INFO - Scanning progress: 0/19 symbols checked...
2026-04-03 16:34:58,416 - __main__ - INFO - SIGNAL FOUND: TRX/USDT | Prob: 51.9% | Price: 0.3141 | Entry: 0.3146
2026-04-03 16:34:58,416 - __main__ - INFO - [LOW_PROB] Symbol TRX/USDT rejected: Prob 51.9% < 52%
2026-04-03 16:35:03,988 - __main__ - INFO - --- AUTO-SCAN CYCLE FINISHED ---
2026-04-03 16:50:03,980 - __main__ - INFO - --- STARTING 15-MIN AUTO-SCAN CYCLE ---
2026-04-03 16:50:03,989 - data.fetcher - INFO - Using WHITELIST of 19 symbols.
2026-04-03 16:50:03,989 - __main__ - INFO - Scanning progress: 0/19 symbols checked...
2026-04-03 16:50:05,609 - __main__ - INFO - SIGNAL FOUND: TRX/USDT | Prob: 51.9% | Price: 0.314 | Entry: 0.3146
2026-04-03 16:50:05,609 - __main__ - INFO - [LOW_PROB] Symbol TRX/USDT rejected: Prob 51.9% < 52%
2026-04-03 16:50:10,579 - __main__ - INFO - --- AUTO-SCAN CYCLE FINISHED ---
2026-04-03 17:05:10,592 - __main__ - INFO - --- STARTING 15-MIN AUTO-SCAN CYCLE ---
2026-04-03 17:05:10,592 - data.fetcher - INFO - Using WHITELIST of 19 symbols.
2026-04-03 17:05:10,607 - __main__ - INFO - Scanning progress: 0/19 symbols checked...
2026-04-03 17:05:12,254 - __main__ - INFO - SIGNAL FOUND: TRX/USDT | Prob: 51.9% | Price: 0.3141 | Entry: 0.3146
2026-04-03 17:05:12,254 - __main__ - INFO - [LOW_PROB] Symbol TRX/USDT rejected: Prob 51.9% < 52%
2026-04-03 17:05:17,210 - __main__ - INFO - --- AUTO-SCAN CYCLE FINISHED ---
2026-04-03 17:20:17,220 - __main__ - INFO - --- STARTING 15-MIN AUTO-SCAN CYCLE ---
2026-04-03 17:20:17,230 - data.fetcher - INFO - Using WHITELIST of 19 symbols.
2026-04-03 17:20:17,236 - __main__ - INFO - Scanning progress: 0/19 symbols checked...
2026-04-03 17:20:18,864 - __main__ - INFO - SIGNAL FOUND: TRX/USDT | Prob: 51.9% | Price: 0.3141 | Entry: 0.3146
2026-04-03 17:20:18,864 - __main__ - INFO - [LOW_PROB] Symbol TRX/USDT rejected: Prob 51.9% < 52%
2026-04-03 17:20:23,682 - __main__ - INFO - --- AUTO-SCAN CYCLE FINISHED ---
2026-04-03 17:35:23,706 - __main__ - INFO - --- STARTING 15-MIN AUTO-SCAN CYCLE ---
2026-04-03 17:35:23,722 - data.fetcher - INFO - Using WHITELIST of 19 symbols.
2026-04-03 17:35:23,728 - __main__ - INFO - Scanning progress: 0/19 symbols checked...
2026-04-03 17:35:25,432 - __main__ - INFO - SIGNAL FOUND: TRX/USDT | Prob: 51.9% | Price: 0.3142 | Entry: 0.3146
2026-04-03 17:35:25,432 - __main__ - INFO - [LOW_PROB] Symbol TRX/USDT rejected: Prob 51.9% < 52%
2026-04-03 17:35:30,299 - __main__ - INFO - --- AUTO-SCAN CYCLE FINISHED ---
2026-04-03 17:50:30,288 - __main__ - INFO - --- STARTING 15-MIN AUTO-SCAN CYCLE ---
2026-04-03 17:50:30,300 - data.fetcher - INFO - Using WHITELIST of 19 symbols.
2026-04-03 17:50:30,308 - __main__ - INFO - Scanning progress: 0/19 symbols checked...
2026-04-03 17:50:32,184 - __main__ - INFO - SIGNAL FOUND: TRX/USDT | Prob: 51.9% | Price: 0.3143 | Entry: 0.3146
2026-04-03 17:50:32,184 - __main__ - INFO - [LOW_PROB] Symbol TRX/USDT rejected: Prob 51.9% < 52%
2026-04-03 17:50:37,808 - __main__ - INFO - --- AUTO-SCAN CYCLE FINISHED ---
2026-04-03 18:05:37,839 - __main__ - INFO - --- STARTING 15-MIN AUTO-SCAN CYCLE ---
2026-04-03 18:05:37,852 - data.fetcher - INFO - Using WHITELIST of 19 symbols.
2026-04-03 18:05:37,873 - __main__ - INFO - Scanning progress: 0/19 symbols checked...
2026-04-03 18:05:44,793 - __main__ - INFO - --- AUTO-SCAN CYCLE FINISHED ---
2026-04-03 18:20:44,811 - __main__ - INFO - --- STARTING 15-MIN AUTO-SCAN CYCLE ---
2026-04-03 18:20:44,814 - data.fetcher - INFO - Using WHITELIST of 19 symbols.
2026-04-03 18:20:44,821 - __main__ - INFO - Scanning progress: 0/19 symbols checked...
2026-04-03 18:20:51,617 - __main__ - INFO - --- AUTO-SCAN CYCLE FINISHED ---
2026-04-03 18:35:51,625 - __main__ - INFO - --- STARTING 15-MIN AUTO-SCAN CYCLE ---
2026-04-03 18:35:51,629 - data.fetcher - INFO - Using WHITELIST of 19 symbols.
2026-04-03 18:35:51,633 - __main__ - INFO - Scanning progress: 0/19 symbols checked...
2026-04-03 18:35:57,974 - __main__ - INFO - --- AUTO-SCAN CYCLE FINISHED ---
2026-04-03 18:50:58,010 - __main__ - INFO - --- STARTING 15-MIN AUTO-SCAN CYCLE ---
2026-04-03 18:50:58,022 - data.fetcher - INFO - Using WHITELIST of 19 symbols.
2026-04-03 18:50:58,038 - __main__ - INFO - Scanning progress: 0/19 symbols checked...
2026-04-03 18:51:04,947 - __main__ - INFO - --- AUTO-SCAN CYCLE FINISHED ---
2026-04-03 19:06:04,948 - __main__ - INFO - --- STARTING 15-MIN AUTO-SCAN CYCLE ---
2026-04-03 19:06:04,951 - data.fetcher - INFO - Using WHITELIST of 19 symbols.
2026-04-03 19:06:04,959 - __main__ - INFO - Scanning progress: 0/19 symbols checked...
2026-04-03 19:06:11,570 - __main__ - INFO - --- AUTO-SCAN CYCLE FINISHED ---
2026-04-03 19:21:11,586 - __main__ - INFO - --- STARTING 15-MIN AUTO-SCAN CYCLE ---
2026-04-03 19:21:11,587 - data.fetcher - INFO - Using WHITELIST of 19 symbols.
2026-04-03 19:21:11,590 - __main__ - INFO - Scanning progress: 0/19 symbols checked...
2026-04-03 19:21:18,071 - __main__ - INFO - --- AUTO-SCAN CYCLE FINISHED ---
2026-04-03 19:36:18,077 - __main__ - INFO - --- STARTING 15-MIN AUTO-SCAN CYCLE ---
2026-04-03 19:36:18,078 - data.fetcher - INFO - Using WHITELIST of 19 symbols.
2026-04-03 19:36:18,080 - __main__ - INFO - Scanning progress: 0/19 symbols checked...
2026-04-03 19:36:24,856 - __main__ - INFO - --- AUTO-SCAN CYCLE FINISHED ---
2026-04-03 19:51:24,869 - __main__ - INFO - --- STARTING 15-MIN AUTO-SCAN CYCLE ---
2026-04-03 19:51:24,870 - data.fetcher - INFO - Using WHITELIST of 19 symbols.
2026-04-03 19:51:24,872 - __main__ - INFO - Scanning progress: 0/19 symbols checked...
2026-04-03 19:51:30,994 - __main__ - INFO - --- AUTO-SCAN CYCLE FINISHED ---
2026-04-03 20:06:31,016 - __main__ - INFO - --- STARTING 15-MIN AUTO-SCAN CYCLE ---
2026-04-03 20:06:31,017 - data.fetcher - INFO - Using WHITELIST of 19 symbols.
2026-04-03 20:06:31,019 - __main__ - INFO - Scanning progress: 0/19 symbols checked...
2026-04-03 20:06:37,233 - __main__ - INFO - --- AUTO-SCAN CYCLE FINISHED ---
2026-04-03 20:21:37,239 - __main__ - INFO - --- STARTING 15-MIN AUTO-SCAN CYCLE ---
2026-04-03 20:21:37,240 - data.fetcher - INFO - Using WHITELIST of 19 symbols.
2026-04-03 20:21:37,247 - __main__ - INFO - Scanning progress: 0/19 symbols checked...
2026-04-03 20:21:43,385 - __main__ - INFO - --- AUTO-SCAN CYCLE FINISHED ---
2026-04-03 20:36:43,392 - __main__ - INFO - --- STARTING 15-MIN AUTO-SCAN CYCLE ---
2026-04-03 20:36:43,394 - data.fetcher - INFO - Using WHITELIST of 19 symbols.
2026-04-03 20:36:43,396 - __main__ - INFO - Scanning progress: 0/19 symbols checked...
2026-04-03 20:36:49,653 - __main__ - INFO - --- AUTO-SCAN CYCLE FINISHED ---
2026-04-03 20:51:49,664 - __main__ - INFO - --- STARTING 15-MIN AUTO-SCAN CYCLE ---
2026-04-03 20:51:49,666 - data.fetcher - INFO - Using WHITELIST of 19 symbols.
2026-04-03 20:51:49,668 - __main__ - INFO - Scanning progress: 0/19 symbols checked...
2026-04-03 20:51:55,900 - __main__ - INFO - --- AUTO-SCAN CYCLE FINISHED ---
2026-04-03 21:06:55,900 - __main__ - INFO - --- STARTING 15-MIN AUTO-SCAN CYCLE ---
2026-04-03 21:06:55,901 - data.fetcher - INFO - Using WHITELIST of 19 symbols.
2026-04-03 21:06:55,902 - __main__ - INFO - Scanning progress: 0/19 symbols checked...
2026-04-03 21:07:01,989 - __main__ - INFO - --- AUTO-SCAN CYCLE FINISHED ---
2026-04-03 21:22:01,981 - __main__ - INFO - --- STARTING 15-MIN AUTO-SCAN CYCLE ---
2026-04-03 21:22:01,984 - data.fetcher - INFO - Using WHITELIST of 19 symbols.
2026-04-03 21:22:01,992 - __main__ - INFO - Scanning progress: 0/19 symbols checked...
2026-04-03 21:22:07,998 - __main__ - INFO - --- AUTO-SCAN CYCLE FINISHED ---
2026-04-03 21:37:08,019 - __main__ - INFO - --- STARTING 15-MIN AUTO-SCAN CYCLE ---
2026-04-03 21:37:08,022 - data.fetcher - INFO - Using WHITELIST of 19 symbols.
2026-04-03 21:37:08,031 - __main__ - INFO - Scanning progress: 0/19 symbols checked...
2026-04-03 21:37:14,129 - __main__ - INFO - --- AUTO-SCAN CYCLE FINISHED ---
2026-04-03 21:45:29,356 - aiogram.event - INFO - Update id=313222046 is handled. Duration 186 ms by bot id=7349237883
2026-04-03 21:45:30,696 - aiogram.event - INFO - Update id=313222047 is handled. Duration 78 ms by bot id=7349237883
2026-04-03 21:52:14,128 - __main__ - INFO - --- STARTING 15-MIN AUTO-SCAN CYCLE ---
2026-04-03 21:52:14,128 - data.fetcher - INFO - Using WHITELIST of 19 symbols.
2026-04-03 21:52:14,128 - __main__ - INFO - Scanning progress: 0/19 symbols checked...
2026-04-03 21:52:20,247 - __main__ - INFO - --- AUTO-SCAN CYCLE FINISHED ---
2026-04-03 22:07:20,251 - __main__ - INFO - --- STARTING 15-MIN AUTO-SCAN CYCLE ---
2026-04-03 22:07:20,270 - data.fetcher - INFO - Using WHITELIST of 19 symbols.
2026-04-03 22:07:20,281 - __main__ - INFO - Scanning progress: 0/19 symbols checked...
2026-04-03 22:07:26,505 - __main__ - INFO - --- AUTO-SCAN CYCLE FINISHED ---
2026-04-03 22:22:26,504 - __main__ - INFO - --- STARTING 15-MIN AUTO-SCAN CYCLE ---
2026-04-03 22:22:26,508 - data.fetcher - INFO - Using WHITELIST of 19 symbols.
2026-04-03 22:22:26,516 - __main__ - INFO - Scanning progress: 0/19 symbols checked...
2026-04-03 22:22:32,641 - __main__ - INFO - --- AUTO-SCAN CYCLE FINISHED ---
2026-04-03 22:37:32,633 - __main__ - INFO - --- STARTING 15-MIN AUTO-SCAN CYCLE ---
2026-04-03 22:37:32,633 - data.fetcher - INFO - Using WHITELIST of 19 symbols.
2026-04-03 22:37:32,640 - __main__ - INFO - Scanning progress: 0/19 symbols checked...
2026-04-03 22:37:38,772 - __main__ - INFO - --- AUTO-SCAN CYCLE FINISHED ---
2026-04-03 22:52:38,794 - __main__ - INFO - --- STARTING 15-MIN AUTO-SCAN CYCLE ---
2026-04-03 22:52:38,794 - data.fetcher - INFO - Using WHITELIST of 19 symbols.
2026-04-03 22:52:38,799 - __main__ - INFO - Scanning progress: 0/19 symbols checked...
2026-04-03 22:52:45,082 - __main__ - INFO - --- AUTO-SCAN CYCLE FINISHED ---
2026-04-03 23:07:45,090 - __main__ - INFO - --- STARTING 15-MIN AUTO-SCAN CYCLE ---
2026-04-03 23:07:45,092 - data.fetcher - INFO - Using WHITELIST of 19 symbols.
2026-04-03 23:07:45,094 - __main__ - INFO - Scanning progress: 0/19 symbols checked...
2026-04-03 23:07:51,311 - __main__ - INFO - --- AUTO-SCAN CYCLE FINISHED ---
2026-04-03 23:22:51,316 - __main__ - INFO - --- STARTING 15-MIN AUTO-SCAN CYCLE ---
2026-04-03 23:22:51,319 - data.fetcher - INFO - Using WHITELIST of 19 symbols.
2026-04-03 23:22:51,324 - __main__ - INFO - Scanning progress: 0/19 symbols checked...
2026-04-03 23:22:57,602 - __main__ - INFO - --- AUTO-SCAN CYCLE FINISHED ---
2026-04-03 23:37:57,612 - __main__ - INFO - --- STARTING 15-MIN AUTO-SCAN CYCLE ---
2026-04-03 23:37:57,612 - data.fetcher - INFO - Using WHITELIST of 19 symbols.
2026-04-03 23:37:57,612 - __main__ - INFO - Scanning progress: 0/19 symbols checked...
2026-04-03 23:38:04,220 - __main__ - INFO - --- AUTO-SCAN CYCLE FINISHED ---
2026-04-03 23:53:04,233 - __main__ - INFO - --- STARTING 15-MIN AUTO-SCAN CYCLE ---
2026-04-03 23:53:04,245 - data.fetcher - INFO - Using WHITELIST of 19 symbols.
2026-04-03 23:53:04,253 - __main__ - INFO - Scanning progress: 0/19 symbols checked...
2026-04-03 23:53:10,545 - __main__ - INFO - --- AUTO-SCAN CYCLE FINISHED ---
2026-04-04 00:08:10,558 - __main__ - INFO - --- STARTING 15-MIN AUTO-SCAN CYCLE ---
2026-04-04 00:08:10,558 - data.fetcher - INFO - Using WHITELIST of 19 symbols.
2026-04-04 00:08:10,558 - __main__ - INFO - Scanning progress: 0/19 symbols checked...
2026-04-04 00:08:12,266 - __main__ - INFO - SIGNAL FOUND: TRX/USDT | Prob: 36.7% | Price: 0.3151 | Entry: 0.3142
2026-04-04 00:08:12,266 - __main__ - INFO - [LOW_PROB] Symbol TRX/USDT rejected: Prob 36.7% < 52%
2026-04-04 00:08:17,151 - __main__ - INFO - --- AUTO-SCAN CYCLE FINISHED ---
2026-04-04 00:23:17,161 - __main__ - INFO - --- STARTING 15-MIN AUTO-SCAN CYCLE ---
2026-04-04 00:23:17,161 - data.fetcher - INFO - Using WHITELIST of 19 symbols.
2026-04-04 00:23:17,161 - __main__ - INFO - Scanning progress: 0/19 symbols checked...
2026-04-04 00:23:18,813 - __main__ - INFO - SIGNAL FOUND: TRX/USDT | Prob: 36.7% | Price: 0.3153 | Entry: 0.3142
2026-04-04 00:23:18,813 - __main__ - INFO - [LOW_PROB] Symbol TRX/USDT rejected: Prob 36.7% < 52%
2026-04-04 00:23:23,636 - __main__ - INFO - --- AUTO-SCAN CYCLE FINISHED ---
2026-04-04 00:37:55,428 - data.fetcher - INFO - Using WHITELIST of 19 symbols.
2026-04-04 00:38:02,193 - aiogram.event - INFO - Update id=313222048 is handled. Duration 6906 ms by bot id=7349237883
2026-04-04 00:38:23,705 - __main__ - INFO - --- STARTING 15-MIN AUTO-SCAN CYCLE ---
2026-04-04 00:38:23,705 - data.fetcher - INFO - Using WHITELIST of 19 symbols.
2026-04-04 00:38:23,705 - __main__ - INFO - Scanning progress: 0/19 symbols checked...
2026-04-04 00:38:25,181 - __main__ - INFO - SIGNAL FOUND: TRX/USDT | Prob: 36.7% | Price: 0.3152 | Entry: 0.3142
2026-04-04 00:38:25,181 - __main__ - INFO - [LOW_PROB] Symbol TRX/USDT rejected: Prob 36.7% < 52%
2026-04-04 00:38:30,089 - __main__ - INFO - --- AUTO-SCAN CYCLE FINISHED ---
2026-04-04 00:53:30,154 - __main__ - INFO - --- STARTING 15-MIN AUTO-SCAN CYCLE ---
2026-04-04 00:53:30,154 - data.fetcher - INFO - Using WHITELIST of 19 symbols.
2026-04-04 00:53:30,154 - __main__ - INFO - Scanning progress: 0/19 symbols checked...
2026-04-04 00:53:31,742 - __main__ - INFO - SIGNAL FOUND: TRX/USDT | Prob: 36.7% | Price: 0.3153 | Entry: 0.3142
2026-04-04 00:53:31,742 - __main__ - INFO - [LOW_PROB] Symbol TRX/USDT rejected: Prob 36.7% < 52%
2026-04-04 00:53:36,550 - __main__ - INFO - --- AUTO-SCAN CYCLE FINISHED ---
2026-04-04 01:08:36,609 - __main__ - INFO - --- STARTING 15-MIN AUTO-SCAN CYCLE ---
2026-04-04 01:08:36,609 - data.fetcher - INFO - Using WHITELIST of 19 symbols.
2026-04-04 01:08:36,613 - __main__ - INFO - Scanning progress: 0/19 symbols checked...
2026-04-04 01:08:38,197 - __main__ - INFO - SIGNAL FOUND: TRX/USDT | Prob: 36.7% | Price: 0.3153 | Entry: 0.3142
2026-04-04 01:08:38,197 - __main__ - INFO - [LOW_PROB] Symbol TRX/USDT rejected: Prob 36.7% < 52%
2026-04-04 01:08:42,942 - __main__ - INFO - --- AUTO-SCAN CYCLE FINISHED ---
2026-04-04 01:23:42,998 - __main__ - INFO - --- STARTING 15-MIN AUTO-SCAN CYCLE ---
2026-04-04 01:23:42,998 - data.fetcher - INFO - Using WHITELIST of 19 symbols.
2026-04-04 01:23:43,002 - __main__ - INFO - Scanning progress: 0/19 symbols checked...
2026-04-04 01:23:44,553 - __main__ - INFO - SIGNAL FOUND: TRX/USDT | Prob: 36.7% | Price: 0.3154 | Entry: 0.3142
2026-04-04 01:23:44,553 - __main__ - INFO - [LOW_PROB] Symbol TRX/USDT rejected: Prob 36.7% < 52%
2026-04-04 01:23:49,391 - __main__ - INFO - --- AUTO-SCAN CYCLE FINISHED ---
2026-04-04 01:38:49,431 - __main__ - INFO - --- STARTING 15-MIN AUTO-SCAN CYCLE ---
2026-04-04 01:38:49,432 - data.fetcher - INFO - Using WHITELIST of 19 symbols.
2026-04-04 01:38:49,432 - __main__ - INFO - Scanning progress: 0/19 symbols checked...
2026-04-04 01:38:51,036 - __main__ - INFO - SIGNAL FOUND: TRX/USDT | Prob: 36.7% | Price: 0.3154 | Entry: 0.3142
2026-04-04 01:38:51,036 - __main__ - INFO - [LOW_PROB] Symbol TRX/USDT rejected: Prob 36.7% < 52%
2026-04-04 01:38:55,804 - __main__ - INFO - --- AUTO-SCAN CYCLE FINISHED ---
2026-04-04 01:49:31,663 - aiogram.dispatcher - ERROR - Failed to fetch updates - TelegramRetryAfter: Telegram server says - Flood control exceeded on method 'GetUpdates'. Retry in 5 seconds.
Original description: Too Many Requests: retry after 5
(background on this error at: https://core.telegram.org/bots/faq#my-bot-is-hitting-limits-how-do-i-avoid-this)
2026-04-04 01:49:31,665 - aiogram.dispatcher - WARNING - Sleep for 1.000000 seconds and try again... (tryings = 0, bot id = 7349237883)
2026-04-04 01:49:32,706 - aiogram.dispatcher - ERROR - Failed to fetch updates - TelegramRetryAfter: Telegram server says - Flood control exceeded on method 'GetUpdates'. Retry in 5 seconds.
Original description: Too Many Requests: retry after 5
(background on this error at: https://core.telegram.org/bots/faq#my-bot-is-hitting-limits-how-do-i-avoid-this)
2026-04-04 01:49:32,706 - aiogram.dispatcher - WARNING - Sleep for 1.351661 seconds and try again... (tryings = 1, bot id = 7349237883)
2026-04-04 01:49:34,107 - aiogram.dispatcher - ERROR - Failed to fetch updates - TelegramRetryAfter: Telegram server says - Flood control exceeded on method 'GetUpdates'. Retry in 5 seconds.
Original description: Too Many Requests: retry after 5
(background on this error at: https://core.telegram.org/bots/faq#my-bot-is-hitting-limits-how-do-i-avoid-this)
2026-04-04 01:49:34,107 - aiogram.dispatcher - WARNING - Sleep for 1.619599 seconds and try again... (tryings = 2, bot id = 7349237883)
2026-04-04 01:49:35,774 - aiogram.dispatcher - ERROR - Failed to fetch updates - TelegramRetryAfter: Telegram server says - Flood control exceeded on method 'GetUpdates'. Retry in 5 seconds.
Original description: Too Many Requests: retry after 5
(background on this error at: https://core.telegram.org/bots/faq#my-bot-is-hitting-limits-how-do-i-avoid-this)
2026-04-04 01:49:35,774 - aiogram.dispatcher - WARNING - Sleep for 2.125354 seconds and try again... (tryings = 3, bot id = 7349237883)
2026-04-04 01:49:37,922 - aiogram.dispatcher - ERROR - Failed to fetch updates - TelegramServerError: Telegram server says - Bad Gateway
2026-04-04 01:49:37,922 - aiogram.dispatcher - WARNING - Sleep for 2.694716 seconds and try again... (tryings = 4, bot id = 7349237883)
2026-04-04 01:50:03,317 - aiogram.dispatcher - INFO - Connection established (tryings = 5, bot id = 7349237883)
2026-04-04 01:53:55,838 - __main__ - INFO - --- STARTING 15-MIN AUTO-SCAN CYCLE ---
2026-04-04 01:53:55,838 - data.fetcher - INFO - Using WHITELIST of 19 symbols.
2026-04-04 01:53:55,842 - __main__ - INFO - Scanning progress: 0/19 symbols checked...
2026-04-04 01:53:57,446 - __main__ - INFO - SIGNAL FOUND: TRX/USDT | Prob: 36.7% | Price: 0.3153 | Entry: 0.3142
2026-04-04 01:53:57,446 - __main__ - INFO - [LOW_PROB] Symbol TRX/USDT rejected: Prob 36.7% < 52%
2026-04-04 01:54:02,295 - __main__ - INFO - --- AUTO-SCAN CYCLE FINISHED ---
2026-04-04 02:09:02,314 - __main__ - INFO - --- STARTING 15-MIN AUTO-SCAN CYCLE ---
2026-04-04 02:09:02,314 - data.fetcher - INFO - Using WHITELIST of 19 symbols.
2026-04-04 02:09:02,318 - __main__ - INFO - Scanning progress: 0/19 symbols checked...
2026-04-04 02:09:03,870 - __main__ - INFO - SIGNAL FOUND: TRX/USDT | Prob: 36.7% | Price: 0.3152 | Entry: 0.3142
2026-04-04 02:09:03,870 - __main__ - INFO - [LOW_PROB] Symbol TRX/USDT rejected: Prob 36.7% < 52%
2026-04-04 02:09:08,634 - __main__ - INFO - --- AUTO-SCAN CYCLE FINISHED ---
2026-04-04 02:24:08,652 - __main__ - INFO - --- STARTING 15-MIN AUTO-SCAN CYCLE ---
2026-04-04 02:24:08,652 - data.fetcher - INFO - Using WHITELIST of 19 symbols.
2026-04-04 02:24:08,652 - __main__ - INFO - Scanning progress: 0/19 symbols checked...
2026-04-04 02:24:10,239 - __main__ - INFO - SIGNAL FOUND: TRX/USDT | Prob: 36.7% | Price: 0.3154 | Entry: 0.3142
2026-04-04 02:24:10,239 - __main__ - INFO - [LOW_PROB] Symbol TRX/USDT rejected: Prob 36.7% < 52%
2026-04-04 02:24:15,010 - __main__ - INFO - --- AUTO-SCAN CYCLE FINISHED ---
2026-04-04 02:39:15,022 - __main__ - INFO - --- STARTING 15-MIN AUTO-SCAN CYCLE ---
2026-04-04 02:39:15,022 - data.fetcher - INFO - Using WHITELIST of 19 symbols.
2026-04-04 02:39:15,022 - __main__ - INFO - Scanning progress: 0/19 symbols checked...
2026-04-04 02:39:16,562 - __main__ - INFO - SIGNAL FOUND: TRX/USDT | Prob: 36.7% | Price: 0.3155 | Entry: 0.3142
2026-04-04 02:39:16,562 - __main__ - INFO - [LOW_PROB] Symbol TRX/USDT rejected: Prob 36.7% < 52%
2026-04-04 02:39:21,357 - __main__ - INFO - --- AUTO-SCAN CYCLE FINISHED ---
2026-04-04 02:54:21,380 - __main__ - INFO - --- STARTING 15-MIN AUTO-SCAN CYCLE ---
2026-04-04 02:54:21,380 - data.fetcher - INFO - Using WHITELIST of 19 symbols.
2026-04-04 02:54:21,380 - __main__ - INFO - Scanning progress: 0/19 symbols checked...
2026-04-04 02:54:22,902 - __main__ - INFO - SIGNAL FOUND: TRX/USDT | Prob: 36.7% | Price: 0.3156 | Entry: 0.3142
2026-04-04 02:54:22,902 - __main__ - INFO - [LOW_PROB] Symbol TRX/USDT rejected: Prob 36.7% < 52%
2026-04-04 02:54:27,753 - __main__ - INFO - --- AUTO-SCAN CYCLE FINISHED ---
2026-04-04 03:09:27,770 - __main__ - INFO - --- STARTING 15-MIN AUTO-SCAN CYCLE ---
2026-04-04 03:09:27,770 - data.fetcher - INFO - Using WHITELIST of 19 symbols.
2026-04-04 03:09:27,770 - __main__ - INFO - Scanning progress: 0/19 symbols checked...
2026-04-04 03:09:29,327 - __main__ - INFO - SIGNAL FOUND: TRX/USDT | Prob: 36.7% | Price: 0.3157 | Entry: 0.3142
2026-04-04 03:09:29,327 - __main__ - INFO - [LOW_PROB] Symbol TRX/USDT rejected: Prob 36.7% < 52%
2026-04-04 03:09:35,437 - __main__ - INFO - --- AUTO-SCAN CYCLE FINISHED ---
2026-04-04 03:24:35,440 - __main__ - INFO - --- STARTING 15-MIN AUTO-SCAN CYCLE ---
2026-04-04 03:24:35,440 - data.fetcher - INFO - Using WHITELIST of 19 symbols.
2026-04-04 03:24:35,440 - __main__ - INFO - Scanning progress: 0/19 symbols checked...
2026-04-04 03:24:36,994 - __main__ - INFO - SIGNAL FOUND: TRX/USDT | Prob: 36.7% | Price: 0.3158 | Entry: 0.3142
2026-04-04 03:24:36,994 - __main__ - INFO - [LOW_PROB] Symbol TRX/USDT rejected: Prob 36.7% < 52%
2026-04-04 03:24:41,900 - __main__ - INFO - --- AUTO-SCAN CYCLE FINISHED ---
2026-04-04 03:39:41,915 - __main__ - INFO - --- STARTING 15-MIN AUTO-SCAN CYCLE ---
2026-04-04 03:39:41,931 - data.fetcher - INFO - Using WHITELIST of 19 symbols.
2026-04-04 03:39:41,947 - __main__ - INFO - Scanning progress: 0/19 symbols checked...
2026-04-04 03:39:43,552 - __main__ - INFO - SIGNAL FOUND: TRX/USDT | Prob: 36.7% | Price: 0.3159 | Entry: 0.3142
2026-04-04 03:39:43,552 - __main__ - INFO - [LOW_PROB] Symbol TRX/USDT rejected: Prob 36.7% < 52%
2026-04-04 03:39:48,323 - __main__ - INFO - --- AUTO-SCAN CYCLE FINISHED ---
2026-04-04 03:54:48,338 - __main__ - INFO - --- STARTING 15-MIN AUTO-SCAN CYCLE ---
2026-04-04 03:54:48,338 - data.fetcher - INFO - Using WHITELIST of 19 symbols.
2026-04-04 03:54:48,342 - __main__ - INFO - Scanning progress: 0/19 symbols checked...
2026-04-04 03:54:49,896 - __main__ - INFO - SIGNAL FOUND: TRX/USDT | Prob: 36.7% | Price: 0.3158 | Entry: 0.3142
2026-04-04 03:54:49,896 - __main__ - INFO - [LOW_PROB] Symbol TRX/USDT rejected: Prob 36.7% < 52%
2026-04-04 03:54:54,662 - __main__ - INFO - --- AUTO-SCAN CYCLE FINISHED ---
2026-04-04 04:09:54,671 - __main__ - INFO - --- STARTING 15-MIN AUTO-SCAN CYCLE ---
2026-04-04 04:09:54,687 - data.fetcher - INFO - Using WHITELIST of 19 symbols.
2026-04-04 04:09:54,687 - __main__ - INFO - Scanning progress: 0/19 symbols checked...
2026-04-04 04:09:56,415 - __main__ - INFO - SIGNAL FOUND: TRX/USDT | Prob: 36.7% | Price: 0.3155 | Entry: 0.3142
2026-04-04 04:09:56,415 - __main__ - INFO - [LOW_PROB] Symbol TRX/USDT rejected: Prob 36.7% < 52%
2026-04-04 04:10:02,107 - __main__ - INFO - --- AUTO-SCAN CYCLE FINISHED ---
2026-04-04 04:25:02,121 - __main__ - INFO - --- STARTING 15-MIN AUTO-SCAN CYCLE ---
2026-04-04 04:25:02,121 - data.fetcher - INFO - Using WHITELIST of 19 symbols.
2026-04-04 04:25:02,121 - __main__ - INFO - Scanning progress: 0/19 symbols checked...
2026-04-04 04:25:03,721 - __main__ - INFO - SIGNAL FOUND: TRX/USDT | Prob: 36.7% | Price: 0.3154 | Entry: 0.3142
2026-04-04 04:25:03,721 - __main__ - INFO - [LOW_PROB] Symbol TRX/USDT rejected: Prob 36.7% < 52%
2026-04-04 04:25:08,517 - __main__ - INFO - --- AUTO-SCAN CYCLE FINISHED ---
2026-04-04 04:40:08,540 - __main__ - INFO - --- STARTING 15-MIN AUTO-SCAN CYCLE ---
2026-04-04 04:40:08,540 - data.fetcher - INFO - Using WHITELIST of 19 symbols.
2026-04-04 04:40:08,540 - __main__ - INFO - Scanning progress: 0/19 symbols checked...
2026-04-04 04:40:10,144 - __main__ - INFO - SIGNAL FOUND: TRX/USDT | Prob: 36.7% | Price: 0.3151 | Entry: 0.3142
2026-04-04 04:40:10,144 - __main__ - INFO - [LOW_PROB] Symbol TRX/USDT rejected: Prob 36.7% < 52%
2026-04-04 04:40:14,971 - __main__ - INFO - --- AUTO-SCAN CYCLE FINISHED ---
2026-04-04 04:55:14,972 - __main__ - INFO - --- STARTING 15-MIN AUTO-SCAN CYCLE ---
2026-04-04 04:55:14,973 - data.fetcher - INFO - Using WHITELIST of 19 symbols.
2026-04-04 04:55:14,973 - __main__ - INFO - Scanning progress: 0/19 symbols checked...
2026-04-04 04:55:16,513 - __main__ - INFO - SIGNAL FOUND: TRX/USDT | Prob: 36.7% | Price: 0.3153 | Entry: 0.3142
2026-04-04 04:55:16,513 - __main__ - INFO - [LOW_PROB] Symbol TRX/USDT rejected: Prob 36.7% < 52%
2026-04-04 04:55:23,190 - __main__ - INFO - --- AUTO-SCAN CYCLE FINISHED ---
2026-04-04 05:10:23,193 - __main__ - INFO - --- STARTING 15-MIN AUTO-SCAN CYCLE ---
2026-04-04 05:10:23,193 - data.fetcher - INFO - Using WHITELIST of 19 symbols.
2026-04-04 05:10:23,193 - __main__ - INFO - Scanning progress: 0/19 symbols checked...
2026-04-04 05:10:29,273 - __main__ - INFO - --- AUTO-SCAN CYCLE FINISHED ---
2026-04-04 05:25:29,285 - __main__ - INFO - --- STARTING 15-MIN AUTO-SCAN CYCLE ---
2026-04-04 05:25:29,285 - data.fetcher - INFO - Using WHITELIST of 19 symbols.
2026-04-04 05:25:29,285 - __main__ - INFO - Scanning progress: 0/19 symbols checked...
2026-04-04 05:25:35,318 - __main__ - INFO - --- AUTO-SCAN CYCLE FINISHED ---
2026-04-04 05:40:35,324 - __main__ - INFO - --- STARTING 15-MIN AUTO-SCAN CYCLE ---
2026-04-04 05:40:35,324 - data.fetcher - INFO - Using WHITELIST of 19 symbols.
2026-04-04 05:40:35,324 - __main__ - INFO - Scanning progress: 0/19 symbols checked...
2026-04-04 05:40:41,386 - __main__ - INFO - --- AUTO-SCAN CYCLE FINISHED ---
2026-04-04 05:55:41,404 - __main__ - INFO - --- STARTING 15-MIN AUTO-SCAN CYCLE ---
2026-04-04 05:55:41,404 - data.fetcher - INFO - Using WHITELIST of 19 symbols.
2026-04-04 05:55:41,404 - __main__ - INFO - Scanning progress: 0/19 symbols checked...
2026-04-04 05:55:47,493 - __main__ - INFO - --- AUTO-SCAN CYCLE FINISHED ---
2026-04-04 06:10:47,506 - __main__ - INFO - --- STARTING 15-MIN AUTO-SCAN CYCLE ---
2026-04-04 06:10:47,506 - data.fetcher - INFO - Using WHITELIST of 19 symbols.
2026-04-04 06:10:47,506 - __main__ - INFO - Scanning progress: 0/19 symbols checked...
2026-04-04 06:10:53,585 - __main__ - INFO - --- AUTO-SCAN CYCLE FINISHED ---
2026-04-04 06:25:53,596 - __main__ - INFO - --- STARTING 15-MIN AUTO-SCAN CYCLE ---
2026-04-04 06:25:53,597 - data.fetcher - INFO - Using WHITELIST of 19 symbols.
2026-04-04 06:25:53,597 - __main__ - INFO - Scanning progress: 0/19 symbols checked...
2026-04-04 06:25:59,656 - __main__ - INFO - --- AUTO-SCAN CYCLE FINISHED ---
2026-04-04 06:40:59,652 - __main__ - INFO - --- STARTING 15-MIN AUTO-SCAN CYCLE ---
2026-04-04 06:40:59,652 - data.fetcher - INFO - Using WHITELIST of 19 symbols.
2026-04-04 06:40:59,652 - __main__ - INFO - Scanning progress: 0/19 symbols checked...
2026-04-04 06:41:05,728 - __main__ - INFO - --- AUTO-SCAN CYCLE FINISHED ---
2026-04-04 06:56:05,732 - __main__ - INFO - --- STARTING 15-MIN AUTO-SCAN CYCLE ---
2026-04-04 06:56:05,732 - data.fetcher - INFO - Using WHITELIST of 19 symbols.
2026-04-04 06:56:05,732 - __main__ - INFO - Scanning progress: 0/19 symbols checked...
2026-04-04 06:56:11,810 - __main__ - INFO - --- AUTO-SCAN CYCLE FINISHED ---
2026-04-04 07:11:11,821 - __main__ - INFO - --- STARTING 15-MIN AUTO-SCAN CYCLE ---
2026-04-04 07:11:11,821 - data.fetcher - INFO - Using WHITELIST of 19 symbols.
2026-04-04 07:11:11,821 - __main__ - INFO - Scanning progress: 0/19 symbols checked...
2026-04-04 07:11:18,025 - __main__ - INFO - --- AUTO-SCAN CYCLE FINISHED ---
2026-04-04 07:26:18,039 - __main__ - INFO - --- STARTING 15-MIN AUTO-SCAN CYCLE ---
2026-04-04 07:26:18,039 - data.fetcher - INFO - Using WHITELIST of 19 symbols.
2026-04-04 07:26:18,039 - __main__ - INFO - Scanning progress: 0/19 symbols checked...
2026-04-04 07:26:24,179 - __main__ - INFO - --- AUTO-SCAN CYCLE FINISHED ---
2026-04-04 07:41:24,186 - __main__ - INFO - --- STARTING 15-MIN AUTO-SCAN CYCLE ---
2026-04-04 07:41:24,188 - data.fetcher - INFO - Using WHITELIST of 19 symbols.
2026-04-04 07:41:24,188 - __main__ - INFO - Scanning progress: 0/19 symbols checked...
2026-04-04 07:41:30,310 - __main__ - INFO - --- AUTO-SCAN CYCLE FINISHED ---
2026-04-04 07:56:30,315 - __main__ - INFO - --- STARTING 15-MIN AUTO-SCAN CYCLE ---
2026-04-04 07:56:30,315 - data.fetcher - INFO - Using WHITELIST of 19 symbols.
2026-04-04 07:56:30,315 - __main__ - INFO - Scanning progress: 0/19 symbols checked...
2026-04-04 07:56:36,445 - __main__ - INFO - --- AUTO-SCAN CYCLE FINISHED ---
2026-04-04 08:11:36,451 - __main__ - INFO - --- STARTING 15-MIN AUTO-SCAN CYCLE ---
2026-04-04 08:11:36,451 - data.fetcher - INFO - Using WHITELIST of 19 symbols.
2026-04-04 08:11:36,451 - __main__ - INFO - Scanning progress: 0/19 symbols checked...
2026-04-04 08:11:42,751 - __main__ - INFO - --- AUTO-SCAN CYCLE FINISHED ---
2026-04-04 08:26:42,750 - __main__ - INFO - --- STARTING 15-MIN AUTO-SCAN CYCLE ---
2026-04-04 08:26:42,750 - data.fetcher - INFO - Using WHITELIST of 19 symbols.
2026-04-04 08:26:42,750 - __main__ - INFO - Scanning progress: 0/19 symbols checked...
2026-04-04 08:26:48,905 - __main__ - INFO - --- AUTO-SCAN CYCLE FINISHED ---
2026-04-04 08:41:48,919 - __main__ - INFO - --- STARTING 15-MIN AUTO-SCAN CYCLE ---
2026-04-04 08:41:48,919 - data.fetcher - INFO - Using WHITELIST of 19 symbols.
2026-04-04 08:41:48,919 - __main__ - INFO - Scanning progress: 0/19 symbols checked...
2026-04-04 08:41:55,312 - __main__ - INFO - --- AUTO-SCAN CYCLE FINISHED ---
2026-04-04 08:52:59,949 - aiogram.event - INFO - Update id=313222049 is handled. Duration 171 ms by bot id=7349237883
2026-04-04 08:53:00,047 - data.fetcher - INFO - Using WHITELIST of 19 symbols.
2026-04-04 08:53:00,049 - __main__ - INFO - Scanning progress: 0/19 symbols checked...
2026-04-04 08:53:04,989 - aiogram.event - INFO - Update id=313222050 is handled. Duration 77 ms by bot id=7349237883
2026-04-04 08:56:55,310 - __main__ - INFO - --- STARTING 15-MIN AUTO-SCAN CYCLE ---
2026-04-04 08:56:55,310 - data.fetcher - INFO - Using WHITELIST of 19 symbols.
2026-04-04 08:56:55,310 - __main__ - INFO - Scanning progress: 0/19 symbols checked...
2026-04-04 08:57:01,461 - __main__ - INFO - --- AUTO-SCAN CYCLE FINISHED ---
2026-04-04 09:12:01,463 - __main__ - INFO - --- STARTING 15-MIN AUTO-SCAN CYCLE ---
2026-04-04 09:12:01,463 - data.fetcher - INFO - Using WHITELIST of 19 symbols.
2026-04-04 09:12:01,467 - __main__ - INFO - Scanning progress: 0/19 symbols checked...
2026-04-04 09:12:07,542 - __main__ - INFO - --- AUTO-SCAN CYCLE FINISHED ---
2026-04-04 09:27:07,599 - __main__ - INFO - --- STARTING 15-MIN AUTO-SCAN CYCLE ---
2026-04-04 09:27:07,599 - data.fetcher - INFO - Using WHITELIST of 19 symbols.
2026-04-04 09:27:07,604 - __main__ - INFO - Scanning progress: 0/19 symbols checked...
2026-04-04 09:27:13,660 - __main__ - INFO - --- AUTO-SCAN CYCLE FINISHED ---
2026-04-04 09:42:13,735 - __main__ - INFO - --- STARTING 15-MIN AUTO-SCAN CYCLE ---
2026-04-04 09:42:13,735 - data.fetcher - INFO - Using WHITELIST of 19 symbols.
2026-04-04 09:42:13,735 - __main__ - INFO - Scanning progress: 0/19 symbols checked...
2026-04-04 09:42:19,920 - __main__ - INFO - --- AUTO-SCAN CYCLE FINISHED ---
2026-04-04 09:57:19,978 - __main__ - INFO - --- STARTING 15-MIN AUTO-SCAN CYCLE ---
2026-04-04 09:57:19,978 - data.fetcher - INFO - Using WHITELIST of 19 symbols.
2026-04-04 09:57:19,978 - __main__ - INFO - Scanning progress: 0/19 symbols checked...
2026-04-04 09:57:26,167 - __main__ - INFO - --- AUTO-SCAN CYCLE FINISHED ---
2026-04-04 10:12:26,197 - __main__ - INFO - --- STARTING 15-MIN AUTO-SCAN CYCLE ---
2026-04-04 10:12:26,197 - data.fetcher - INFO - Using WHITELIST of 19 symbols.
2026-04-04 10:12:26,197 - __main__ - INFO - Scanning progress: 0/19 symbols checked...
2026-04-04 10:12:32,397 - __main__ - INFO - --- AUTO-SCAN CYCLE FINISHED ---
2026-04-04 10:27:32,439 - __main__ - INFO - --- STARTING 15-MIN AUTO-SCAN CYCLE ---
2026-04-04 10:27:32,439 - data.fetcher - INFO - Using WHITELIST of 19 symbols.
2026-04-04 10:27:32,439 - __main__ - INFO - Scanning progress: 0/19 symbols checked...
2026-04-04 10:27:38,625 - __main__ - INFO - --- AUTO-SCAN CYCLE FINISHED ---
2026-04-04 10:42:38,635 - __main__ - INFO - --- STARTING 15-MIN AUTO-SCAN CYCLE ---
2026-04-04 10:42:38,635 - data.fetcher - INFO - Using WHITELIST of 19 symbols.
2026-04-04 10:42:38,635 - __main__ - INFO - Scanning progress: 0/19 symbols checked...
2026-04-04 10:42:44,799 - __main__ - INFO - --- AUTO-SCAN CYCLE FINISHED ---
2026-04-04 10:57:44,814 - __main__ - INFO - --- STARTING 15-MIN AUTO-SCAN CYCLE ---
2026-04-04 10:57:44,814 - data.fetcher - INFO - Using WHITELIST of 19 symbols.
2026-04-04 10:57:44,814 - __main__ - INFO - Scanning progress: 0/19 symbols checked...
2026-04-04 10:57:50,980 - __main__ - INFO - --- AUTO-SCAN CYCLE FINISHED ---
2026-04-04 11:12:51,007 - __main__ - INFO - --- STARTING 15-MIN AUTO-SCAN CYCLE ---
2026-04-04 11:12:51,007 - data.fetcher - INFO - Using WHITELIST of 19 symbols.
2026-04-04 11:12:51,007 - __main__ - INFO - Scanning progress: 0/19 symbols checked...
2026-04-04 11:12:57,126 - __main__ - INFO - --- AUTO-SCAN CYCLE FINISHED ---
2026-04-04 11:27:57,147 - __main__ - INFO - --- STARTING 15-MIN AUTO-SCAN CYCLE ---
2026-04-04 11:27:57,149 - data.fetcher - INFO - Using WHITELIST of 19 symbols.
2026-04-04 11:27:57,151 - __main__ - INFO - Scanning progress: 0/19 symbols checked...
2026-04-04 11:28:03,305 - __main__ - INFO - --- AUTO-SCAN CYCLE FINISHED ---
2026-04-04 11:43:03,325 - __main__ - INFO - --- STARTING 15-MIN AUTO-SCAN CYCLE ---
2026-04-04 11:43:03,326 - data.fetcher - INFO - Using WHITELIST of 19 symbols.
2026-04-04 11:43:03,326 - __main__ - INFO - Scanning progress: 0/19 symbols checked...
2026-04-04 11:43:09,402 - __main__ - INFO - --- AUTO-SCAN CYCLE FINISHED ---
2026-04-04 11:58:09,425 - __main__ - INFO - --- STARTING 15-MIN AUTO-SCAN CYCLE ---
2026-04-04 11:58:09,425 - data.fetcher - INFO - Using WHITELIST of 19 symbols.
2026-04-04 11:58:09,425 - __main__ - INFO - Scanning progress: 0/19 symbols checked...
2026-04-04 11:58:15,557 - __main__ - INFO - --- AUTO-SCAN CYCLE FINISHED ---
2026-04-04 12:13:15,567 - __main__ - INFO - --- STARTING 15-MIN AUTO-SCAN CYCLE ---
2026-04-04 12:13:15,567 - data.fetcher - INFO - Using WHITELIST of 19 symbols.
2026-04-04 12:13:15,567 - __main__ - INFO - Scanning progress: 0/19 symbols checked...
2026-04-04 12:13:21,730 - __main__ - INFO - --- AUTO-SCAN CYCLE FINISHED ---
2026-04-04 12:28:21,747 - __main__ - INFO - --- STARTING 15-MIN AUTO-SCAN CYCLE ---
2026-04-04 12:28:21,747 - data.fetcher - INFO - Using WHITELIST of 19 symbols.
2026-04-04 12:28:21,747 - __main__ - INFO - Scanning progress: 0/19 symbols checked...
2026-04-04 12:28:27,881 - __main__ - INFO - --- AUTO-SCAN CYCLE FINISHED ---
2026-04-04 12:43:27,894 - __main__ - INFO - --- STARTING 15-MIN AUTO-SCAN CYCLE ---
2026-04-04 12:43:27,894 - data.fetcher - INFO - Using WHITELIST of 19 symbols.
2026-04-04 12:43:27,894 - __main__ - INFO - Scanning progress: 0/19 symbols checked...
2026-04-04 12:43:34,002 - __main__ - INFO - --- AUTO-SCAN CYCLE FINISHED ---
2026-04-04 12:58:34,004 - __main__ - INFO - --- STARTING 15-MIN AUTO-SCAN CYCLE ---
2026-04-04 12:58:34,004 - data.fetcher - INFO - Using WHITELIST of 19 symbols.
2026-04-04 12:58:34,004 - __main__ - INFO - Scanning progress: 0/19 symbols checked...
2026-04-04 12:58:40,652 - __main__ - INFO - --- AUTO-SCAN CYCLE FINISHED ---
2026-04-04 13:13:40,670 - __main__ - INFO - --- STARTING 15-MIN AUTO-SCAN CYCLE ---
2026-04-04 13:13:40,677 - data.fetcher - INFO - Using WHITELIST of 19 symbols.
2026-04-04 13:13:40,702 - __main__ - INFO - Scanning progress: 0/19 symbols checked...
2026-04-04 13:13:46,949 - __main__ - INFO - --- AUTO-SCAN CYCLE FINISHED ---
2026-04-04 13:28:46,963 - __main__ - INFO - --- STARTING 15-MIN AUTO-SCAN CYCLE ---
2026-04-04 13:28:46,963 - data.fetcher - INFO - Using WHITELIST of 19 symbols.
2026-04-04 13:28:46,963 - __main__ - INFO - Scanning progress: 0/19 symbols checked...
2026-04-04 13:28:53,106 - __main__ - INFO - --- AUTO-SCAN CYCLE FINISHED ---
2026-04-04 13:43:53,111 - __main__ - INFO - --- STARTING 15-MIN AUTO-SCAN CYCLE ---
2026-04-04 13:43:53,111 - data.fetcher - INFO - Using WHITELIST of 19 symbols.
2026-04-04 13:43:53,113 - __main__ - INFO - Scanning progress: 0/19 symbols checked...
2026-04-04 13:43:59,271 - __main__ - INFO - --- AUTO-SCAN CYCLE FINISHED ---
2026-04-04 13:58:59,294 - __main__ - INFO - --- STARTING 15-MIN AUTO-SCAN CYCLE ---
2026-04-04 13:58:59,296 - data.fetcher - INFO - Using WHITELIST of 19 symbols.
2026-04-04 13:58:59,298 - __main__ - INFO - Scanning progress: 0/19 symbols checked...
2026-04-04 13:59:05,357 - __main__ - INFO - --- AUTO-SCAN CYCLE FINISHED ---
2026-04-04 14:14:05,368 - __main__ - INFO - --- STARTING 15-MIN AUTO-SCAN CYCLE ---
2026-04-04 14:14:05,368 - data.fetcher - INFO - Using WHITELIST of 19 symbols.
2026-04-04 14:14:05,368 - __main__ - INFO - Scanning progress: 0/19 symbols checked...
2026-04-04 14:14:11,492 - __main__ - INFO - --- AUTO-SCAN CYCLE FINISHED ---
2026-04-04 14:29:11,507 - __main__ - INFO - --- STARTING 15-MIN AUTO-SCAN CYCLE ---
2026-04-04 14:29:11,507 - data.fetcher - INFO - Using WHITELIST of 19 symbols.
2026-04-04 14:29:11,507 - __main__ - INFO - Scanning progress: 0/19 symbols checked...
2026-04-04 14:29:17,714 - __main__ - INFO - --- AUTO-SCAN CYCLE FINISHED ---
2026-04-04 14:44:17,725 - __main__ - INFO - --- STARTING 15-MIN AUTO-SCAN CYCLE ---
2026-04-04 14:44:17,725 - data.fetcher - INFO - Using WHITELIST of 19 symbols.
2026-04-04 14:44:17,729 - __main__ - INFO - Scanning progress: 0/19 symbols checked...
2026-04-04 14:44:23,886 - __main__ - INFO - --- AUTO-SCAN CYCLE FINISHED ---
2026-04-04 14:59:23,893 - __main__ - INFO - --- STARTING 15-MIN AUTO-SCAN CYCLE ---
2026-04-04 14:59:23,893 - data.fetcher - INFO - Using WHITELIST of 19 symbols.
2026-04-04 14:59:23,909 - __main__ - INFO - Scanning progress: 0/19 symbols checked...
2026-04-04 14:59:30,399 - __main__ - INFO - --- AUTO-SCAN CYCLE FINISHED ---
2026-04-04 15:14:30,397 - __main__ - INFO - --- STARTING 15-MIN AUTO-SCAN CYCLE ---
2026-04-04 15:14:30,399 - data.fetcher - INFO - Using WHITELIST of 19 symbols.
2026-04-04 15:14:30,399 - __main__ - INFO - Scanning progress: 0/19 symbols checked...
2026-04-04 15:14:36,439 - __main__ - INFO - --- AUTO-SCAN CYCLE FINISHED ---
2026-04-04 15:29:36,449 - __main__ - INFO - --- STARTING 15-MIN AUTO-SCAN CYCLE ---
2026-04-04 15:29:36,449 - data.fetcher - INFO - Using WHITELIST of 19 symbols.
2026-04-04 15:29:36,449 - __main__ - INFO - Scanning progress: 0/19 symbols checked...
2026-04-04 15:29:42,665 - __main__ - INFO - --- AUTO-SCAN CYCLE FINISHED ---
2026-04-04 15:44:42,676 - __main__ - INFO - --- STARTING 15-MIN AUTO-SCAN CYCLE ---
2026-04-04 15:44:42,676 - data.fetcher - INFO - Using WHITELIST of 19 symbols.
2026-04-04 15:44:42,676 - __main__ - INFO - Scanning progress: 0/19 symbols checked...
2026-04-04 15:44:48,907 - __main__ - INFO - --- AUTO-SCAN CYCLE FINISHED ---
2026-04-04 15:59:48,925 - __main__ - INFO - --- STARTING 15-MIN AUTO-SCAN CYCLE ---
2026-04-04 15:59:48,956 - data.fetcher - INFO - Using WHITELIST of 19 symbols.
2026-04-04 15:59:48,972 - __main__ - INFO - Scanning progress: 0/19 symbols checked...
2026-04-04 15:59:55,303 - __main__ - INFO - --- AUTO-SCAN CYCLE FINISHED ---
2026-04-04 16:14:55,311 - __main__ - INFO - --- STARTING 15-MIN AUTO-SCAN CYCLE ---
2026-04-04 16:14:55,343 - data.fetcher - INFO - Using WHITELIST of 19 symbols.
2026-04-04 16:14:55,375 - __main__ - INFO - Scanning progress: 0/19 symbols checked...
2026-04-04 16:15:02,668 - __main__ - INFO - --- AUTO-SCAN CYCLE FINISHED ---
2026-04-04 16:30:02,688 - __main__ - INFO - --- STARTING 15-MIN AUTO-SCAN CYCLE ---
2026-04-04 16:30:02,688 - data.fetcher - INFO - Using WHITELIST of 19 symbols.
2026-04-04 16:30:02,688 - __main__ - INFO - Scanning progress: 0/19 symbols checked...
2026-04-04 16:30:11,021 - __main__ - INFO - --- AUTO-SCAN CYCLE FINISHED ---
2026-04-04 16:45:11,038 - __main__ - INFO - --- STARTING 15-MIN AUTO-SCAN CYCLE ---
2026-04-04 16:45:11,038 - data.fetcher - INFO - Using WHITELIST of 19 symbols.
2026-04-04 16:45:11,038 - __main__ - INFO - Scanning progress: 0/19 symbols checked...
2026-04-04 16:45:17,234 - __main__ - INFO - --- AUTO-SCAN CYCLE FINISHED ---
2026-04-04 17:00:17,235 - __main__ - INFO - --- STARTING 15-MIN AUTO-SCAN CYCLE ---
2026-04-04 17:00:17,235 - data.fetcher - INFO - Using WHITELIST of 19 symbols.
2026-04-04 17:00:17,235 - __main__ - INFO - Scanning progress: 0/19 symbols checked...
2026-04-04 17:00:23,491 - __main__ - INFO - --- AUTO-SCAN CYCLE FINISHED ---
2026-04-04 17:15:23,497 - __main__ - INFO - --- STARTING 15-MIN AUTO-SCAN CYCLE ---
2026-04-04 17:15:23,497 - data.fetcher - INFO - Using WHITELIST of 19 symbols.
2026-04-04 17:15:23,497 - __main__ - INFO - Scanning progress: 0/19 symbols checked...
2026-04-04 17:15:29,654 - __main__ - INFO - --- AUTO-SCAN CYCLE FINISHED ---
2026-04-04 17:30:29,683 - __main__ - INFO - --- STARTING 15-MIN AUTO-SCAN CYCLE ---
2026-04-04 17:30:29,683 - data.fetcher - INFO - Using WHITELIST of 19 symbols.
2026-04-04 17:30:29,683 - __main__ - INFO - Scanning progress: 0/19 symbols checked...
2026-04-04 17:30:35,918 - __main__ - INFO - --- AUTO-SCAN CYCLE FINISHED ---
2026-04-04 17:45:35,929 - __main__ - INFO - --- STARTING 15-MIN AUTO-SCAN CYCLE ---
2026-04-04 17:45:35,929 - data.fetcher - INFO - Using WHITELIST of 19 symbols.
2026-04-04 17:45:35,929 - __main__ - INFO - Scanning progress: 0/19 symbols checked...
2026-04-04 17:45:42,088 - __main__ - INFO - --- AUTO-SCAN CYCLE FINISHED ---
2026-04-04 18:00:42,095 - __main__ - INFO - --- STARTING 15-MIN AUTO-SCAN CYCLE ---
2026-04-04 18:00:42,095 - data.fetcher - INFO - Using WHITELIST of 19 symbols.
2026-04-04 18:00:42,095 - __main__ - INFO - Scanning progress: 0/19 symbols checked...
2026-04-04 18:00:48,834 - __main__ - INFO - --- AUTO-SCAN CYCLE FINISHED ---
2026-04-04 18:15:48,840 - __main__ - INFO - --- STARTING 15-MIN AUTO-SCAN CYCLE ---
2026-04-04 18:15:48,840 - data.fetcher - INFO - Using WHITELIST of 19 symbols.
2026-04-04 18:15:48,840 - __main__ - INFO - Scanning progress: 0/19 symbols checked...
2026-04-04 18:15:54,947 - __main__ - INFO - --- AUTO-SCAN CYCLE FINISHED ---
2026-04-04 18:30:54,960 - __main__ - INFO - --- STARTING 15-MIN AUTO-SCAN CYCLE ---
2026-04-04 18:30:54,960 - data.fetcher - INFO - Using WHITELIST of 19 symbols.
2026-04-04 18:30:54,960 - __main__ - INFO - Scanning progress: 0/19 symbols checked...
2026-04-04 18:31:01,190 - __main__ - INFO - --- AUTO-SCAN CYCLE FINISHED ---
2026-04-04 18:46:01,218 - __main__ - INFO - --- STARTING 15-MIN AUTO-SCAN CYCLE ---
2026-04-04 18:46:01,218 - data.fetcher - INFO - Using WHITELIST of 19 symbols.
2026-04-04 18:46:01,218 - __main__ - INFO - Scanning progress: 0/19 symbols checked...
2026-04-04 18:46:07,295 - __main__ - INFO - --- AUTO-SCAN CYCLE FINISHED ---
2026-04-04 19:01:07,340 - __main__ - INFO - --- STARTING 15-MIN AUTO-SCAN CYCLE ---
2026-04-04 19:01:07,340 - data.fetcher - INFO - Using WHITELIST of 19 symbols.
2026-04-04 19:01:07,340 - __main__ - INFO - Scanning progress: 0/19 symbols checked...
2026-04-04 19:01:13,529 - __main__ - INFO - --- AUTO-SCAN CYCLE FINISHED ---
2026-04-04 19:16:13,571 - __main__ - INFO - --- STARTING 15-MIN AUTO-SCAN CYCLE ---
2026-04-04 19:16:13,571 - data.fetcher - INFO - Using WHITELIST of 19 symbols.
2026-04-04 19:16:13,573 - __main__ - INFO - Scanning progress: 0/19 symbols checked...
2026-04-04 19:16:19,613 - __main__ - INFO - --- AUTO-SCAN CYCLE FINISHED ---
2026-04-04 19:31:19,652 - __main__ - INFO - --- STARTING 15-MIN AUTO-SCAN CYCLE ---
2026-04-04 19:31:19,652 - data.fetcher - INFO - Using WHITELIST of 19 symbols.
2026-04-04 19:31:19,652 - __main__ - INFO - Scanning progress: 0/19 symbols checked...
2026-04-04 19:31:25,732 - __main__ - INFO - --- AUTO-SCAN CYCLE FINISHED ---
2026-04-04 19:46:25,764 - __main__ - INFO - --- STARTING 15-MIN AUTO-SCAN CYCLE ---
2026-04-04 19:46:25,764 - data.fetcher - INFO - Using WHITELIST of 19 symbols.
2026-04-04 19:46:25,764 - __main__ - INFO - Scanning progress: 0/19 symbols checked...
2026-04-04 19:46:31,938 - __main__ - INFO - --- AUTO-SCAN CYCLE FINISHED ---
2026-04-04 20:01:31,951 - __main__ - INFO - --- STARTING 15-MIN AUTO-SCAN CYCLE ---
2026-04-04 20:01:31,959 - data.fetcher - INFO - Using WHITELIST of 19 symbols.
2026-04-04 20:01:31,965 - __main__ - INFO - Scanning progress: 0/19 symbols checked...
2026-04-04 20:01:38,110 - __main__ - INFO - --- AUTO-SCAN CYCLE FINISHED ---
2026-04-04 20:16:38,130 - __main__ - INFO - --- STARTING 15-MIN AUTO-SCAN CYCLE ---
2026-04-04 20:16:38,140 - data.fetcher - INFO - Using WHITELIST of 19 symbols.
2026-04-04 20:16:38,145 - __main__ - INFO - Scanning progress: 0/19 symbols checked...
2026-04-04 20:16:44,277 - __main__ - INFO - --- AUTO-SCAN CYCLE FINISHED ---
2026-04-04 20:31:44,287 - __main__ - INFO - --- STARTING 15-MIN AUTO-SCAN CYCLE ---
2026-04-04 20:31:44,291 - data.fetcher - INFO - Using WHITELIST of 19 symbols.
2026-04-04 20:31:44,294 - __main__ - INFO - Scanning progress: 0/19 symbols checked...
2026-04-04 20:31:50,460 - __main__ - INFO - --- AUTO-SCAN CYCLE FINISHED ---
2026-04-04 20:46:50,473 - __main__ - INFO - --- STARTING 15-MIN AUTO-SCAN CYCLE ---
2026-04-04 20:46:50,474 - data.fetcher - INFO - Using WHITELIST of 19 symbols.
2026-04-04 20:46:50,477 - __main__ - INFO - Scanning progress: 0/19 symbols checked...
2026-04-04 20:46:56,549 - __main__ - INFO - --- AUTO-SCAN CYCLE FINISHED ---
2026-04-04 21:01:56,570 - __main__ - INFO - --- STARTING 15-MIN AUTO-SCAN CYCLE ---
2026-04-04 21:01:56,586 - data.fetcher - INFO - Using WHITELIST of 19 symbols.
2026-04-04 21:01:56,588 - __main__ - INFO - Scanning progress: 0/19 symbols checked...
2026-04-04 21:02:03,410 - __main__ - INFO - --- AUTO-SCAN CYCLE FINISHED ---
2026-04-04 21:17:03,414 - __main__ - INFO - --- STARTING 15-MIN AUTO-SCAN CYCLE ---
2026-04-04 21:17:03,415 - data.fetcher - INFO - Using WHITELIST of 19 symbols.
2026-04-04 21:17:03,417 - __main__ - INFO - Scanning progress: 0/19 symbols checked...
2026-04-04 21:17:09,492 - __main__ - INFO - --- AUTO-SCAN CYCLE FINISHED ---
2026-04-04 21:32:09,499 - __main__ - INFO - --- STARTING 15-MIN AUTO-SCAN CYCLE ---
2026-04-04 21:32:09,500 - data.fetcher - INFO - Using WHITELIST of 19 symbols.
2026-04-04 21:32:09,502 - __main__ - INFO - Scanning progress: 0/19 symbols checked...
2026-04-04 21:32:16,169 - __main__ - INFO - --- AUTO-SCAN CYCLE FINISHED ---
2026-04-04 21:47:16,187 - __main__ - INFO - --- STARTING 15-MIN AUTO-SCAN CYCLE ---
2026-04-04 21:47:16,189 - data.fetcher - INFO - Using WHITELIST of 19 symbols.
2026-04-04 21:47:16,191 - __main__ - INFO - Scanning progress: 0/19 symbols checked...
2026-04-04 21:47:22,252 - __main__ - INFO - --- AUTO-SCAN CYCLE FINISHED ---
2026-04-04 22:02:22,274 - __main__ - INFO - --- STARTING 15-MIN AUTO-SCAN CYCLE ---
2026-04-04 22:02:22,280 - data.fetcher - INFO - Using WHITELIST of 19 symbols.
2026-04-04 22:02:22,286 - __main__ - INFO - Scanning progress: 0/19 symbols checked...
2026-04-04 22:02:28,631 - __main__ - INFO - --- AUTO-SCAN CYCLE FINISHED ---
2026-04-04 22:17:28,666 - __main__ - INFO - --- STARTING 15-MIN AUTO-SCAN CYCLE ---
2026-04-04 22:17:28,680 - data.fetcher - INFO - Using WHITELIST of 19 symbols.
2026-04-04 22:17:28,690 - __main__ - INFO - Scanning progress: 0/19 symbols checked...
2026-04-04 22:17:34,881 - __main__ - INFO - --- AUTO-SCAN CYCLE FINISHED ---
2026-04-04 22:32:34,878 - __main__ - INFO - --- STARTING 15-MIN AUTO-SCAN CYCLE ---
2026-04-04 22:32:34,880 - data.fetcher - INFO - Using WHITELIST of 19 symbols.
2026-04-04 22:32:34,884 - __main__ - INFO - Scanning progress: 0/19 symbols checked...
2026-04-04 22:32:41,099 - __main__ - INFO - --- AUTO-SCAN CYCLE FINISHED ---
2026-04-04 22:47:41,115 - __main__ - INFO - --- STARTING 15-MIN AUTO-SCAN CYCLE ---
2026-04-04 22:47:41,116 - data.fetcher - INFO - Using WHITELIST of 19 symbols.
2026-04-04 22:47:41,123 - __main__ - INFO - Scanning progress: 0/19 symbols checked...
2026-04-04 22:47:47,247 - __main__ - INFO - --- AUTO-SCAN CYCLE FINISHED ---
2026-04-04 23:02:47,265 - __main__ - INFO - --- STARTING 15-MIN AUTO-SCAN CYCLE ---
2026-04-04 23:02:47,270 - data.fetcher - INFO - Using WHITELIST of 19 symbols.
2026-04-04 23:02:47,274 - __main__ - INFO - Scanning progress: 0/19 symbols checked...
2026-04-04 23:02:53,458 - __main__ - INFO - --- AUTO-SCAN CYCLE FINISHED ---
2026-04-04 23:17:53,468 - __main__ - INFO - --- STARTING 15-MIN AUTO-SCAN CYCLE ---
2026-04-04 23:17:53,469 - data.fetcher - INFO - Using WHITELIST of 19 symbols.
2026-04-04 23:17:53,471 - __main__ - INFO - Scanning progress: 0/19 symbols checked...
2026-04-04 23:17:59,669 - __main__ - INFO - --- AUTO-SCAN CYCLE FINISHED ---
2026-04-04 23:32:59,695 - __main__ - INFO - --- STARTING 15-MIN AUTO-SCAN CYCLE ---
2026-04-04 23:32:59,696 - data.fetcher - INFO - Using WHITELIST of 19 symbols.
2026-04-04 23:32:59,698 - __main__ - INFO - Scanning progress: 0/19 symbols checked...
2026-04-04 23:33:05,772 - __main__ - INFO - --- AUTO-SCAN CYCLE FINISHED ---
2026-04-04 23:48:05,788 - __main__ - INFO - --- STARTING 15-MIN AUTO-SCAN CYCLE ---
2026-04-04 23:48:05,789 - data.fetcher - INFO - Using WHITELIST of 19 symbols.
2026-04-04 23:48:05,791 - __main__ - INFO - Scanning progress: 0/19 symbols checked...
2026-04-04 23:48:11,917 - __main__ - INFO - --- AUTO-SCAN CYCLE FINISHED ---
2026-04-05 00:03:11,931 - __main__ - INFO - --- STARTING 15-MIN AUTO-SCAN CYCLE ---
2026-04-05 00:03:11,931 - data.fetcher - INFO - Using WHITELIST of 19 symbols.
2026-04-05 00:03:11,933 - __main__ - INFO - Scanning progress: 0/19 symbols checked...
2026-04-05 00:03:16,606 - __main__ - INFO - SIGNAL FOUND: WLFI/USDT | Prob: 54.1% | Price: 0.0988 | Entry: 0.0989
2026-04-05 00:03:16,606 - __main__ - INFO - [MATCH] Symbol WLFI/USDT ADDED to entry queue
2026-04-05 00:03:19,291 - __main__ - INFO - --- AUTO-SCAN CYCLE FINISHED ---
2026-04-05 00:18:19,316 - __main__ - INFO - --- STARTING 15-MIN AUTO-SCAN CYCLE ---
2026-04-05 00:18:19,317 - data.fetcher - INFO - Using WHITELIST of 19 symbols.
2026-04-05 00:18:19,319 - __main__ - INFO - Scanning progress: 0/19 symbols checked...
2026-04-05 00:18:25,118 - __main__ - INFO - --- AUTO-SCAN CYCLE FINISHED ---
2026-04-05 00:33:25,120 - __main__ - INFO - --- STARTING 15-MIN AUTO-SCAN CYCLE ---
2026-04-05 00:33:25,122 - data.fetcher - INFO - Using WHITELIST of 19 symbols.
2026-04-05 00:33:25,123 - __main__ - INFO - Scanning progress: 0/19 symbols checked...
2026-04-05 00:33:30,824 - __main__ - INFO - --- AUTO-SCAN CYCLE FINISHED ---
2026-04-05 00:48:30,827 - __main__ - INFO - --- STARTING 15-MIN AUTO-SCAN CYCLE ---
2026-04-05 00:48:30,828 - data.fetcher - INFO - Using WHITELIST of 19 symbols.
2026-04-05 00:48:30,830 - __main__ - INFO - Scanning progress: 0/19 symbols checked...
2026-04-05 00:48:36,539 - __main__ - INFO - --- AUTO-SCAN CYCLE FINISHED ---
2026-04-05 01:03:36,545 - __main__ - INFO - --- STARTING 15-MIN AUTO-SCAN CYCLE ---
2026-04-05 01:03:36,546 - data.fetcher - INFO - Using WHITELIST of 19 symbols.
2026-04-05 01:03:36,549 - __main__ - INFO - Scanning progress: 0/19 symbols checked...
2026-04-05 01:03:42,367 - __main__ - INFO - --- AUTO-SCAN CYCLE FINISHED ---
2026-04-05 01:18:42,375 - __main__ - INFO - --- STARTING 15-MIN AUTO-SCAN CYCLE ---
2026-04-05 01:18:42,376 - data.fetcher - INFO - Using WHITELIST of 19 symbols.
2026-04-05 01:18:42,378 - __main__ - INFO - Scanning progress: 0/19 symbols checked...
2026-04-05 01:18:48,166 - __main__ - INFO - --- AUTO-SCAN CYCLE FINISHED ---
2026-04-05 01:33:48,175 - __main__ - INFO - --- STARTING 15-MIN AUTO-SCAN CYCLE ---
2026-04-05 01:33:48,176 - data.fetcher - INFO - Using WHITELIST of 19 symbols.
2026-04-05 01:33:48,178 - __main__ - INFO - Scanning progress: 0/19 symbols checked...
2026-04-05 01:33:53,951 - __main__ - INFO - --- AUTO-SCAN CYCLE FINISHED ---
2026-04-05 01:48:53,974 - __main__ - INFO - --- STARTING 15-MIN AUTO-SCAN CYCLE ---
2026-04-05 01:48:53,974 - data.fetcher - INFO - Using WHITELIST of 19 symbols.
2026-04-05 01:48:53,977 - __main__ - INFO - Scanning progress: 0/19 symbols checked...
2026-04-05 01:48:59,703 - __main__ - INFO - --- AUTO-SCAN CYCLE FINISHED ---
2026-04-05 02:03:59,711 - __main__ - INFO - --- STARTING 15-MIN AUTO-SCAN CYCLE ---
2026-04-05 02:03:59,712 - data.fetcher - INFO - Using WHITELIST of 19 symbols.
2026-04-05 02:03:59,714 - __main__ - INFO - Scanning progress: 0/19 symbols checked...
2026-04-05 02:04:05,658 - __main__ - INFO - --- AUTO-SCAN CYCLE FINISHED ---
2026-04-05 02:19:05,664 - __main__ - INFO - --- STARTING 15-MIN AUTO-SCAN CYCLE ---
2026-04-05 02:19:05,665 - data.fetcher - INFO - Using WHITELIST of 19 symbols.
2026-04-05 02:19:05,668 - __main__ - INFO - Scanning progress: 0/19 symbols checked...
2026-04-05 02:19:11,545 - __main__ - INFO - --- AUTO-SCAN CYCLE FINISHED ---
2026-04-05 02:34:11,576 - __main__ - INFO - --- STARTING 15-MIN AUTO-SCAN CYCLE ---
2026-04-05 02:34:11,576 - data.fetcher - INFO - Using WHITELIST of 19 symbols.
2026-04-05 02:34:11,579 - __main__ - INFO - Scanning progress: 0/19 symbols checked...
2026-04-05 02:34:17,318 - __main__ - INFO - --- AUTO-SCAN CYCLE FINISHED ---
2026-04-05 02:49:17,341 - __main__ - INFO - --- STARTING 15-MIN AUTO-SCAN CYCLE ---
2026-04-05 02:49:17,341 - data.fetcher - INFO - Using WHITELIST of 19 symbols.
2026-04-05 02:49:17,345 - __main__ - INFO - Scanning progress: 0/19 symbols checked...
2026-04-05 02:49:23,079 - __main__ - INFO - --- AUTO-SCAN CYCLE FINISHED ---
2026-04-05 03:04:23,102 - __main__ - INFO - --- STARTING 15-MIN AUTO-SCAN CYCLE ---
2026-04-05 03:04:23,108 - data.fetcher - INFO - Using WHITELIST of 19 symbols.
2026-04-05 03:04:23,111 - __main__ - INFO - Scanning progress: 0/19 symbols checked...
2026-04-05 03:04:29,305 - __main__ - INFO - --- AUTO-SCAN CYCLE FINISHED ---
2026-04-05 03:19:29,323 - __main__ - INFO - --- STARTING 15-MIN AUTO-SCAN CYCLE ---
2026-04-05 03:19:29,324 - data.fetcher - INFO - Using WHITELIST of 19 symbols.
2026-04-05 03:19:29,326 - __main__ - INFO - Scanning progress: 0/19 symbols checked...
2026-04-05 03:19:36,115 - __main__ - INFO - --- AUTO-SCAN CYCLE FINISHED ---
2026-04-05 03:34:36,150 - __main__ - INFO - --- STARTING 15-MIN AUTO-SCAN CYCLE ---
2026-04-05 03:34:36,151 - data.fetcher - INFO - Using WHITELIST of 19 symbols.
2026-04-05 03:34:36,154 - __main__ - INFO - Scanning progress: 0/19 symbols checked...
2026-04-05 03:34:41,908 - __main__ - INFO - --- AUTO-SCAN CYCLE FINISHED ---
2026-04-05 03:49:41,932 - __main__ - INFO - --- STARTING 15-MIN AUTO-SCAN CYCLE ---
2026-04-05 03:49:41,933 - data.fetcher - INFO - Using WHITELIST of 19 symbols.
2026-04-05 03:49:41,935 - __main__ - INFO - Scanning progress: 0/19 symbols checked...
2026-04-05 03:49:47,698 - __main__ - INFO - --- AUTO-SCAN CYCLE FINISHED ---
2026-04-05 04:04:47,768 - __main__ - INFO - --- STARTING 15-MIN AUTO-SCAN CYCLE ---
2026-04-05 04:04:47,794 - data.fetcher - INFO - Using WHITELIST of 19 symbols.
2026-04-05 04:04:48,056 - __main__ - INFO - Scanning progress: 0/19 symbols checked...
2026-04-05 04:04:52,974 - __main__ - INFO - SIGNAL FOUND: WLFI/USDT | Prob: 54.1% | Price: 0.0983 | Entry: 0.0989
2026-04-05 04:04:52,975 - __main__ - INFO - [MATCH] Symbol WLFI/USDT ADDED to entry queue
2026-04-05 04:04:55,594 - __main__ - INFO - --- AUTO-SCAN CYCLE FINISHED ---
2026-04-05 04:19:55,627 - __main__ - INFO - --- STARTING 15-MIN AUTO-SCAN CYCLE ---
2026-04-05 04:19:55,628 - data.fetcher - INFO - Using WHITELIST of 19 symbols.
2026-04-05 04:19:55,680 - __main__ - INFO - Scanning progress: 0/19 symbols checked...
2026-04-05 04:20:02,123 - __main__ - INFO - --- AUTO-SCAN CYCLE FINISHED ---
2026-04-05 04:35:02,164 - __main__ - INFO - --- STARTING 15-MIN AUTO-SCAN CYCLE ---
2026-04-05 04:35:02,166 - data.fetcher - INFO - Using WHITELIST of 19 symbols.
2026-04-05 04:35:02,172 - __main__ - INFO - Scanning progress: 0/19 symbols checked...
2026-04-05 04:35:08,048 - __main__ - INFO - --- AUTO-SCAN CYCLE FINISHED ---
2026-04-05 04:50:08,070 - __main__ - INFO - --- STARTING 15-MIN AUTO-SCAN CYCLE ---
2026-04-05 04:50:08,118 - data.fetcher - INFO - Using WHITELIST of 19 symbols.
2026-04-05 04:50:08,139 - __main__ - INFO - Scanning progress: 0/19 symbols checked...
2026-04-05 04:50:13,866 - __main__ - INFO - --- AUTO-SCAN CYCLE FINISHED ---
2026-04-05 05:05:13,892 - __main__ - INFO - --- STARTING 15-MIN AUTO-SCAN CYCLE ---
2026-04-05 05:05:13,894 - data.fetcher - INFO - Using WHITELIST of 19 symbols.
2026-04-05 05:05:13,897 - __main__ - INFO - Scanning progress: 0/19 symbols checked...
2026-04-05 05:05:19,756 - __main__ - INFO - --- AUTO-SCAN CYCLE FINISHED ---
2026-04-05 05:20:19,789 - __main__ - INFO - --- STARTING 15-MIN AUTO-SCAN CYCLE ---
2026-04-05 05:20:19,790 - data.fetcher - INFO - Using WHITELIST of 19 symbols.
2026-04-05 05:20:19,797 - __main__ - INFO - Scanning progress: 0/19 symbols checked...
2026-04-05 05:20:25,617 - __main__ - INFO - --- AUTO-SCAN CYCLE FINISHED ---
2026-04-05 05:35:25,635 - __main__ - INFO - --- STARTING 15-MIN AUTO-SCAN CYCLE ---
2026-04-05 05:35:25,636 - data.fetcher - INFO - Using WHITELIST of 19 symbols.
2026-04-05 05:35:25,638 - __main__ - INFO - Scanning progress: 0/19 symbols checked...
2026-04-05 05:35:31,538 - __main__ - INFO - --- AUTO-SCAN CYCLE FINISHED ---
2026-04-05 05:50:31,549 - __main__ - INFO - --- STARTING 15-MIN AUTO-SCAN CYCLE ---
2026-04-05 05:50:31,549 - data.fetcher - INFO - Using WHITELIST of 19 symbols.
2026-04-05 05:50:31,551 - __main__ - INFO - Scanning progress: 0/19 symbols checked...
2026-04-05 05:50:37,301 - __main__ - INFO - --- AUTO-SCAN CYCLE FINISHED ---
2026-04-05 06:05:37,320 - __main__ - INFO - --- STARTING 15-MIN AUTO-SCAN CYCLE ---
2026-04-05 06:05:37,321 - data.fetcher - INFO - Using WHITELIST of 19 symbols.
2026-04-05 06:05:37,323 - __main__ - INFO - Scanning progress: 0/19 symbols checked...
2026-04-05 06:05:43,003 - __main__ - INFO - --- AUTO-SCAN CYCLE FINISHED ---
2026-04-05 06:20:43,028 - __main__ - INFO - --- STARTING 15-MIN AUTO-SCAN CYCLE ---
2026-04-05 06:20:43,029 - data.fetcher - INFO - Using WHITELIST of 19 symbols.
2026-04-05 06:20:43,036 - __main__ - INFO - Scanning progress: 0/19 symbols checked...
2026-04-05 06:20:48,740 - __main__ - INFO - --- AUTO-SCAN CYCLE FINISHED ---
2026-04-05 06:35:48,751 - __main__ - INFO - --- STARTING 15-MIN AUTO-SCAN CYCLE ---
2026-04-05 06:35:48,752 - data.fetcher - INFO - Using WHITELIST of 19 symbols.
2026-04-05 06:35:48,754 - __main__ - INFO - Scanning progress: 0/19 symbols checked...
2026-04-05 06:35:54,511 - __main__ - INFO - --- AUTO-SCAN CYCLE FINISHED ---
2026-04-05 06:50:54,523 - __main__ - INFO - --- STARTING 15-MIN AUTO-SCAN CYCLE ---
2026-04-05 06:50:54,524 - data.fetcher - INFO - Using WHITELIST of 19 symbols.
2026-04-05 06:50:54,526 - __main__ - INFO - Scanning progress: 0/19 symbols checked...
2026-04-05 06:51:01,289 - __main__ - INFO - --- AUTO-SCAN CYCLE FINISHED ---
2026-04-05 07:06:01,308 - __main__ - INFO - --- STARTING 15-MIN AUTO-SCAN CYCLE ---
2026-04-05 07:06:01,309 - data.fetcher - INFO - Using WHITELIST of 19 symbols.
2026-04-05 07:06:01,311 - __main__ - INFO - Scanning progress: 0/19 symbols checked...
2026-04-05 07:06:07,391 - __main__ - INFO - --- AUTO-SCAN CYCLE FINISHED ---
2026-04-05 07:21:07,398 - __main__ - INFO - --- STARTING 15-MIN AUTO-SCAN CYCLE ---
2026-04-05 07:21:07,399 - data.fetcher - INFO - Using WHITELIST of 19 symbols.
2026-04-05 07:21:07,401 - __main__ - INFO - Scanning progress: 0/19 symbols checked...
2026-04-05 07:21:13,186 - __main__ - INFO - --- AUTO-SCAN CYCLE FINISHED ---
2026-04-05 07:36:13,204 - __main__ - INFO - --- STARTING 15-MIN AUTO-SCAN CYCLE ---
2026-04-05 07:36:13,205 - data.fetcher - INFO - Using WHITELIST of 19 symbols.
2026-04-05 07:36:13,207 - __main__ - INFO - Scanning progress: 0/19 symbols checked...
2026-04-05 07:36:18,959 - __main__ - INFO - --- AUTO-SCAN CYCLE FINISHED ---
2026-04-05 07:51:18,958 - __main__ - INFO - --- STARTING 15-MIN AUTO-SCAN CYCLE ---
2026-04-05 07:51:18,959 - data.fetcher - INFO - Using WHITELIST of 19 symbols.
2026-04-05 07:51:18,962 - __main__ - INFO - Scanning progress: 0/19 symbols checked...
2026-04-05 07:51:24,795 - __main__ - INFO - --- AUTO-SCAN CYCLE FINISHED ---
2026-04-05 08:06:24,814 - __main__ - INFO - --- STARTING 15-MIN AUTO-SCAN CYCLE ---
2026-04-05 08:06:24,815 - data.fetcher - INFO - Using WHITELIST of 19 symbols.
2026-04-05 08:06:24,817 - __main__ - INFO - Scanning progress: 0/19 symbols checked...
2026-04-05 08:06:29,430 - __main__ - INFO - SIGNAL FOUND: WLFI/USDT | Prob: 54.1% | Price: 0.0976 | Entry: 0.0989
2026-04-05 08:06:29,430 - __main__ - INFO - [MATCH] Symbol WLFI/USDT ADDED to entry queue
2026-04-05 08:06:32,054 - __main__ - INFO - --- AUTO-SCAN CYCLE FINISHED ---
2026-04-05 08:21:32,066 - __main__ - INFO - --- STARTING 15-MIN AUTO-SCAN CYCLE ---
2026-04-05 08:21:32,067 - data.fetcher - INFO - Using WHITELIST of 19 symbols.
2026-04-05 08:21:32,105 - __main__ - INFO - Scanning progress: 0/19 symbols checked...
2026-04-05 08:21:39,127 - __main__ - INFO - --- AUTO-SCAN CYCLE FINISHED ---
2026-04-05 08:36:39,142 - __main__ - INFO - --- STARTING 15-MIN AUTO-SCAN CYCLE ---
2026-04-05 08:36:39,143 - data.fetcher - INFO - Using WHITELIST of 19 symbols.
2026-04-05 08:36:39,151 - __main__ - INFO - Scanning progress: 0/19 symbols checked...
2026-04-05 08:36:45,005 - __main__ - INFO - --- AUTO-SCAN CYCLE FINISHED ---
2026-04-05 08:51:45,014 - __main__ - INFO - --- STARTING 15-MIN AUTO-SCAN CYCLE ---
2026-04-05 08:51:45,015 - data.fetcher - INFO - Using WHITELIST of 19 symbols.
2026-04-05 08:51:45,018 - __main__ - INFO - Scanning progress: 0/19 symbols checked...
2026-04-05 08:51:50,747 - __main__ - INFO - --- AUTO-SCAN CYCLE FINISHED ---
2026-04-05 09:06:50,765 - __main__ - INFO - --- STARTING 15-MIN AUTO-SCAN CYCLE ---
2026-04-05 09:06:50,766 - data.fetcher - INFO - Using WHITELIST of 19 symbols.
2026-04-05 09:06:50,768 - __main__ - INFO - Scanning progress: 0/19 symbols checked...
2026-04-05 09:06:57,663 - __main__ - INFO - --- AUTO-SCAN CYCLE FINISHED ---
2026-04-05 09:21:57,691 - __main__ - INFO - --- STARTING 15-MIN AUTO-SCAN CYCLE ---
2026-04-05 09:21:57,693 - data.fetcher - INFO - Using WHITELIST of 19 symbols.
2026-04-05 09:21:57,695 - __main__ - INFO - Scanning progress: 0/19 symbols checked...
2026-04-05 09:22:05,097 - __main__ - INFO - --- AUTO-SCAN CYCLE FINISHED ---
2026-04-05 09:37:05,107 - __main__ - INFO - --- STARTING 15-MIN AUTO-SCAN CYCLE ---
2026-04-05 09:37:05,109 - data.fetcher - INFO - Using WHITELIST of 19 symbols.
2026-04-05 09:37:05,111 - __main__ - INFO - Scanning progress: 0/19 symbols checked...
2026-04-05 09:37:10,913 - __main__ - INFO - --- AUTO-SCAN CYCLE FINISHED ---
2026-04-05 09:52:10,936 - __main__ - INFO - --- STARTING 15-MIN AUTO-SCAN CYCLE ---
2026-04-05 09:52:10,937 - data.fetcher - INFO - Using WHITELIST of 19 symbols.
2026-04-05 09:52:10,939 - __main__ - INFO - Scanning progress: 0/19 symbols checked...
2026-04-05 09:52:16,699 - __main__ - INFO - --- AUTO-SCAN CYCLE FINISHED ---
2026-04-05 10:07:16,711 - __main__ - INFO - --- STARTING 15-MIN AUTO-SCAN CYCLE ---
2026-04-05 10:07:16,711 - data.fetcher - INFO - Using WHITELIST of 19 symbols.
2026-04-05 10:07:16,714 - __main__ - INFO - Scanning progress: 0/19 symbols checked...
2026-04-05 10:07:22,499 - __main__ - INFO - --- AUTO-SCAN CYCLE FINISHED ---
2026-04-05 10:22:22,511 - __main__ - INFO - --- STARTING 15-MIN AUTO-SCAN CYCLE ---
2026-04-05 10:22:22,512 - data.fetcher - INFO - Using WHITELIST of 19 symbols.
2026-04-05 10:22:22,514 - __main__ - INFO - Scanning progress: 0/19 symbols checked...
2026-04-05 10:22:28,241 - __main__ - INFO - --- AUTO-SCAN CYCLE FINISHED ---
2026-04-05 10:37:28,250 - __main__ - INFO - --- STARTING 15-MIN AUTO-SCAN CYCLE ---
2026-04-05 10:37:28,251 - data.fetcher - INFO - Using WHITELIST of 19 symbols.
2026-04-05 10:37:28,255 - __main__ - INFO - Scanning progress: 0/19 symbols checked...
2026-04-05 10:37:34,142 - __main__ - INFO - --- AUTO-SCAN CYCLE FINISHED ---
2026-04-05 10:52:34,165 - __main__ - INFO - --- STARTING 15-MIN AUTO-SCAN CYCLE ---
2026-04-05 10:52:34,198 - data.fetcher - INFO - Using WHITELIST of 19 symbols.
2026-04-05 10:52:34,240 - __main__ - INFO - Scanning progress: 0/19 symbols checked...
2026-04-05 10:52:42,994 - __main__ - INFO - --- AUTO-SCAN CYCLE FINISHED ---
2026-04-05 11:07:43,016 - __main__ - INFO - --- STARTING 15-MIN AUTO-SCAN CYCLE ---
2026-04-05 11:07:43,024 - data.fetcher - INFO - Using WHITELIST of 19 symbols.
2026-04-05 11:07:43,028 - __main__ - INFO - Scanning progress: 0/19 symbols checked...
2026-04-05 11:07:48,924 - __main__ - INFO - --- AUTO-SCAN CYCLE FINISHED ---
2026-04-05 11:22:48,934 - __main__ - INFO - --- STARTING 15-MIN AUTO-SCAN CYCLE ---
2026-04-05 11:22:48,935 - data.fetcher - INFO - Using WHITELIST of 19 symbols.
2026-04-05 11:22:48,942 - __main__ - INFO - Scanning progress: 0/19 symbols checked...
2026-04-05 11:22:54,688 - __main__ - INFO - --- AUTO-SCAN CYCLE FINISHED ---
2026-04-05 11:37:54,691 - __main__ - INFO - --- STARTING 15-MIN AUTO-SCAN CYCLE ---
2026-04-05 11:37:54,698 - data.fetcher - INFO - Using WHITELIST of 19 symbols.
2026-04-05 11:37:54,703 - __main__ - INFO - Scanning progress: 0/19 symbols checked...
2026-04-05 11:38:02,766 - __main__ - INFO - --- AUTO-SCAN CYCLE FINISHED ---
2026-04-05 11:53:02,792 - __main__ - INFO - --- STARTING 15-MIN AUTO-SCAN CYCLE ---
2026-04-05 11:53:02,793 - data.fetcher - INFO - Using WHITELIST of 19 symbols.
2026-04-05 11:53:02,795 - __main__ - INFO - Scanning progress: 0/19 symbols checked...
2026-04-05 11:53:08,634 - __main__ - INFO - --- AUTO-SCAN CYCLE FINISHED ---
2026-04-05 12:08:08,659 - __main__ - INFO - --- STARTING 15-MIN AUTO-SCAN CYCLE ---
2026-04-05 12:08:08,659 - data.fetcher - INFO - Using WHITELIST of 19 symbols.
2026-04-05 12:08:08,663 - __main__ - INFO - Scanning progress: 0/19 symbols checked...
2026-04-05 12:08:14,735 - __main__ - INFO - --- AUTO-SCAN CYCLE FINISHED ---
2026-04-05 12:23:14,758 - __main__ - INFO - --- STARTING 15-MIN AUTO-SCAN CYCLE ---
2026-04-05 12:23:14,759 - data.fetcher - INFO - Using WHITELIST of 19 symbols.
2026-04-05 12:23:14,767 - __main__ - INFO - Scanning progress: 0/19 symbols checked...
2026-04-05 12:23:20,869 - __main__ - INFO - --- AUTO-SCAN CYCLE FINISHED ---
2026-04-05 12:38:20,899 - __main__ - INFO - --- STARTING 15-MIN AUTO-SCAN CYCLE ---
2026-04-05 12:38:20,900 - data.fetcher - INFO - Using WHITELIST of 19 symbols.
2026-04-05 12:38:20,902 - __main__ - INFO - Scanning progress: 0/19 symbols checked...
2026-04-05 12:38:27,072 - __main__ - INFO - --- AUTO-SCAN CYCLE FINISHED ---
2026-04-05 12:53:27,103 - __main__ - INFO - --- STARTING 15-MIN AUTO-SCAN CYCLE ---
2026-04-05 12:53:27,104 - data.fetcher - INFO - Using WHITELIST of 19 symbols.
2026-04-05 12:53:27,107 - __main__ - INFO - Scanning progress: 0/19 symbols checked...
2026-04-05 12:53:33,298 - __main__ - INFO - --- AUTO-SCAN CYCLE FINISHED ---
2026-04-05 13:08:33,333 - __main__ - INFO - --- STARTING 15-MIN AUTO-SCAN CYCLE ---
2026-04-05 13:08:33,347 - data.fetcher - INFO - Using WHITELIST of 19 symbols.
2026-04-05 13:08:33,370 - __main__ - INFO - Scanning progress: 0/19 symbols checked...
2026-04-05 13:08:39,490 - __main__ - INFO - --- AUTO-SCAN CYCLE FINISHED ---
2026-04-05 13:23:39,510 - __main__ - INFO - --- STARTING 15-MIN AUTO-SCAN CYCLE ---
2026-04-05 13:23:39,515 - data.fetcher - INFO - Using WHITELIST of 19 symbols.
2026-04-05 13:23:39,519 - __main__ - INFO - Scanning progress: 0/19 symbols checked...
2026-04-05 13:23:45,649 - __main__ - INFO - --- AUTO-SCAN CYCLE FINISHED ---
2026-04-05 13:38:45,677 - __main__ - INFO - --- STARTING 15-MIN AUTO-SCAN CYCLE ---
2026-04-05 13:38:45,678 - data.fetcher - INFO - Using WHITELIST of 19 symbols.
2026-04-05 13:38:45,680 - __main__ - INFO - Scanning progress: 0/19 symbols checked...
2026-04-05 13:38:51,791 - __main__ - INFO - --- AUTO-SCAN CYCLE FINISHED ---
2026-04-05 13:53:51,809 - __main__ - INFO - --- STARTING 15-MIN AUTO-SCAN CYCLE ---
2026-04-05 13:53:51,810 - data.fetcher - INFO - Using WHITELIST of 19 symbols.
2026-04-05 13:53:51,812 - __main__ - INFO - Scanning progress: 0/19 symbols checked...
2026-04-05 13:53:57,916 - __main__ - INFO - --- AUTO-SCAN CYCLE FINISHED ---
2026-04-05 14:08:57,940 - __main__ - INFO - --- STARTING 15-MIN AUTO-SCAN CYCLE ---
2026-04-05 14:08:57,941 - data.fetcher - INFO - Using WHITELIST of 19 symbols.
2026-04-05 14:08:57,943 - __main__ - INFO - Scanning progress: 0/19 symbols checked...
2026-04-05 14:09:04,038 - __main__ - INFO - --- AUTO-SCAN CYCLE FINISHED ---
2026-04-05 14:24:04,059 - __main__ - INFO - --- STARTING 15-MIN AUTO-SCAN CYCLE ---
2026-04-05 14:24:04,059 - data.fetcher - INFO - Using WHITELIST of 19 symbols.
2026-04-05 14:24:04,061 - __main__ - INFO - Scanning progress: 0/19 symbols checked...
2026-04-05 14:24:10,127 - __main__ - INFO - --- AUTO-SCAN CYCLE FINISHED ---
2026-04-05 14:39:10,148 - __main__ - INFO - --- STARTING 15-MIN AUTO-SCAN CYCLE ---
2026-04-05 14:39:10,149 - data.fetcher - INFO - Using WHITELIST of 19 symbols.
2026-04-05 14:39:10,156 - __main__ - INFO - Scanning progress: 0/19 symbols checked...
2026-04-05 14:39:16,483 - __main__ - INFO - --- AUTO-SCAN CYCLE FINISHED ---
2026-04-05 14:54:16,499 - __main__ - INFO - --- STARTING 15-MIN AUTO-SCAN CYCLE ---
2026-04-05 14:54:16,511 - data.fetcher - INFO - Using WHITELIST of 19 symbols.
2026-04-05 14:54:16,527 - __main__ - INFO - Scanning progress: 0/19 symbols checked...
2026-04-05 14:54:23,098 - __main__ - INFO - --- AUTO-SCAN CYCLE FINISHED ---
2026-04-05 15:09:23,109 - __main__ - INFO - --- STARTING 15-MIN AUTO-SCAN CYCLE ---
2026-04-05 15:09:23,115 - data.fetcher - INFO - Using WHITELIST of 19 symbols.
2026-04-05 15:09:23,117 - __main__ - INFO - Scanning progress: 0/19 symbols checked...
2026-04-05 15:09:29,237 - __main__ - INFO - --- AUTO-SCAN CYCLE FINISHED ---
2026-04-05 15:24:29,259 - __main__ - INFO - --- STARTING 15-MIN AUTO-SCAN CYCLE ---
2026-04-05 15:24:29,260 - data.fetcher - INFO - Using WHITELIST of 19 symbols.
2026-04-05 15:24:29,262 - __main__ - INFO - Scanning progress: 0/19 symbols checked...
2026-04-05 15:24:35,409 - __main__ - INFO - --- AUTO-SCAN CYCLE FINISHED ---
2026-04-05 15:39:35,429 - __main__ - INFO - --- STARTING 15-MIN AUTO-SCAN CYCLE ---
2026-04-05 15:39:35,430 - data.fetcher - INFO - Using WHITELIST of 19 symbols.
2026-04-05 15:39:35,434 - __main__ - INFO - Scanning progress: 0/19 symbols checked...
2026-04-05 15:39:41,979 - __main__ - INFO - --- AUTO-SCAN CYCLE FINISHED ---
2026-04-05 15:54:41,994 - __main__ - INFO - --- STARTING 15-MIN AUTO-SCAN CYCLE ---
2026-04-05 15:54:41,995 - data.fetcher - INFO - Using WHITELIST of 19 symbols.
2026-04-05 15:54:41,997 - __main__ - INFO - Scanning progress: 0/19 symbols checked...
2026-04-05 15:54:48,228 - __main__ - INFO - --- AUTO-SCAN CYCLE FINISHED ---
2026-04-05 16:09:48,264 - __main__ - INFO - --- STARTING 15-MIN AUTO-SCAN CYCLE ---
2026-04-05 16:09:48,282 - data.fetcher - INFO - Using WHITELIST of 19 symbols.
2026-04-05 16:09:48,293 - __main__ - INFO - Scanning progress: 0/19 symbols checked...
2026-04-05 16:09:54,547 - __main__ - INFO - --- AUTO-SCAN CYCLE FINISHED ---
2026-04-05 16:24:54,576 - __main__ - INFO - --- STARTING 15-MIN AUTO-SCAN CYCLE ---
2026-04-05 16:24:54,578 - data.fetcher - INFO - Using WHITELIST of 19 symbols.
2026-04-05 16:24:54,586 - __main__ - INFO - Scanning progress: 0/19 symbols checked...
2026-04-05 16:25:00,767 - __main__ - INFO - --- AUTO-SCAN CYCLE FINISHED ---
2026-04-05 16:40:00,792 - __main__ - INFO - --- STARTING 15-MIN AUTO-SCAN CYCLE ---
2026-04-05 16:40:00,794 - data.fetcher - INFO - Using WHITELIST of 19 symbols.
2026-04-05 16:40:00,796 - __main__ - INFO - Scanning progress: 0/19 symbols checked...
2026-04-05 16:40:07,790 - __main__ - INFO - --- AUTO-SCAN CYCLE FINISHED ---
2026-04-05 16:55:07,812 - __main__ - INFO - --- STARTING 15-MIN AUTO-SCAN CYCLE ---
2026-04-05 16:55:07,813 - data.fetcher - INFO - Using WHITELIST of 19 symbols.
2026-04-05 16:55:07,816 - __main__ - INFO - Scanning progress: 0/19 symbols checked...
2026-04-05 16:55:13,944 - __main__ - INFO - --- AUTO-SCAN CYCLE FINISHED ---
2026-04-05 17:10:13,954 - __main__ - INFO - --- STARTING 15-MIN AUTO-SCAN CYCLE ---
2026-04-05 17:10:13,979 - data.fetcher - INFO - Using WHITELIST of 19 symbols.
2026-04-05 17:10:13,998 - __main__ - INFO - Scanning progress: 0/19 symbols checked...
2026-04-05 17:10:20,624 - __main__ - INFO - --- AUTO-SCAN CYCLE FINISHED ---
2026-04-05 17:25:20,643 - __main__ - INFO - --- STARTING 15-MIN AUTO-SCAN CYCLE ---
2026-04-05 17:25:20,644 - data.fetcher - INFO - Using WHITELIST of 19 symbols.
2026-04-05 17:25:20,646 - __main__ - INFO - Scanning progress: 0/19 symbols checked...
2026-04-05 17:25:27,246 - __main__ - INFO - --- AUTO-SCAN CYCLE FINISHED ---
2026-04-05 17:40:27,269 - __main__ - INFO - --- STARTING 15-MIN AUTO-SCAN CYCLE ---
2026-04-05 17:40:27,269 - data.fetcher - INFO - Using WHITELIST of 19 symbols.
2026-04-05 17:40:27,271 - __main__ - INFO - Scanning progress: 0/19 symbols checked...
2026-04-05 17:40:34,368 - __main__ - INFO - --- AUTO-SCAN CYCLE FINISHED ---
2026-04-05 17:55:34,380 - __main__ - INFO - --- STARTING 15-MIN AUTO-SCAN CYCLE ---
2026-04-05 17:55:34,381 - data.fetcher - INFO - Using WHITELIST of 19 symbols.
2026-04-05 17:55:34,383 - __main__ - INFO - Scanning progress: 0/19 symbols checked...
2026-04-05 17:55:40,993 - __main__ - INFO - --- AUTO-SCAN CYCLE FINISHED ---
2026-04-05 18:10:41,001 - __main__ - INFO - --- STARTING 15-MIN AUTO-SCAN CYCLE ---
2026-04-05 18:10:41,002 - data.fetcher - INFO - Using WHITELIST of 19 symbols.
2026-04-05 18:10:41,004 - __main__ - INFO - Scanning progress: 0/19 symbols checked...
2026-04-05 18:10:48,210 - __main__ - INFO - --- AUTO-SCAN CYCLE FINISHED ---
2026-04-05 18:25:48,224 - __main__ - INFO - --- STARTING 15-MIN AUTO-SCAN CYCLE ---
2026-04-05 18:25:48,225 - data.fetcher - INFO - Using WHITELIST of 19 symbols.
2026-04-05 18:25:48,228 - __main__ - INFO - Scanning progress: 0/19 symbols checked...
2026-04-05 18:25:54,478 - __main__ - INFO - --- AUTO-SCAN CYCLE FINISHED ---
2026-04-05 18:40:54,498 - __main__ - INFO - --- STARTING 15-MIN AUTO-SCAN CYCLE ---
2026-04-05 18:40:54,498 - data.fetcher - INFO - Using WHITELIST of 19 symbols.
2026-04-05 18:40:54,501 - __main__ - INFO - Scanning progress: 0/19 symbols checked...
2026-04-05 18:41:00,630 - __main__ - INFO - --- AUTO-SCAN CYCLE FINISHED ---
2026-04-05 18:56:00,646 - __main__ - INFO - --- STARTING 15-MIN AUTO-SCAN CYCLE ---
2026-04-05 18:56:00,647 - data.fetcher - INFO - Using WHITELIST of 19 symbols.
2026-04-05 18:56:00,654 - __main__ - INFO - Scanning progress: 0/19 symbols checked...
2026-04-05 18:56:06,823 - __main__ - INFO - --- AUTO-SCAN CYCLE FINISHED ---
2026-04-05 19:11:06,839 - __main__ - INFO - --- STARTING 15-MIN AUTO-SCAN CYCLE ---
2026-04-05 19:11:06,840 - data.fetcher - INFO - Using WHITELIST of 19 symbols.
2026-04-05 19:11:06,846 - __main__ - INFO - Scanning progress: 0/19 symbols checked...
2026-04-05 19:11:12,907 - __main__ - INFO - --- AUTO-SCAN CYCLE FINISHED ---
2026-04-05 19:26:12,932 - __main__ - INFO - --- STARTING 15-MIN AUTO-SCAN CYCLE ---
2026-04-05 19:26:12,934 - data.fetcher - INFO - Using WHITELIST of 19 symbols.
2026-04-05 19:26:12,936 - __main__ - INFO - Scanning progress: 0/19 symbols checked...
2026-04-05 19:26:19,789 - __main__ - INFO - --- AUTO-SCAN CYCLE FINISHED ---
2026-04-05 19:41:19,808 - __main__ - INFO - --- STARTING 15-MIN AUTO-SCAN CYCLE ---
2026-04-05 19:41:19,809 - data.fetcher - INFO - Using WHITELIST of 19 symbols.
2026-04-05 19:41:19,811 - __main__ - INFO - Scanning progress: 0/19 symbols checked...
2026-04-05 19:41:27,201 - __main__ - INFO - --- AUTO-SCAN CYCLE FINISHED ---
2026-04-05 19:56:27,220 - __main__ - INFO - --- STARTING 15-MIN AUTO-SCAN CYCLE ---
2026-04-05 19:56:27,221 - data.fetcher - INFO - Using WHITELIST of 19 symbols.
2026-04-05 19:56:27,223 - __main__ - INFO - Scanning progress: 0/19 symbols checked...
2026-04-05 19:56:34,871 - __main__ - INFO - --- AUTO-SCAN CYCLE FINISHED ---
2026-04-05 20:11:34,886 - __main__ - INFO - --- STARTING 15-MIN AUTO-SCAN CYCLE ---
2026-04-05 20:11:34,887 - data.fetcher - INFO - Using WHITELIST of 19 symbols.
2026-04-05 20:11:34,890 - __main__ - INFO - Scanning progress: 0/19 symbols checked...
2026-04-05 20:11:41,074 - __main__ - INFO - --- AUTO-SCAN CYCLE FINISHED ---
2026-04-05 20:26:41,095 - __main__ - INFO - --- STARTING 15-MIN AUTO-SCAN CYCLE ---
2026-04-05 20:26:41,096 - data.fetcher - INFO - Using WHITELIST of 19 symbols.
2026-04-05 20:26:41,103 - __main__ - INFO - Scanning progress: 0/19 symbols checked...
2026-04-05 20:26:47,238 - __main__ - INFO - --- AUTO-SCAN CYCLE FINISHED ---
2026-04-05 20:41:47,258 - __main__ - INFO - --- STARTING 15-MIN AUTO-SCAN CYCLE ---
2026-04-05 20:41:47,259 - data.fetcher - INFO - Using WHITELIST of 19 symbols.
2026-04-05 20:41:47,261 - __main__ - INFO - Scanning progress: 0/19 symbols checked...
2026-04-05 20:41:53,359 - __main__ - INFO - --- AUTO-SCAN CYCLE FINISHED ---
2026-04-05 20:56:53,376 - __main__ - INFO - --- STARTING 15-MIN AUTO-SCAN CYCLE ---
2026-04-05 20:56:53,378 - data.fetcher - INFO - Using WHITELIST of 19 symbols.
2026-04-05 20:56:53,380 - __main__ - INFO - Scanning progress: 0/19 symbols checked...
2026-04-05 20:56:59,878 - __main__ - INFO - --- AUTO-SCAN CYCLE FINISHED ---
2026-04-05 21:11:59,908 - __main__ - INFO - --- STARTING 15-MIN AUTO-SCAN CYCLE ---
2026-04-05 21:11:59,909 - data.fetcher - INFO - Using WHITELIST of 19 symbols.
2026-04-05 21:11:59,913 - __main__ - INFO - Scanning progress: 0/19 symbols checked...
2026-04-05 21:12:06,624 - __main__ - INFO - --- AUTO-SCAN CYCLE FINISHED ---
2026-04-05 21:27:06,642 - __main__ - INFO - --- STARTING 15-MIN AUTO-SCAN CYCLE ---
2026-04-05 21:27:06,643 - data.fetcher - INFO - Using WHITELIST of 19 symbols.
2026-04-05 21:27:06,646 - __main__ - INFO - Scanning progress: 0/19 symbols checked...
2026-04-05 21:27:12,650 - __main__ - INFO - --- AUTO-SCAN CYCLE FINISHED ---
2026-04-05 21:42:12,670 - __main__ - INFO - --- STARTING 15-MIN AUTO-SCAN CYCLE ---
2026-04-05 21:42:12,671 - data.fetcher - INFO - Using WHITELIST of 19 symbols.
2026-04-05 21:42:12,673 - __main__ - INFO - Scanning progress: 0/19 symbols checked...
2026-04-05 21:42:18,771 - __main__ - INFO - --- AUTO-SCAN CYCLE FINISHED ---
2026-04-05 21:57:18,791 - __main__ - INFO - --- STARTING 15-MIN AUTO-SCAN CYCLE ---
2026-04-05 21:57:18,792 - data.fetcher - INFO - Using WHITELIST of 19 symbols.
2026-04-05 21:57:18,794 - __main__ - INFO - Scanning progress: 0/19 symbols checked...
2026-04-05 21:57:24,987 - __main__ - INFO - --- AUTO-SCAN CYCLE FINISHED ---
2026-04-05 22:12:25,022 - __main__ - INFO - --- STARTING 15-MIN AUTO-SCAN CYCLE ---
2026-04-05 22:12:25,023 - data.fetcher - INFO - Using WHITELIST of 19 symbols.
2026-04-05 22:12:25,025 - __main__ - INFO - Scanning progress: 0/19 symbols checked...
2026-04-05 22:12:31,613 - __main__ - INFO - --- AUTO-SCAN CYCLE FINISHED ---
2026-04-05 22:27:31,627 - __main__ - INFO - --- STARTING 15-MIN AUTO-SCAN CYCLE ---
2026-04-05 22:27:31,628 - data.fetcher - INFO - Using WHITELIST of 19 symbols.
2026-04-05 22:27:31,630 - __main__ - INFO - Scanning progress: 0/19 symbols checked...
2026-04-05 22:27:37,820 - __main__ - INFO - --- AUTO-SCAN CYCLE FINISHED ---
2026-04-05 22:42:37,836 - __main__ - INFO - --- STARTING 15-MIN AUTO-SCAN CYCLE ---
2026-04-05 22:42:37,837 - data.fetcher - INFO - Using WHITELIST of 19 symbols.
2026-04-05 22:42:37,839 - __main__ - INFO - Scanning progress: 0/19 symbols checked...
2026-04-05 22:42:44,020 - __main__ - INFO - --- AUTO-SCAN CYCLE FINISHED ---
2026-04-05 22:57:44,044 - __main__ - INFO - --- STARTING 15-MIN AUTO-SCAN CYCLE ---
2026-04-05 22:57:44,045 - data.fetcher - INFO - Using WHITELIST of 19 symbols.
2026-04-05 22:57:44,048 - __main__ - INFO - Scanning progress: 0/19 symbols checked...
2026-04-05 22:57:50,143 - __main__ - INFO - --- AUTO-SCAN CYCLE FINISHED ---
2026-04-05 23:12:50,165 - __main__ - INFO - --- STARTING 15-MIN AUTO-SCAN CYCLE ---
2026-04-05 23:12:50,167 - data.fetcher - INFO - Using WHITELIST of 19 symbols.
2026-04-05 23:12:50,169 - __main__ - INFO - Scanning progress: 0/19 symbols checked...
2026-04-05 23:12:56,316 - __main__ - INFO - --- AUTO-SCAN CYCLE FINISHED ---
2026-04-05 23:27:56,331 - __main__ - INFO - --- STARTING 15-MIN AUTO-SCAN CYCLE ---
2026-04-05 23:27:56,332 - data.fetcher - INFO - Using WHITELIST of 19 symbols.
2026-04-05 23:27:56,334 - __main__ - INFO - Scanning progress: 0/19 symbols checked...
2026-04-05 23:28:04,626 - __main__ - INFO - --- AUTO-SCAN CYCLE FINISHED ---
2026-04-05 23:43:04,632 - __main__ - INFO - --- STARTING 15-MIN AUTO-SCAN CYCLE ---
2026-04-05 23:43:04,633 - data.fetcher - INFO - Using WHITELIST of 19 symbols.
2026-04-05 23:43:04,635 - __main__ - INFO - Scanning progress: 0/19 symbols checked...
2026-04-05 23:43:10,747 - __main__ - INFO - --- AUTO-SCAN CYCLE FINISHED ---
2026-04-05 23:58:10,771 - __main__ - INFO - --- STARTING 15-MIN AUTO-SCAN CYCLE ---
2026-04-05 23:58:10,772 - data.fetcher - INFO - Using WHITELIST of 19 symbols.
2026-04-05 23:58:10,775 - __main__ - INFO - Scanning progress: 0/19 symbols checked...
2026-04-05 23:58:16,927 - __main__ - INFO - --- AUTO-SCAN CYCLE FINISHED ---
2026-04-06 00:13:16,950 - __main__ - INFO - --- STARTING 15-MIN AUTO-SCAN CYCLE ---
2026-04-06 00:13:16,951 - data.fetcher - INFO - Using WHITELIST of 19 symbols.
2026-04-06 00:13:16,953 - __main__ - INFO - Scanning progress: 0/19 symbols checked...
2026-04-06 00:13:19,460 - __main__ - INFO - SIGNAL FOUND: LAYER/USDT | Prob: 50.1% | Price: 0.078 | Entry: 0.0781
2026-04-06 00:13:19,461 - __main__ - INFO - [LOW_PROB] Symbol LAYER/USDT rejected: Prob 50.1% < 52%
2026-04-06 00:13:23,441 - __main__ - INFO - --- AUTO-SCAN CYCLE FINISHED ---
2026-04-06 00:28:23,458 - __main__ - INFO - --- STARTING 15-MIN AUTO-SCAN CYCLE ---
2026-04-06 00:28:23,459 - data.fetcher - INFO - Using WHITELIST of 19 symbols.
2026-04-06 00:28:23,462 - __main__ - INFO - Scanning progress: 0/19 symbols checked...
2026-04-06 00:28:25,942 - __main__ - INFO - SIGNAL FOUND: LAYER/USDT | Prob: 50.1% | Price: 0.078 | Entry: 0.0781
2026-04-06 00:28:25,944 - __main__ - INFO - [LOW_PROB] Symbol LAYER/USDT rejected: Prob 50.1% < 52%
2026-04-06 00:28:29,935 - __main__ - INFO - --- AUTO-SCAN CYCLE FINISHED ---
2026-04-06 00:43:29,958 - __main__ - INFO - --- STARTING 15-MIN AUTO-SCAN CYCLE ---
2026-04-06 00:43:29,959 - data.fetcher - INFO - Using WHITELIST of 19 symbols.
2026-04-06 00:43:29,961 - __main__ - INFO - Scanning progress: 0/19 symbols checked...
2026-04-06 00:43:32,419 - __main__ - INFO - SIGNAL FOUND: LAYER/USDT | Prob: 50.1% | Price: 0.0782 | Entry: 0.0781
2026-04-06 00:43:32,419 - __main__ - INFO - [LOW_PROB] Symbol LAYER/USDT rejected: Prob 50.1% < 52%
2026-04-06 00:43:36,355 - __main__ - INFO - --- AUTO-SCAN CYCLE FINISHED ---
2026-04-06 00:58:36,363 - __main__ - INFO - --- STARTING 15-MIN AUTO-SCAN CYCLE ---
2026-04-06 00:58:36,363 - data.fetcher - INFO - Using WHITELIST of 19 symbols.
2026-04-06 00:58:36,365 - __main__ - INFO - Scanning progress: 0/19 symbols checked...
2026-04-06 00:58:38,827 - __main__ - INFO - SIGNAL FOUND: LAYER/USDT | Prob: 50.1% | Price: 0.0785 | Entry: 0.0781
2026-04-06 00:58:38,827 - __main__ - INFO - [LOW_PROB] Symbol LAYER/USDT rejected: Prob 50.1% < 52%
2026-04-06 00:58:42,820 - __main__ - INFO - --- AUTO-SCAN CYCLE FINISHED ---
2026-04-06 01:13:42,839 - __main__ - INFO - --- STARTING 15-MIN AUTO-SCAN CYCLE ---
2026-04-06 01:13:42,840 - data.fetcher - INFO - Using WHITELIST of 19 symbols.
2026-04-06 01:13:42,842 - __main__ - INFO - Scanning progress: 0/19 symbols checked...
2026-04-06 01:13:43,554 - __main__ - INFO - SIGNAL FOUND: ADA/USDT | Prob: 38.4% | Price: 0.2469 | Entry: 0.2464
2026-04-06 01:13:43,555 - __main__ - INFO - [LOW_PROB] Symbol ADA/USDT rejected: Prob 38.4% < 52%
2026-04-06 01:13:45,534 - __main__ - INFO - SIGNAL FOUND: LAYER/USDT | Prob: 50.1% | Price: 0.0782 | Entry: 0.0781
2026-04-06 01:13:45,534 - __main__ - INFO - [LOW_PROB] Symbol LAYER/USDT rejected: Prob 50.1% < 52%
2026-04-06 01:13:49,155 - __main__ - INFO - SIGNAL FOUND: ACX/USDT | Prob: 43.2% | Price: 0.0425 | Entry: 0.0425
2026-04-06 01:13:49,155 - __main__ - INFO - [LOW_PROB] Symbol ACX/USDT rejected: Prob 43.2% < 52%
2026-04-06 01:13:49,752 - __main__ - INFO - --- AUTO-SCAN CYCLE FINISHED ---
2026-04-06 01:28:49,777 - __main__ - INFO - --- STARTING 15-MIN AUTO-SCAN CYCLE ---
2026-04-06 01:28:49,778 - data.fetcher - INFO - Using WHITELIST of 19 symbols.
2026-04-06 01:28:49,781 - __main__ - INFO - Scanning progress: 0/19 symbols checked...
2026-04-06 01:28:50,482 - __main__ - INFO - SIGNAL FOUND: ADA/USDT | Prob: 38.4% | Price: 0.2495 | Entry: 0.2464
2026-04-06 01:28:50,483 - __main__ - INFO - [LOW_PROB] Symbol ADA/USDT rejected: Prob 38.4% < 52%
2026-04-06 01:28:52,530 - __main__ - INFO - SIGNAL FOUND: LAYER/USDT | Prob: 50.1% | Price: 0.0785 | Entry: 0.0781
2026-04-06 01:28:52,530 - __main__ - INFO - [LOW_PROB] Symbol LAYER/USDT rejected: Prob 50.1% < 52%
2026-04-06 01:28:56,649 - __main__ - INFO - SIGNAL FOUND: ACX/USDT | Prob: 43.2% | Price: 0.0425 | Entry: 0.0425
2026-04-06 01:28:56,649 - __main__ - INFO - [LOW_PROB] Symbol ACX/USDT rejected: Prob 43.2% < 52%
2026-04-06 01:28:57,239 - __main__ - INFO - --- AUTO-SCAN CYCLE FINISHED ---
2026-04-06 01:43:57,258 - __main__ - INFO - --- STARTING 15-MIN AUTO-SCAN CYCLE ---
2026-04-06 01:43:57,259 - data.fetcher - INFO - Using WHITELIST of 19 symbols.
2026-04-06 01:43:57,261 - __main__ - INFO - Scanning progress: 0/19 symbols checked...
2026-04-06 01:43:57,993 - __main__ - INFO - SIGNAL FOUND: ADA/USDT | Prob: 38.4% | Price: 0.25 | Entry: 0.2464
2026-04-06 01:43:57,993 - __main__ - INFO - [LOW_PROB] Symbol ADA/USDT rejected: Prob 38.4% < 52%
2026-04-06 01:43:59,976 - __main__ - INFO - SIGNAL FOUND: LAYER/USDT | Prob: 50.1% | Price: 0.0789 | Entry: 0.0781
2026-04-06 01:43:59,976 - __main__ - INFO - [LOW_PROB] Symbol LAYER/USDT rejected: Prob 50.1% < 52%
2026-04-06 01:44:03,594 - __main__ - INFO - SIGNAL FOUND: ACX/USDT | Prob: 43.2% | Price: 0.0426 | Entry: 0.0425
2026-04-06 01:44:03,594 - __main__ - INFO - [LOW_PROB] Symbol ACX/USDT rejected: Prob 43.2% < 52%
2026-04-06 01:44:04,187 - __main__ - INFO - --- AUTO-SCAN CYCLE FINISHED ---
2026-04-06 01:59:04,213 - __main__ - INFO - --- STARTING 15-MIN AUTO-SCAN CYCLE ---
2026-04-06 01:59:04,215 - data.fetcher - INFO - Using WHITELIST of 19 symbols.
2026-04-06 01:59:04,216 - __main__ - INFO - Scanning progress: 0/19 symbols checked...
2026-04-06 01:59:04,895 - __main__ - INFO - SIGNAL FOUND: ADA/USDT | Prob: 38.4% | Price: 0.2508 | Entry: 0.2464
2026-04-06 01:59:04,895 - __main__ - INFO - [LOW_PROB] Symbol ADA/USDT rejected: Prob 38.4% < 52%
2026-04-06 01:59:07,122 - __main__ - INFO - SIGNAL FOUND: LAYER/USDT | Prob: 50.1% | Price: 0.0794 | Entry: 0.0781
2026-04-06 01:59:07,124 - __main__ - INFO - [LOW_PROB] Symbol LAYER/USDT rejected: Prob 50.1% < 52%
2026-04-06 01:59:10,704 - __main__ - INFO - SIGNAL FOUND: ACX/USDT | Prob: 43.2% | Price: 0.0424 | Entry: 0.0425
2026-04-06 01:59:10,705 - __main__ - INFO - [LOW_PROB] Symbol ACX/USDT rejected: Prob 43.2% < 52%
2026-04-06 01:59:11,305 - __main__ - INFO - --- AUTO-SCAN CYCLE FINISHED ---
2026-04-06 02:14:11,316 - __main__ - INFO - --- STARTING 15-MIN AUTO-SCAN CYCLE ---
2026-04-06 02:14:11,317 - data.fetcher - INFO - Using WHITELIST of 19 symbols.
2026-04-06 02:14:11,320 - __main__ - INFO - Scanning progress: 0/19 symbols checked...
2026-04-06 02:14:12,030 - __main__ - INFO - SIGNAL FOUND: ADA/USDT | Prob: 38.4% | Price: 0.2545 | Entry: 0.2464
2026-04-06 02:14:12,030 - __main__ - INFO - [LOW_PROB] Symbol ADA/USDT rejected: Prob 38.4% < 52%
2026-04-06 02:14:14,060 - __main__ - INFO - SIGNAL FOUND: LAYER/USDT | Prob: 50.1% | Price: 0.0792 | Entry: 0.0781
2026-04-06 02:14:14,060 - __main__ - INFO - [LOW_PROB] Symbol LAYER/USDT rejected: Prob 50.1% < 52%
2026-04-06 02:14:17,637 - __main__ - INFO - SIGNAL FOUND: ACX/USDT | Prob: 43.2% | Price: 0.0425 | Entry: 0.0425
2026-04-06 02:14:17,637 - __main__ - INFO - [LOW_PROB] Symbol ACX/USDT rejected: Prob 43.2% < 52%
2026-04-06 02:14:18,236 - __main__ - INFO - --- AUTO-SCAN CYCLE FINISHED ---
2026-04-06 02:29:18,260 - __main__ - INFO - --- STARTING 15-MIN AUTO-SCAN CYCLE ---
2026-04-06 02:29:18,261 - data.fetcher - INFO - Using WHITELIST of 19 symbols.
2026-04-06 02:29:18,263 - __main__ - INFO - Scanning progress: 0/19 symbols checked...
2026-04-06 02:29:18,942 - __main__ - INFO - SIGNAL FOUND: ADA/USDT | Prob: 38.4% | Price: 0.2546 | Entry: 0.2464
2026-04-06 02:29:18,942 - __main__ - INFO - [LOW_PROB] Symbol ADA/USDT rejected: Prob 38.4% < 52%
2026-04-06 02:29:20,938 - __main__ - INFO - SIGNAL FOUND: LAYER/USDT | Prob: 50.1% | Price: 0.079 | Entry: 0.0781
2026-04-06 02:29:20,938 - __main__ - INFO - [LOW_PROB] Symbol LAYER/USDT rejected: Prob 50.1% < 52%
2026-04-06 02:29:24,506 - __main__ - INFO - SIGNAL FOUND: ACX/USDT | Prob: 43.2% | Price: 0.0427 | Entry: 0.0425
2026-04-06 02:29:24,507 - __main__ - INFO - [LOW_PROB] Symbol ACX/USDT rejected: Prob 43.2% < 52%
2026-04-06 02:29:25,089 - __main__ - INFO - --- AUTO-SCAN CYCLE FINISHED ---
2026-04-06 02:44:25,106 - __main__ - INFO - --- STARTING 15-MIN AUTO-SCAN CYCLE ---
2026-04-06 02:44:25,107 - data.fetcher - INFO - Using WHITELIST of 19 symbols.
2026-04-06 02:44:25,110 - __main__ - INFO - Scanning progress: 0/19 symbols checked...
2026-04-06 02:44:25,792 - __main__ - INFO - SIGNAL FOUND: ADA/USDT | Prob: 38.4% | Price: 0.2553 | Entry: 0.2464
2026-04-06 02:44:25,792 - __main__ - INFO - [LOW_PROB] Symbol ADA/USDT rejected: Prob 38.4% < 52%
2026-04-06 02:44:27,835 - __main__ - INFO - SIGNAL FOUND: LAYER/USDT | Prob: 50.1% | Price: 0.079 | Entry: 0.0781
2026-04-06 02:44:27,835 - __main__ - INFO - [LOW_PROB] Symbol LAYER/USDT rejected: Prob 50.1% < 52%
2026-04-06 02:44:31,430 - __main__ - INFO - SIGNAL FOUND: ACX/USDT | Prob: 43.2% | Price: 0.0426 | Entry: 0.0425
2026-04-06 02:44:31,430 - __main__ - INFO - [LOW_PROB] Symbol ACX/USDT rejected: Prob 43.2% < 52%
2026-04-06 02:44:32,015 - __main__ - INFO - --- AUTO-SCAN CYCLE FINISHED ---
2026-04-06 02:59:32,033 - __main__ - INFO - --- STARTING 15-MIN AUTO-SCAN CYCLE ---
2026-04-06 02:59:32,035 - data.fetcher - INFO - Using WHITELIST of 19 symbols.
2026-04-06 02:59:32,037 - __main__ - INFO - Scanning progress: 0/19 symbols checked...
2026-04-06 02:59:32,739 - __main__ - INFO - SIGNAL FOUND: ADA/USDT | Prob: 38.4% | Price: 0.2541 | Entry: 0.2464
2026-04-06 02:59:32,739 - __main__ - INFO - [LOW_PROB] Symbol ADA/USDT rejected: Prob 38.4% < 52%
2026-04-06 02:59:34,741 - __main__ - INFO - SIGNAL FOUND: LAYER/USDT | Prob: 50.1% | Price: 0.0791 | Entry: 0.0781
2026-04-06 02:59:34,742 - __main__ - INFO - [LOW_PROB] Symbol LAYER/USDT rejected: Prob 50.1% < 52%
2026-04-06 02:59:38,380 - __main__ - INFO - SIGNAL FOUND: ACX/USDT | Prob: 43.2% | Price: 0.0426 | Entry: 0.0425
2026-04-06 02:59:38,380 - __main__ - INFO - [LOW_PROB] Symbol ACX/USDT rejected: Prob 43.2% < 52%
2026-04-06 02:59:38,961 - __main__ - INFO - --- AUTO-SCAN CYCLE FINISHED ---
2026-04-06 03:14:38,983 - __main__ - INFO - --- STARTING 15-MIN AUTO-SCAN CYCLE ---
2026-04-06 03:14:38,984 - data.fetcher - INFO - Using WHITELIST of 19 symbols.
2026-04-06 03:14:38,986 - __main__ - INFO - Scanning progress: 0/19 symbols checked...
2026-04-06 03:14:39,708 - __main__ - INFO - SIGNAL FOUND: ADA/USDT | Prob: 38.4% | Price: 0.2545 | Entry: 0.2464
2026-04-06 03:14:39,708 - __main__ - INFO - [LOW_PROB] Symbol ADA/USDT rejected: Prob 38.4% < 52%
2026-04-06 03:14:41,772 - __main__ - INFO - SIGNAL FOUND: LAYER/USDT | Prob: 50.1% | Price: 0.0788 | Entry: 0.0781
2026-04-06 03:14:41,772 - __main__ - INFO - [LOW_PROB] Symbol LAYER/USDT rejected: Prob 50.1% < 52%
2026-04-06 03:14:45,354 - __main__ - INFO - SIGNAL FOUND: ACX/USDT | Prob: 51.8% | Price: 0.0426 | Entry: 0.0426
2026-04-06 03:14:45,354 - __main__ - INFO - [LOW_PROB] Symbol ACX/USDT rejected: Prob 51.8% < 52%
2026-04-06 03:14:45,965 - __main__ - INFO - --- AUTO-SCAN CYCLE FINISHED ---
2026-04-06 03:29:45,987 - __main__ - INFO - --- STARTING 15-MIN AUTO-SCAN CYCLE ---
2026-04-06 03:29:45,988 - data.fetcher - INFO - Using WHITELIST of 19 symbols.
2026-04-06 03:29:45,990 - __main__ - INFO - Scanning progress: 0/19 symbols checked...
2026-04-06 03:29:46,707 - __main__ - INFO - SIGNAL FOUND: ADA/USDT | Prob: 38.4% | Price: 0.2537 | Entry: 0.2464
2026-04-06 03:29:46,707 - __main__ - INFO - [LOW_PROB] Symbol ADA/USDT rejected: Prob 38.4% < 52%
2026-04-06 03:29:48,693 - __main__ - INFO - SIGNAL FOUND: LAYER/USDT | Prob: 50.1% | Price: 0.0791 | Entry: 0.0781
2026-04-06 03:29:48,695 - __main__ - INFO - [LOW_PROB] Symbol LAYER/USDT rejected: Prob 50.1% < 52%
2026-04-06 03:29:52,289 - __main__ - INFO - SIGNAL FOUND: ACX/USDT | Prob: 51.8% | Price: 0.0425 | Entry: 0.0426
2026-04-06 03:29:52,289 - __main__ - INFO - [LOW_PROB] Symbol ACX/USDT rejected: Prob 51.8% < 52%
2026-04-06 03:29:52,886 - __main__ - INFO - --- AUTO-SCAN CYCLE FINISHED ---
2026-04-06 03:44:52,901 - __main__ - INFO - --- STARTING 15-MIN AUTO-SCAN CYCLE ---
2026-04-06 03:44:52,902 - data.fetcher - INFO - Using WHITELIST of 19 symbols.
2026-04-06 03:44:52,904 - __main__ - INFO - Scanning progress: 0/19 symbols checked...
2026-04-06 03:44:53,652 - __main__ - INFO - SIGNAL FOUND: ADA/USDT | Prob: 38.4% | Price: 0.2545 | Entry: 0.2464
2026-04-06 03:44:53,652 - __main__ - INFO - [LOW_PROB] Symbol ADA/USDT rejected: Prob 38.4% < 52%
2026-04-06 03:44:55,654 - __main__ - INFO - SIGNAL FOUND: LAYER/USDT | Prob: 50.1% | Price: 0.0789 | Entry: 0.0781
2026-04-06 03:44:55,654 - __main__ - INFO - [LOW_PROB] Symbol LAYER/USDT rejected: Prob 50.1% < 52%
2026-04-06 03:44:59,760 - __main__ - INFO - SIGNAL FOUND: ACX/USDT | Prob: 51.8% | Price: 0.0425 | Entry: 0.0426
2026-04-06 03:44:59,760 - __main__ - INFO - [LOW_PROB] Symbol ACX/USDT rejected: Prob 51.8% < 52%
2026-04-06 03:45:00,383 - __main__ - INFO - --- AUTO-SCAN CYCLE FINISHED ---
2026-04-06 04:00:00,396 - __main__ - INFO - --- STARTING 15-MIN AUTO-SCAN CYCLE ---
2026-04-06 04:00:00,397 - data.fetcher - INFO - Using WHITELIST of 19 symbols.
2026-04-06 04:00:00,398 - __main__ - INFO - Scanning progress: 0/19 symbols checked...
2026-04-06 04:00:01,774 - __main__ - INFO - SIGNAL FOUND: ADA/USDT | Prob: 38.4% | Price: 0.2546 | Entry: 0.2464
2026-04-06 04:00:01,774 - __main__ - INFO - [LOW_PROB] Symbol ADA/USDT rejected: Prob 38.4% < 52%
2026-04-06 04:00:05,354 - __main__ - INFO - SIGNAL FOUND: LAYER/USDT | Prob: 50.1% | Price: 0.0789 | Entry: 0.0781
2026-04-06 04:00:05,354 - __main__ - INFO - [LOW_PROB] Symbol LAYER/USDT rejected: Prob 50.1% < 52%
2026-04-06 04:00:08,970 - __main__ - INFO - SIGNAL FOUND: ACX/USDT | Prob: 51.8% | Price: 0.0423 | Entry: 0.0426
2026-04-06 04:00:08,970 - __main__ - INFO - [LOW_PROB] Symbol ACX/USDT rejected: Prob 51.8% < 52%
2026-04-06 04:00:09,587 - __main__ - INFO - --- AUTO-SCAN CYCLE FINISHED ---
2026-04-06 04:15:09,612 - __main__ - INFO - --- STARTING 15-MIN AUTO-SCAN CYCLE ---
2026-04-06 04:15:09,632 - data.fetcher - INFO - Using WHITELIST of 19 symbols.
2026-04-06 04:15:09,644 - __main__ - INFO - Scanning progress: 0/19 symbols checked...
2026-04-06 04:15:10,627 - __main__ - INFO - SIGNAL FOUND: ADA/USDT | Prob: 38.4% | Price: 0.2575 | Entry: 0.2464
2026-04-06 04:15:10,628 - __main__ - INFO - [LOW_PROB] Symbol ADA/USDT rejected: Prob 38.4% < 52%
2026-04-06 04:15:12,654 - __main__ - INFO - SIGNAL FOUND: LAYER/USDT | Prob: 50.1% | Price: 0.0792 | Entry: 0.0781
2026-04-06 04:15:12,654 - __main__ - INFO - [LOW_PROB] Symbol LAYER/USDT rejected: Prob 50.1% < 52%
2026-04-06 04:15:16,332 - __main__ - INFO - SIGNAL FOUND: ACX/USDT | Prob: 51.8% | Price: 0.0423 | Entry: 0.0426
2026-04-06 04:15:16,333 - __main__ - INFO - [LOW_PROB] Symbol ACX/USDT rejected: Prob 51.8% < 52%
2026-04-06 04:15:16,959 - __main__ - INFO - --- AUTO-SCAN CYCLE FINISHED ---
2026-04-06 04:30:16,972 - __main__ - INFO - --- STARTING 15-MIN AUTO-SCAN CYCLE ---
2026-04-06 04:30:16,975 - data.fetcher - INFO - Using WHITELIST of 19 symbols.
2026-04-06 04:30:16,980 - __main__ - INFO - Scanning progress: 0/19 symbols checked...
2026-04-06 04:30:17,725 - __main__ - INFO - SIGNAL FOUND: ADA/USDT | Prob: 38.4% | Price: 0.258 | Entry: 0.2464
2026-04-06 04:30:17,726 - __main__ - INFO - [LOW_PROB] Symbol ADA/USDT rejected: Prob 38.4% < 52%
2026-04-06 04:30:19,732 - __main__ - INFO - SIGNAL FOUND: LAYER/USDT | Prob: 50.1% | Price: 0.0793 | Entry: 0.0781
2026-04-06 04:30:19,732 - __main__ - INFO - [LOW_PROB] Symbol LAYER/USDT rejected: Prob 50.1% < 52%
2026-04-06 04:30:23,327 - __main__ - INFO - SIGNAL FOUND: ACX/USDT | Prob: 51.8% | Price: 0.0425 | Entry: 0.0426
2026-04-06 04:30:23,328 - __main__ - INFO - [LOW_PROB] Symbol ACX/USDT rejected: Prob 51.8% < 52%
2026-04-06 04:30:23,916 - __main__ - INFO - --- AUTO-SCAN CYCLE FINISHED ---
2026-04-06 04:45:23,923 - __main__ - INFO - --- STARTING 15-MIN AUTO-SCAN CYCLE ---
2026-04-06 04:45:23,924 - data.fetcher - INFO - Using WHITELIST of 19 symbols.
2026-04-06 04:45:23,926 - __main__ - INFO - Scanning progress: 0/19 symbols checked...
2026-04-06 04:45:24,648 - __main__ - INFO - SIGNAL FOUND: ADA/USDT | Prob: 38.4% | Price: 0.2573 | Entry: 0.2464
2026-04-06 04:45:24,648 - __main__ - INFO - [LOW_PROB] Symbol ADA/USDT rejected: Prob 38.4% < 52%
2026-04-06 04:45:26,637 - __main__ - INFO - SIGNAL FOUND: LAYER/USDT | Prob: 50.1% | Price: 0.0793 | Entry: 0.0781
2026-04-06 04:45:26,638 - __main__ - INFO - [LOW_PROB] Symbol LAYER/USDT rejected: Prob 50.1% < 52%
2026-04-06 04:45:30,703 - __main__ - INFO - SIGNAL FOUND: ACX/USDT | Prob: 51.8% | Price: 0.0424 | Entry: 0.0426
2026-04-06 04:45:30,704 - __main__ - INFO - [LOW_PROB] Symbol ACX/USDT rejected: Prob 51.8% < 52%
2026-04-06 04:45:31,285 - __main__ - INFO - --- AUTO-SCAN CYCLE FINISHED ---
2026-04-06 05:00:31,303 - __main__ - INFO - --- STARTING 15-MIN AUTO-SCAN CYCLE ---
2026-04-06 05:00:31,326 - data.fetcher - INFO - Using WHITELIST of 19 symbols.
2026-04-06 05:00:31,345 - __main__ - INFO - Scanning progress: 0/19 symbols checked...
2026-04-06 05:00:32,230 - __main__ - INFO - SIGNAL FOUND: ADA/USDT | Prob: 38.4% | Price: 0.2572 | Entry: 0.2464
2026-04-06 05:00:32,231 - __main__ - INFO - [LOW_PROB] Symbol ADA/USDT rejected: Prob 38.4% < 52%
2026-04-06 05:00:34,573 - __main__ - INFO - SIGNAL FOUND: LAYER/USDT | Prob: 50.1% | Price: 0.0794 | Entry: 0.0781
2026-04-06 05:00:34,573 - __main__ - INFO - [LOW_PROB] Symbol LAYER/USDT rejected: Prob 50.1% < 52%
2026-04-06 05:00:38,217 - __main__ - INFO - SIGNAL FOUND: ACX/USDT | Prob: 51.8% | Price: 0.0424 | Entry: 0.0426
2026-04-06 05:00:38,217 - __main__ - INFO - [LOW_PROB] Symbol ACX/USDT rejected: Prob 51.8% < 52%
2026-04-06 05:00:38,816 - __main__ - INFO - --- AUTO-SCAN CYCLE FINISHED ---
2026-04-06 05:15:38,839 - __main__ - INFO - --- STARTING 15-MIN AUTO-SCAN CYCLE ---
2026-04-06 05:15:38,866 - data.fetcher - INFO - Using WHITELIST of 19 symbols.
2026-04-06 05:15:38,869 - __main__ - INFO - Scanning progress: 0/19 symbols checked...
2026-04-06 05:15:39,597 - __main__ - INFO - SIGNAL FOUND: ADA/USDT | Prob: 38.4% | Price: 0.2577 | Entry: 0.2464
2026-04-06 05:15:39,597 - __main__ - INFO - [LOW_PROB] Symbol ADA/USDT rejected: Prob 38.4% < 52%
2026-04-06 05:15:41,607 - __main__ - INFO - SIGNAL FOUND: LAYER/USDT | Prob: 50.1% | Price: 0.0793 | Entry: 0.0781
2026-04-06 05:15:41,608 - __main__ - INFO - [LOW_PROB] Symbol LAYER/USDT rejected: Prob 50.1% < 52%
2026-04-06 05:15:45,225 - __main__ - INFO - SIGNAL FOUND: ACX/USDT | Prob: 51.8% | Price: 0.0423 | Entry: 0.0426
2026-04-06 05:15:45,225 - __main__ - INFO - [LOW_PROB] Symbol ACX/USDT rejected: Prob 51.8% < 52%
2026-04-06 05:15:45,806 - __main__ - INFO - --- AUTO-SCAN CYCLE FINISHED ---
2026-04-06 05:30:45,815 - __main__ - INFO - --- STARTING 15-MIN AUTO-SCAN CYCLE ---
2026-04-06 05:30:45,815 - data.fetcher - INFO - Using WHITELIST of 19 symbols.
2026-04-06 05:30:45,830 - __main__ - INFO - Scanning progress: 0/19 symbols checked...
2026-04-06 05:30:46,543 - __main__ - INFO - SIGNAL FOUND: ADA/USDT | Prob: 38.4% | Price: 0.2567 | Entry: 0.2464
2026-04-06 05:30:46,543 - __main__ - INFO - [LOW_PROB] Symbol ADA/USDT rejected: Prob 38.4% < 52%
2026-04-06 05:30:48,552 - __main__ - INFO - SIGNAL FOUND: LAYER/USDT | Prob: 50.1% | Price: 0.0793 | Entry: 0.0781
2026-04-06 05:30:48,552 - __main__ - INFO - [LOW_PROB] Symbol LAYER/USDT rejected: Prob 50.1% < 52%
2026-04-06 05:30:52,166 - __main__ - INFO - SIGNAL FOUND: ACX/USDT | Prob: 51.8% | Price: 0.0422 | Entry: 0.0426
2026-04-06 05:30:52,167 - __main__ - INFO - [LOW_PROB] Symbol ACX/USDT rejected: Prob 51.8% < 52%
2026-04-06 05:30:52,759 - __main__ - INFO - --- AUTO-SCAN CYCLE FINISHED ---
2026-04-06 05:45:52,762 - __main__ - INFO - --- STARTING 15-MIN AUTO-SCAN CYCLE ---
2026-04-06 05:45:52,763 - data.fetcher - INFO - Using WHITELIST of 19 symbols.
2026-04-06 05:45:52,765 - __main__ - INFO - Scanning progress: 0/19 symbols checked...
2026-04-06 05:45:53,461 - __main__ - INFO - SIGNAL FOUND: ADA/USDT | Prob: 38.4% | Price: 0.2569 | Entry: 0.2464
2026-04-06 05:45:53,461 - __main__ - INFO - [LOW_PROB] Symbol ADA/USDT rejected: Prob 38.4% < 52%
2026-04-06 05:45:55,441 - __main__ - INFO - SIGNAL FOUND: LAYER/USDT | Prob: 50.1% | Price: 0.0794 | Entry: 0.0781
2026-04-06 05:45:55,441 - __main__ - INFO - [LOW_PROB] Symbol LAYER/USDT rejected: Prob 50.1% < 52%
2026-04-06 05:45:59,005 - __main__ - INFO - SIGNAL FOUND: ACX/USDT | Prob: 51.8% | Price: 0.0422 | Entry: 0.0426
2026-04-06 05:45:59,005 - __main__ - INFO - [LOW_PROB] Symbol ACX/USDT rejected: Prob 51.8% < 52%
2026-04-06 05:45:59,583 - __main__ - INFO - --- AUTO-SCAN CYCLE FINISHED ---
2026-04-06 06:00:59,606 - __main__ - INFO - --- STARTING 15-MIN AUTO-SCAN CYCLE ---
2026-04-06 06:00:59,607 - data.fetcher - INFO - Using WHITELIST of 19 symbols.
2026-04-06 06:00:59,609 - __main__ - INFO - Scanning progress: 0/19 symbols checked...
2026-04-06 06:01:00,322 - __main__ - INFO - SIGNAL FOUND: ADA/USDT | Prob: 38.4% | Price: 0.2575 | Entry: 0.2464
2026-04-06 06:01:00,322 - __main__ - INFO - [LOW_PROB] Symbol ADA/USDT rejected: Prob 38.4% < 52%
2026-04-06 06:01:02,373 - __main__ - INFO - SIGNAL FOUND: LAYER/USDT | Prob: 50.1% | Price: 0.0793 | Entry: 0.0781
2026-04-06 06:01:02,373 - __main__ - INFO - [LOW_PROB] Symbol LAYER/USDT rejected: Prob 50.1% < 52%
2026-04-06 06:01:05,961 - __main__ - INFO - SIGNAL FOUND: ACX/USDT | Prob: 51.8% | Price: 0.0422 | Entry: 0.0426
2026-04-06 06:01:05,962 - __main__ - INFO - [LOW_PROB] Symbol ACX/USDT rejected: Prob 51.8% < 52%
2026-04-06 06:01:06,550 - __main__ - INFO - --- AUTO-SCAN CYCLE FINISHED ---
2026-04-06 06:16:06,568 - __main__ - INFO - --- STARTING 15-MIN AUTO-SCAN CYCLE ---
2026-04-06 06:16:06,569 - data.fetcher - INFO - Using WHITELIST of 19 symbols.
2026-04-06 06:16:06,571 - __main__ - INFO - Scanning progress: 0/19 symbols checked...
2026-04-06 06:16:07,326 - __main__ - INFO - SIGNAL FOUND: ADA/USDT | Prob: 38.4% | Price: 0.2571 | Entry: 0.2464
2026-04-06 06:16:07,327 - __main__ - INFO - [LOW_PROB] Symbol ADA/USDT rejected: Prob 38.4% < 52%
2026-04-06 06:16:09,396 - __main__ - INFO - SIGNAL FOUND: LAYER/USDT | Prob: 50.1% | Price: 0.0788 | Entry: 0.0781
2026-04-06 06:16:09,397 - __main__ - INFO - [LOW_PROB] Symbol LAYER/USDT rejected: Prob 50.1% < 52%
2026-04-06 06:16:12,991 - __main__ - INFO - SIGNAL FOUND: ACX/USDT | Prob: 51.8% | Price: 0.0422 | Entry: 0.0426
2026-04-06 06:16:12,991 - __main__ - INFO - [LOW_PROB] Symbol ACX/USDT rejected: Prob 51.8% < 52%
2026-04-06 06:16:13,575 - __main__ - INFO - --- AUTO-SCAN CYCLE FINISHED ---
2026-04-06 06:31:13,589 - __main__ - INFO - --- STARTING 15-MIN AUTO-SCAN CYCLE ---
2026-04-06 06:31:13,591 - data.fetcher - INFO - Using WHITELIST of 19 symbols.
2026-04-06 06:31:13,593 - __main__ - INFO - Scanning progress: 0/19 symbols checked...
2026-04-06 06:31:14,304 - __main__ - INFO - SIGNAL FOUND: ADA/USDT | Prob: 38.4% | Price: 0.2568 | Entry: 0.2464
2026-04-06 06:31:14,304 - __main__ - INFO - [LOW_PROB] Symbol ADA/USDT rejected: Prob 38.4% < 52%
2026-04-06 06:31:16,306 - __main__ - INFO - SIGNAL FOUND: LAYER/USDT | Prob: 50.1% | Price: 0.0788 | Entry: 0.0781
2026-04-06 06:31:16,307 - __main__ - INFO - [LOW_PROB] Symbol LAYER/USDT rejected: Prob 50.1% < 52%
2026-04-06 06:31:19,973 - __main__ - INFO - SIGNAL FOUND: ACX/USDT | Prob: 51.8% | Price: 0.0425 | Entry: 0.0426
2026-04-06 06:31:19,973 - __main__ - INFO - [LOW_PROB] Symbol ACX/USDT rejected: Prob 51.8% < 52%
2026-04-06 06:31:20,573 - __main__ - INFO - --- AUTO-SCAN CYCLE FINISHED ---
2026-04-06 06:46:20,572 - __main__ - INFO - --- STARTING 15-MIN AUTO-SCAN CYCLE ---
2026-04-06 06:46:20,573 - data.fetcher - INFO - Using WHITELIST of 19 symbols.
2026-04-06 06:46:20,576 - __main__ - INFO - Scanning progress: 0/19 symbols checked...
2026-04-06 06:46:21,286 - __main__ - INFO - SIGNAL FOUND: ADA/USDT | Prob: 38.4% | Price: 0.2582 | Entry: 0.2464
2026-04-06 06:46:21,286 - __main__ - INFO - [LOW_PROB] Symbol ADA/USDT rejected: Prob 38.4% < 52%
2026-04-06 06:46:23,356 - __main__ - INFO - SIGNAL FOUND: LAYER/USDT | Prob: 50.1% | Price: 0.0789 | Entry: 0.0781
2026-04-06 06:46:23,356 - __main__ - INFO - [LOW_PROB] Symbol LAYER/USDT rejected: Prob 50.1% < 52%
2026-04-06 06:46:27,424 - __main__ - INFO - SIGNAL FOUND: ACX/USDT | Prob: 51.8% | Price: 0.0424 | Entry: 0.0426
2026-04-06 06:46:27,425 - __main__ - INFO - [LOW_PROB] Symbol ACX/USDT rejected: Prob 51.8% < 52%
2026-04-06 06:46:28,016 - __main__ - INFO - --- AUTO-SCAN CYCLE FINISHED ---
2026-04-06 07:01:28,032 - __main__ - INFO - --- STARTING 15-MIN AUTO-SCAN CYCLE ---
2026-04-06 07:01:28,033 - data.fetcher - INFO - Using WHITELIST of 19 symbols.
2026-04-06 07:01:28,035 - __main__ - INFO - Scanning progress: 0/19 symbols checked...
2026-04-06 07:01:28,753 - __main__ - INFO - SIGNAL FOUND: ADA/USDT | Prob: 38.4% | Price: 0.257 | Entry: 0.2464
2026-04-06 07:01:28,753 - __main__ - INFO - [LOW_PROB] Symbol ADA/USDT rejected: Prob 38.4% < 52%
2026-04-06 07:01:30,774 - __main__ - INFO - SIGNAL FOUND: LAYER/USDT | Prob: 50.1% | Price: 0.0788 | Entry: 0.0781
2026-04-06 07:01:30,774 - __main__ - INFO - [LOW_PROB] Symbol LAYER/USDT rejected: Prob 50.1% < 52%
2026-04-06 07:01:34,413 - __main__ - INFO - SIGNAL FOUND: ACX/USDT | Prob: 51.8% | Price: 0.0424 | Entry: 0.0426
2026-04-06 07:01:34,413 - __main__ - INFO - [LOW_PROB] Symbol ACX/USDT rejected: Prob 51.8% < 52%
2026-04-06 07:01:35,004 - __main__ - INFO - --- AUTO-SCAN CYCLE FINISHED ---
2026-04-06 07:16:35,034 - __main__ - INFO - --- STARTING 15-MIN AUTO-SCAN CYCLE ---
2026-04-06 07:16:35,036 - data.fetcher - INFO - Using WHITELIST of 19 symbols.
2026-04-06 07:16:35,038 - __main__ - INFO - Scanning progress: 0/19 symbols checked...
2026-04-06 07:16:35,738 - __main__ - INFO - SIGNAL FOUND: ADA/USDT | Prob: 38.4% | Price: 0.2575 | Entry: 0.2464
2026-04-06 07:16:35,738 - __main__ - INFO - [LOW_PROB] Symbol ADA/USDT rejected: Prob 38.4% < 52%
2026-04-06 07:16:37,756 - __main__ - INFO - SIGNAL FOUND: LAYER/USDT | Prob: 50.1% | Price: 0.0788 | Entry: 0.0781
2026-04-06 07:16:37,756 - __main__ - INFO - [LOW_PROB] Symbol LAYER/USDT rejected: Prob 50.1% < 52%
2026-04-06 07:16:41,394 - __main__ - INFO - SIGNAL FOUND: ACX/USDT | Prob: 51.8% | Price: 0.0425 | Entry: 0.0426
2026-04-06 07:16:41,394 - __main__ - INFO - [LOW_PROB] Symbol ACX/USDT rejected: Prob 51.8% < 52%
2026-04-06 07:16:41,982 - __main__ - INFO - --- AUTO-SCAN CYCLE FINISHED ---
2026-04-06 07:31:42,000 - __main__ - INFO - --- STARTING 15-MIN AUTO-SCAN CYCLE ---
2026-04-06 07:31:42,001 - data.fetcher - INFO - Using WHITELIST of 19 symbols.
2026-04-06 07:31:42,003 - __main__ - INFO - Scanning progress: 0/19 symbols checked...
2026-04-06 07:31:42,691 - __main__ - INFO - SIGNAL FOUND: ADA/USDT | Prob: 38.4% | Price: 0.2574 | Entry: 0.2464
2026-04-06 07:31:42,691 - __main__ - INFO - [LOW_PROB] Symbol ADA/USDT rejected: Prob 38.4% < 52%
2026-04-06 07:31:44,701 - __main__ - INFO - SIGNAL FOUND: LAYER/USDT | Prob: 50.1% | Price: 0.0786 | Entry: 0.0781
2026-04-06 07:31:44,701 - __main__ - INFO - [LOW_PROB] Symbol LAYER/USDT rejected: Prob 50.1% < 52%
2026-04-06 07:31:48,288 - __main__ - INFO - SIGNAL FOUND: ACX/USDT | Prob: 51.8% | Price: 0.0425 | Entry: 0.0426
2026-04-06 07:31:48,288 - __main__ - INFO - [LOW_PROB] Symbol ACX/USDT rejected: Prob 51.8% < 52%
2026-04-06 07:31:48,875 - __main__ - INFO - --- AUTO-SCAN CYCLE FINISHED ---
2026-04-06 07:46:48,884 - __main__ - INFO - --- STARTING 15-MIN AUTO-SCAN CYCLE ---
2026-04-06 07:46:48,885 - data.fetcher - INFO - Using WHITELIST of 19 symbols.
2026-04-06 07:46:48,888 - __main__ - INFO - Scanning progress: 0/19 symbols checked...
2026-04-06 07:46:49,592 - __main__ - INFO - SIGNAL FOUND: ADA/USDT | Prob: 38.4% | Price: 0.2567 | Entry: 0.2464
2026-04-06 07:46:49,592 - __main__ - INFO - [LOW_PROB] Symbol ADA/USDT rejected: Prob 38.4% < 52%
2026-04-06 07:46:51,616 - __main__ - INFO - SIGNAL FOUND: LAYER/USDT | Prob: 50.1% | Price: 0.0785 | Entry: 0.0781
2026-04-06 07:46:51,616 - __main__ - INFO - [LOW_PROB] Symbol LAYER/USDT rejected: Prob 50.1% < 52%
2026-04-06 07:46:55,201 - __main__ - INFO - SIGNAL FOUND: ACX/USDT | Prob: 51.8% | Price: 0.0425 | Entry: 0.0426
2026-04-06 07:46:55,201 - __main__ - INFO - [LOW_PROB] Symbol ACX/USDT rejected: Prob 51.8% < 52%
2026-04-06 07:46:55,800 - __main__ - INFO - --- AUTO-SCAN CYCLE FINISHED ---
2026-04-06 08:01:55,822 - __main__ - INFO - --- STARTING 15-MIN AUTO-SCAN CYCLE ---
2026-04-06 08:01:55,823 - data.fetcher - INFO - Using WHITELIST of 19 symbols.
2026-04-06 08:01:55,825 - __main__ - INFO - Scanning progress: 0/19 symbols checked...
2026-04-06 08:01:56,574 - __main__ - INFO - SIGNAL FOUND: ADA/USDT | Prob: 38.4% | Price: 0.2575 | Entry: 0.2464
2026-04-06 08:01:56,574 - __main__ - INFO - [LOW_PROB] Symbol ADA/USDT rejected: Prob 38.4% < 52%
2026-04-06 08:01:58,621 - __main__ - INFO - SIGNAL FOUND: LAYER/USDT | Prob: 50.1% | Price: 0.0793 | Entry: 0.0781
2026-04-06 08:01:58,621 - __main__ - INFO - [LOW_PROB] Symbol LAYER/USDT rejected: Prob 50.1% < 52%
2026-04-06 08:02:02,234 - __main__ - INFO - SIGNAL FOUND: ACX/USDT | Prob: 51.8% | Price: 0.0425 | Entry: 0.0426
2026-04-06 08:02:02,234 - __main__ - INFO - [LOW_PROB] Symbol ACX/USDT rejected: Prob 51.8% < 52%
2026-04-06 08:02:02,825 - __main__ - INFO - --- AUTO-SCAN CYCLE FINISHED ---
2026-04-06 08:17:02,851 - __main__ - INFO - --- STARTING 15-MIN AUTO-SCAN CYCLE ---
2026-04-06 08:17:02,852 - data.fetcher - INFO - Using WHITELIST of 19 symbols.
2026-04-06 08:17:02,855 - __main__ - INFO - Scanning progress: 0/19 symbols checked...
2026-04-06 08:17:03,592 - __main__ - INFO - SIGNAL FOUND: ADA/USDT | Prob: 38.4% | Price: 0.2574 | Entry: 0.2464
2026-04-06 08:17:03,592 - __main__ - INFO - [LOW_PROB] Symbol ADA/USDT rejected: Prob 38.4% < 52%
2026-04-06 08:17:05,680 - __main__ - INFO - SIGNAL FOUND: LAYER/USDT | Prob: 50.1% | Price: 0.079 | Entry: 0.0781
2026-04-06 08:17:05,680 - __main__ - INFO - [LOW_PROB] Symbol LAYER/USDT rejected: Prob 50.1% < 52%
2026-04-06 08:17:09,270 - __main__ - INFO - SIGNAL FOUND: ACX/USDT | Prob: 51.8% | Price: 0.0426 | Entry: 0.0426
2026-04-06 08:17:09,270 - __main__ - INFO - [LOW_PROB] Symbol ACX/USDT rejected: Prob 51.8% < 52%
2026-04-06 08:17:09,864 - __main__ - INFO - --- AUTO-SCAN CYCLE FINISHED ---
2026-04-06 08:32:09,890 - __main__ - INFO - --- STARTING 15-MIN AUTO-SCAN CYCLE ---
2026-04-06 08:32:09,891 - data.fetcher - INFO - Using WHITELIST of 19 symbols.
2026-04-06 08:32:09,899 - __main__ - INFO - Scanning progress: 0/19 symbols checked...
2026-04-06 08:32:10,628 - __main__ - INFO - SIGNAL FOUND: ADA/USDT | Prob: 38.4% | Price: 0.2567 | Entry: 0.2464
2026-04-06 08:32:10,628 - __main__ - INFO - [LOW_PROB] Symbol ADA/USDT rejected: Prob 38.4% < 52%
2026-04-06 08:32:12,661 - __main__ - INFO - SIGNAL FOUND: LAYER/USDT | Prob: 50.1% | Price: 0.0787 | Entry: 0.0781
2026-04-06 08:32:12,662 - __main__ - INFO - [LOW_PROB] Symbol LAYER/USDT rejected: Prob 50.1% < 52%
2026-04-06 08:32:16,283 - __main__ - INFO - SIGNAL FOUND: ACX/USDT | Prob: 51.8% | Price: 0.0425 | Entry: 0.0426
2026-04-06 08:32:16,283 - __main__ - INFO - [LOW_PROB] Symbol ACX/USDT rejected: Prob 51.8% < 52%
2026-04-06 08:32:16,873 - __main__ - INFO - --- AUTO-SCAN CYCLE FINISHED ---
2026-04-06 08:47:16,896 - __main__ - INFO - --- STARTING 15-MIN AUTO-SCAN CYCLE ---
2026-04-06 08:47:16,896 - data.fetcher - INFO - Using WHITELIST of 19 symbols.
2026-04-06 08:47:16,905 - __main__ - INFO - Scanning progress: 0/19 symbols checked...
2026-04-06 08:47:17,668 - __main__ - INFO - SIGNAL FOUND: ADA/USDT | Prob: 38.4% | Price: 0.2563 | Entry: 0.2464
2026-04-06 08:47:17,668 - __main__ - INFO - [LOW_PROB] Symbol ADA/USDT rejected: Prob 38.4% < 52%
2026-04-06 08:47:19,723 - __main__ - INFO - SIGNAL FOUND: LAYER/USDT | Prob: 50.1% | Price: 0.0787 | Entry: 0.0781
2026-04-06 08:47:19,724 - __main__ - INFO - [LOW_PROB] Symbol LAYER/USDT rejected: Prob 50.1% < 52%
2026-04-06 08:47:23,371 - __main__ - INFO - SIGNAL FOUND: ACX/USDT | Prob: 51.8% | Price: 0.0425 | Entry: 0.0426
2026-04-06 08:47:23,371 - __main__ - INFO - [LOW_PROB] Symbol ACX/USDT rejected: Prob 51.8% < 52%
2026-04-06 08:47:23,974 - __main__ - INFO - --- AUTO-SCAN CYCLE FINISHED ---
2026-04-06 09:02:23,986 - __main__ - INFO - --- STARTING 15-MIN AUTO-SCAN CYCLE ---
2026-04-06 09:02:23,986 - data.fetcher - INFO - Using WHITELIST of 19 symbols.
2026-04-06 09:02:23,989 - __main__ - INFO - Scanning progress: 0/19 symbols checked...
2026-04-06 09:02:24,712 - __main__ - INFO - SIGNAL FOUND: ADA/USDT | Prob: 38.4% | Price: 0.2561 | Entry: 0.2464
2026-04-06 09:02:24,712 - __main__ - INFO - [LOW_PROB] Symbol ADA/USDT rejected: Prob 38.4% < 52%
2026-04-06 09:02:26,750 - __main__ - INFO - SIGNAL FOUND: LAYER/USDT | Prob: 50.1% | Price: 0.0788 | Entry: 0.0781
2026-04-06 09:02:26,750 - __main__ - INFO - [LOW_PROB] Symbol LAYER/USDT rejected: Prob 50.1% < 52%
2026-04-06 09:02:30,371 - __main__ - INFO - SIGNAL FOUND: ACX/USDT | Prob: 51.8% | Price: 0.0427 | Entry: 0.0426
2026-04-06 09:02:30,372 - __main__ - INFO - [LOW_PROB] Symbol ACX/USDT rejected: Prob 51.8% < 52%
2026-04-06 09:02:30,972 - __main__ - INFO - --- AUTO-SCAN CYCLE FINISHED ---
2026-04-06 09:17:31,000 - __main__ - INFO - --- STARTING 15-MIN AUTO-SCAN CYCLE ---
2026-04-06 09:17:31,001 - data.fetcher - INFO - Using WHITELIST of 19 symbols.
2026-04-06 09:17:31,004 - __main__ - INFO - Scanning progress: 0/19 symbols checked...
2026-04-06 09:17:31,724 - __main__ - INFO - SIGNAL FOUND: ADA/USDT | Prob: 38.4% | Price: 0.256 | Entry: 0.2464
2026-04-06 09:17:31,724 - __main__ - INFO - [LOW_PROB] Symbol ADA/USDT rejected: Prob 38.4% < 52%
2026-04-06 09:17:33,817 - __main__ - INFO - SIGNAL FOUND: LAYER/USDT | Prob: 50.1% | Price: 0.0789 | Entry: 0.0781
2026-04-06 09:17:33,818 - __main__ - INFO - [LOW_PROB] Symbol LAYER/USDT rejected: Prob 50.1% < 52%
2026-04-06 09:17:37,470 - __main__ - INFO - SIGNAL FOUND: ACX/USDT | Prob: 51.8% | Price: 0.0427 | Entry: 0.0426
2026-04-06 09:17:37,470 - __main__ - INFO - [LOW_PROB] Symbol ACX/USDT rejected: Prob 51.8% < 52%
2026-04-06 09:17:38,060 - __main__ - INFO - --- AUTO-SCAN CYCLE FINISHED ---
2026-04-06 09:32:38,084 - __main__ - INFO - --- STARTING 15-MIN AUTO-SCAN CYCLE ---
2026-04-06 09:32:38,085 - data.fetcher - INFO - Using WHITELIST of 19 symbols.
2026-04-06 09:32:38,087 - __main__ - INFO - Scanning progress: 0/19 symbols checked...
2026-04-06 09:32:38,790 - __main__ - INFO - SIGNAL FOUND: ADA/USDT | Prob: 38.4% | Price: 0.256 | Entry: 0.2464
2026-04-06 09:32:38,790 - __main__ - INFO - [LOW_PROB] Symbol ADA/USDT rejected: Prob 38.4% < 52%
2026-04-06 09:32:40,803 - __main__ - INFO - SIGNAL FOUND: LAYER/USDT | Prob: 50.1% | Price: 0.079 | Entry: 0.0781
2026-04-06 09:32:40,803 - __main__ - INFO - [LOW_PROB] Symbol LAYER/USDT rejected: Prob 50.1% < 52%
2026-04-06 09:32:44,381 - __main__ - INFO - SIGNAL FOUND: ACX/USDT | Prob: 51.8% | Price: 0.0427 | Entry: 0.0426
2026-04-06 09:32:44,381 - __main__ - INFO - [LOW_PROB] Symbol ACX/USDT rejected: Prob 51.8% < 52%
2026-04-06 09:32:44,977 - __main__ - INFO - --- AUTO-SCAN CYCLE FINISHED ---
2026-04-06 09:47:44,991 - __main__ - INFO - --- STARTING 15-MIN AUTO-SCAN CYCLE ---
2026-04-06 09:47:44,992 - data.fetcher - INFO - Using WHITELIST of 19 symbols.
2026-04-06 09:47:44,994 - __main__ - INFO - Scanning progress: 0/19 symbols checked...
2026-04-06 09:47:45,697 - __main__ - INFO - SIGNAL FOUND: ADA/USDT | Prob: 38.4% | Price: 0.2545 | Entry: 0.2464
2026-04-06 09:47:45,697 - __main__ - INFO - [LOW_PROB] Symbol ADA/USDT rejected: Prob 38.4% < 52%
2026-04-06 09:47:47,719 - __main__ - INFO - SIGNAL FOUND: LAYER/USDT | Prob: 50.1% | Price: 0.079 | Entry: 0.0781
2026-04-06 09:47:47,719 - __main__ - INFO - [LOW_PROB] Symbol LAYER/USDT rejected: Prob 50.1% < 52%
2026-04-06 09:47:51,227 - __main__ - INFO - SIGNAL FOUND: ACX/USDT | Prob: 51.8% | Price: 0.0427 | Entry: 0.0426
2026-04-06 09:47:51,227 - __main__ - INFO - [LOW_PROB] Symbol ACX/USDT rejected: Prob 51.8% < 52%
2026-04-06 09:47:51,811 - __main__ - INFO - --- AUTO-SCAN CYCLE FINISHED ---
2026-04-06 10:02:51,829 - __main__ - INFO - --- STARTING 15-MIN AUTO-SCAN CYCLE ---
2026-04-06 10:02:51,830 - data.fetcher - INFO - Using WHITELIST of 19 symbols.
2026-04-06 10:02:51,831 - __main__ - INFO - Scanning progress: 0/19 symbols checked...
2026-04-06 10:02:52,591 - __main__ - INFO - SIGNAL FOUND: ADA/USDT | Prob: 38.4% | Price: 0.2557 | Entry: 0.2464
2026-04-06 10:02:52,592 - __main__ - INFO - [LOW_PROB] Symbol ADA/USDT rejected: Prob 38.4% < 52%
2026-04-06 10:02:54,608 - __main__ - INFO - SIGNAL FOUND: LAYER/USDT | Prob: 50.1% | Price: 0.0788 | Entry: 0.0781
2026-04-06 10:02:54,608 - __main__ - INFO - [LOW_PROB] Symbol LAYER/USDT rejected: Prob 50.1% < 52%
2026-04-06 10:02:58,173 - __main__ - INFO - SIGNAL FOUND: ACX/USDT | Prob: 51.8% | Price: 0.0427 | Entry: 0.0426
2026-04-06 10:02:58,173 - __main__ - INFO - [LOW_PROB] Symbol ACX/USDT rejected: Prob 51.8% < 52%
2026-04-06 10:02:58,758 - __main__ - INFO - --- AUTO-SCAN CYCLE FINISHED ---
2026-04-06 10:17:58,773 - __main__ - INFO - --- STARTING 15-MIN AUTO-SCAN CYCLE ---
2026-04-06 10:17:58,774 - data.fetcher - INFO - Using WHITELIST of 19 symbols.
2026-04-06 10:17:58,776 - __main__ - INFO - Scanning progress: 0/19 symbols checked...
2026-04-06 10:17:59,514 - __main__ - INFO - SIGNAL FOUND: ADA/USDT | Prob: 38.4% | Price: 0.2557 | Entry: 0.2464
2026-04-06 10:17:59,514 - __main__ - INFO - [LOW_PROB] Symbol ADA/USDT rejected: Prob 38.4% < 52%
2026-04-06 10:18:01,622 - __main__ - INFO - SIGNAL FOUND: LAYER/USDT | Prob: 50.1% | Price: 0.0789 | Entry: 0.0781
2026-04-06 10:18:01,623 - __main__ - INFO - [LOW_PROB] Symbol LAYER/USDT rejected: Prob 50.1% < 52%
2026-04-06 10:18:05,214 - __main__ - INFO - SIGNAL FOUND: ACX/USDT | Prob: 51.8% | Price: 0.0428 | Entry: 0.0426
2026-04-06 10:18:05,214 - __main__ - INFO - [LOW_PROB] Symbol ACX/USDT rejected: Prob 51.8% < 52%
2026-04-06 10:18:05,819 - __main__ - INFO - --- AUTO-SCAN CYCLE FINISHED ---
2026-04-06 10:33:05,831 - __main__ - INFO - --- STARTING 15-MIN AUTO-SCAN CYCLE ---
2026-04-06 10:33:05,832 - data.fetcher - INFO - Using WHITELIST of 19 symbols.
2026-04-06 10:33:05,834 - __main__ - INFO - Scanning progress: 0/19 symbols checked...
2026-04-06 10:33:06,542 - __main__ - INFO - SIGNAL FOUND: ADA/USDT | Prob: 38.4% | Price: 0.256 | Entry: 0.2464
2026-04-06 10:33:06,542 - __main__ - INFO - [LOW_PROB] Symbol ADA/USDT rejected: Prob 38.4% < 52%
2026-04-06 10:33:08,570 - __main__ - INFO - SIGNAL FOUND: LAYER/USDT | Prob: 50.1% | Price: 0.079 | Entry: 0.0781
2026-04-06 10:33:08,570 - __main__ - INFO - [LOW_PROB] Symbol LAYER/USDT rejected: Prob 50.1% < 52%
2026-04-06 10:33:12,182 - __main__ - INFO - SIGNAL FOUND: ACX/USDT | Prob: 51.8% | Price: 0.0429 | Entry: 0.0426
2026-04-06 10:33:12,182 - __main__ - INFO - [LOW_PROB] Symbol ACX/USDT rejected: Prob 51.8% < 52%
2026-04-06 10:33:12,793 - __main__ - INFO - --- AUTO-SCAN CYCLE FINISHED ---
2026-04-06 10:48:12,801 - __main__ - INFO - --- STARTING 15-MIN AUTO-SCAN CYCLE ---
2026-04-06 10:48:12,802 - data.fetcher - INFO - Using WHITELIST of 19 symbols.
2026-04-06 10:48:12,805 - __main__ - INFO - Scanning progress: 0/19 symbols checked...
2026-04-06 10:48:13,489 - __main__ - INFO - SIGNAL FOUND: ADA/USDT | Prob: 38.4% | Price: 0.2554 | Entry: 0.2464
2026-04-06 10:48:13,490 - __main__ - INFO - [LOW_PROB] Symbol ADA/USDT rejected: Prob 38.4% < 52%
2026-04-06 10:48:15,495 - __main__ - INFO - SIGNAL FOUND: LAYER/USDT | Prob: 50.1% | Price: 0.079 | Entry: 0.0781
2026-04-06 10:48:15,496 - __main__ - INFO - [LOW_PROB] Symbol LAYER/USDT rejected: Prob 50.1% < 52%
2026-04-06 10:48:19,130 - __main__ - INFO - SIGNAL FOUND: ACX/USDT | Prob: 51.8% | Price: 0.0428 | Entry: 0.0426
2026-04-06 10:48:19,130 - __main__ - INFO - [LOW_PROB] Symbol ACX/USDT rejected: Prob 51.8% < 52%
2026-04-06 10:48:19,721 - __main__ - INFO - --- AUTO-SCAN CYCLE FINISHED ---
2026-04-06 10:55:45,992 - aiogram.dispatcher - INFO - Polling stopped for bot @trrrrdbiin_bot id=7349237883 - 'trrrrdbiinbot'
2026-04-06 10:55:45,994 - aiogram.dispatcher - INFO - Polling stopped
2026-04-06 15:30:49,808 - aiogram.dispatcher - INFO - Start polling
2026-04-06 15:30:49,809 - __main__ - INFO - Background Auto-Scan Task STARTED
2026-04-06 15:30:49,809 - __main__ - INFO - --- STARTING 15-MIN AUTO-SCAN CYCLE ---
2026-04-06 15:30:49,822 - data.fetcher - ERROR - Error loading whitelist: 'list' object has no attribute 'get'
2026-04-06 15:30:52,130 - __main__ - INFO - Scanning progress: 0/604 symbols checked...
2026-04-06 15:30:52,308 - aiogram.dispatcher - INFO - Run polling for bot @trrrrdbiin_bot id=7349237883 - 'trrrrdbiinbot'
2026-04-06 15:30:57,892 - __main__ - INFO - SIGNAL FOUND: 1000CAT/USDT | Prob: 31.1% | Price: 0.00166 | Entry: 0.00164
2026-04-06 15:30:57,892 - __main__ - INFO - [LOW_PROB] Symbol 1000CAT/USDT rejected: Prob 31.1% < 52%
2026-04-06 15:31:02,475 - aiogram.event - INFO - Update id=313222051 is handled. Duration 141 ms by bot id=7349237883
2026-04-06 15:31:04,197 - aiogram.event - INFO - Update id=313222052 is handled. Duration 77 ms by bot id=7349237883
2026-04-06 15:31:15,154 - aiogram.dispatcher - INFO - Polling stopped
2026-04-06 15:31:15,155 - aiogram.dispatcher - INFO - Polling stopped for bot @trrrrdbiin_bot id=7349237883 - 'trrrrdbiinbot'
2026-04-06 15:34:56,469 - __main__ - INFO - Bot starting...
2026-04-06 15:34:56,469 - aiogram.dispatcher - INFO - Start polling
2026-04-06 15:34:56,605 - aiogram.dispatcher - INFO - Run polling for bot @trrrrdbiin_bot id=7349237883 - 'trrrrdbiinbot'
2026-04-06 15:36:18,282 - aiogram.dispatcher - INFO - Polling stopped for bot @trrrrdbiin_bot id=7349237883 - 'trrrrdbiinbot'
2026-04-06 15:36:18,282 - aiogram.dispatcher - INFO - Polling stopped
2026-04-06 15:36:25,948 - __main__ - INFO - Bot starting...
2026-04-06 15:36:25,948 - aiogram.dispatcher - INFO - Start polling
2026-04-06 15:36:26,095 - aiogram.dispatcher - INFO - Run polling for bot @trrrrdbiin_bot id=7349237883 - 'trrrrdbiinbot'
2026-04-06 15:36:28,337 - aiogram.event - INFO - Update id=313222053 is handled. Duration 156 ms by bot id=7349237883
2026-04-06 15:36:28,338 - __main__ - INFO - Background Auto-Scan Task STARTED
2026-04-06 15:36:28,338 - __main__ - INFO - --- STARTING 15-MIN AUTO-SCAN CYCLE ---
2026-04-06 15:36:34,904 - __main__ - INFO - Scan cycle finished. Found 0 signals.
2026-04-06 15:51:34,938 - __main__ - INFO - --- STARTING 15-MIN AUTO-SCAN CYCLE ---
2026-04-06 15:51:38,584 - __main__ - INFO - Scan cycle finished. Found 0 signals.
2026-04-06 16:06:38,626 - __main__ - INFO - --- STARTING 15-MIN AUTO-SCAN CYCLE ---
2026-04-06 16:06:42,365 - __main__ - INFO - Scan cycle finished. Found 0 signals.
2026-04-06 16:21:42,390 - __main__ - INFO - --- STARTING 15-MIN AUTO-SCAN CYCLE ---
2026-04-06 16:21:45,990 - __main__ - INFO - Scan cycle finished. Found 0 signals.
2026-04-06 16:36:46,020 - __main__ - INFO - --- STARTING 15-MIN AUTO-SCAN CYCLE ---
2026-04-06 16:36:49,543 - __main__ - INFO - Scan cycle finished. Found 0 signals.
2026-04-06 16:51:49,567 - __main__ - INFO - --- STARTING 15-MIN AUTO-SCAN CYCLE ---
2026-04-06 16:51:54,414 - __main__ - INFO - Scan cycle finished. Found 0 signals.
2026-04-06 16:59:02,442 - aiogram.event - INFO - Update id=313222054 is not handled. Duration 0 ms by bot id=7349237883
2026-04-06 16:59:16,802 - aiogram.event - INFO - Update id=313222055 is not handled. Duration 0 ms by bot id=7349237883
2026-04-06 16:59:18,629 - aiogram.event - INFO - Update id=313222056 is not handled. Duration 0 ms by bot id=7349237883
2026-04-06 16:59:19,973 - aiogram.event - INFO - Update id=313222057 is handled. Duration 125 ms by bot id=7349237883
2026-04-06 16:59:19,974 - __main__ - INFO - Background Auto-Scan Task STARTED
2026-04-06 16:59:19,974 - __main__ - INFO - --- STARTING 15-MIN AUTO-SCAN CYCLE ---
2026-04-06 16:59:23,432 - __main__ - INFO - Scan cycle finished. Found 0 signals.
2026-04-06 17:06:54,426 - __main__ - INFO - --- STARTING 15-MIN AUTO-SCAN CYCLE ---
2026-04-06 17:06:57,988 - __main__ - INFO - Scan cycle finished. Found 0 signals.
2026-04-06 17:14:23,444 - __main__ - INFO - --- STARTING 15-MIN AUTO-SCAN CYCLE ---
2026-04-06 17:14:26,998 - __main__ - INFO - Scan cycle finished. Found 0 signals.
2026-04-06 17:21:58,016 - __main__ - INFO - --- STARTING 15-MIN AUTO-SCAN CYCLE ---
2026-04-06 17:22:02,575 - __main__ - INFO - Scan cycle finished. Found 0 signals.
2026-04-06 17:29:27,016 - __main__ - INFO - --- STARTING 15-MIN AUTO-SCAN CYCLE ---
2026-04-06 17:29:30,573 - __main__ - INFO - Scan cycle finished. Found 0 signals.
2026-04-06 17:37:02,601 - __main__ - INFO - --- STARTING 15-MIN AUTO-SCAN CYCLE ---
2026-04-06 17:37:06,884 - __main__ - INFO - Scan cycle finished. Found 0 signals.
2026-04-06 17:44:30,589 - __main__ - INFO - --- STARTING 15-MIN AUTO-SCAN CYCLE ---
2026-04-06 17:44:34,079 - __main__ - INFO - Scan cycle finished. Found 0 signals.
2026-04-06 17:52:06,902 - __main__ - INFO - --- STARTING 15-MIN AUTO-SCAN CYCLE ---
2026-04-06 17:52:10,452 - __main__ - INFO - Scan cycle finished. Found 0 signals.
2026-04-06 17:59:34,099 - __main__ - INFO - --- STARTING 15-MIN AUTO-SCAN CYCLE ---
2026-04-06 17:59:37,599 - __main__ - INFO - Scan cycle finished. Found 0 signals.
2026-04-06 18:07:10,466 - __main__ - INFO - --- STARTING 15-MIN AUTO-SCAN CYCLE ---
2026-04-06 18:07:13,998 - __main__ - INFO - Scan cycle finished. Found 0 signals.
2026-04-06 18:14:37,616 - __main__ - INFO - --- STARTING 15-MIN AUTO-SCAN CYCLE ---
2026-04-06 18:14:41,345 - __main__ - INFO - Scan cycle finished. Found 0 signals.
2026-04-06 18:22:14,014 - __main__ - INFO - --- STARTING 15-MIN AUTO-SCAN CYCLE ---
2026-04-06 18:22:18,019 - __main__ - INFO - Scan cycle finished. Found 0 signals.
2026-04-06 18:29:41,366 - __main__ - INFO - --- STARTING 15-MIN AUTO-SCAN CYCLE ---
2026-04-06 18:29:44,904 - __main__ - INFO - Scan cycle finished. Found 0 signals.
2026-04-06 18:37:18,035 - __main__ - INFO - --- STARTING 15-MIN AUTO-SCAN CYCLE ---
2026-04-06 18:37:21,648 - __main__ - INFO - Scan cycle finished. Found 0 signals.
2026-04-06 18:44:44,913 - __main__ - INFO - --- STARTING 15-MIN AUTO-SCAN CYCLE ---
2026-04-06 18:44:48,481 - __main__ - INFO - Scan cycle finished. Found 0 signals.
2026-04-06 18:52:21,669 - __main__ - INFO - --- STARTING 15-MIN AUTO-SCAN CYCLE ---
2026-04-06 18:52:25,425 - __main__ - INFO - Scan cycle finished. Found 0 signals.
2026-04-06 18:59:48,508 - __main__ - INFO - --- STARTING 15-MIN AUTO-SCAN CYCLE ---
2026-04-06 18:59:52,089 - __main__ - INFO - Scan cycle finished. Found 0 signals.
2026-04-06 19:07:25,451 - __main__ - INFO - --- STARTING 15-MIN AUTO-SCAN CYCLE ---
2026-04-06 19:07:28,996 - __main__ - INFO - Scan cycle finished. Found 0 signals.
2026-04-06 19:14:52,107 - __main__ - INFO - --- STARTING 15-MIN AUTO-SCAN CYCLE ---
2026-04-06 19:14:55,668 - __main__ - INFO - Scan cycle finished. Found 0 signals.
2026-04-06 19:22:29,009 - __main__ - INFO - --- STARTING 15-MIN AUTO-SCAN CYCLE ---
2026-04-06 19:22:32,655 - __main__ - INFO - Scan cycle finished. Found 0 signals.
2026-04-06 19:29:55,694 - __main__ - INFO - --- STARTING 15-MIN AUTO-SCAN CYCLE ---
2026-04-06 19:29:59,454 - __main__ - INFO - Scan cycle finished. Found 0 signals.
2026-04-06 19:37:32,667 - __main__ - INFO - --- STARTING 15-MIN AUTO-SCAN CYCLE ---
2026-04-06 19:37:36,282 - __main__ - INFO - Scan cycle finished. Found 0 signals.
2026-04-06 19:44:59,467 - __main__ - INFO - --- STARTING 15-MIN AUTO-SCAN CYCLE ---
2026-04-06 19:45:03,837 - __main__ - INFO - Scan cycle finished. Found 0 signals.
2026-04-06 19:52:36,284 - __main__ - INFO - --- STARTING 15-MIN AUTO-SCAN CYCLE ---
2026-04-06 19:52:39,874 - __main__ - INFO - Scan cycle finished. Found 0 signals.
2026-04-06 20:00:03,850 - __main__ - INFO - --- STARTING 15-MIN AUTO-SCAN CYCLE ---
2026-04-06 20:00:07,550 - __main__ - INFO - Scan cycle finished. Found 0 signals.
2026-04-06 20:07:39,883 - __main__ - INFO - --- STARTING 15-MIN AUTO-SCAN CYCLE ---
2026-04-06 20:07:43,523 - __main__ - INFO - Scan cycle finished. Found 0 signals.
2026-04-06 20:15:07,558 - __main__ - INFO - --- STARTING 15-MIN AUTO-SCAN CYCLE ---
2026-04-06 20:15:11,895 - __main__ - INFO - Scan cycle finished. Found 0 signals.
2026-04-06 20:22:43,535 - __main__ - INFO - --- STARTING 15-MIN AUTO-SCAN CYCLE ---
2026-04-06 20:22:47,228 - __main__ - INFO - Scan cycle finished. Found 0 signals.
2026-04-06 20:26:21,112 - aiogram.event - INFO - Update id=313222058 is handled. Duration 125 ms by bot id=7349237883
2026-04-06 20:26:21,112 - __main__ - INFO - Background Auto-Scan Task STARTED
2026-04-06 20:26:21,112 - __main__ - INFO - --- STARTING 15-MIN AUTO-SCAN CYCLE ---
2026-04-06 20:26:24,694 - __main__ - INFO - Scan cycle finished. Found 0 signals.
2026-04-06 20:30:11,920 - __main__ - INFO - --- STARTING 15-MIN AUTO-SCAN CYCLE ---
2026-04-06 20:30:15,421 - __main__ - INFO - Scan cycle finished. Found 0 signals.
2026-04-06 20:37:47,241 - __main__ - INFO - --- STARTING 15-MIN AUTO-SCAN CYCLE ---
2026-04-06 20:37:50,853 - __main__ - INFO - Scan cycle finished. Found 0 signals.
2026-04-06 20:41:24,714 - __main__ - INFO - --- STARTING 15-MIN AUTO-SCAN CYCLE ---
2026-04-06 20:41:28,958 - __main__ - INFO - Scan cycle finished. Found 0 signals.
2026-04-06 20:45:15,435 - __main__ - INFO - --- STARTING 15-MIN AUTO-SCAN CYCLE ---
2026-04-06 20:45:19,181 - __main__ - INFO - Scan cycle finished. Found 0 signals.
2026-04-06 20:52:50,856 - __main__ - INFO - --- STARTING 15-MIN AUTO-SCAN CYCLE ---
2026-04-06 20:52:54,486 - __main__ - INFO - Scan cycle finished. Found 0 signals.
2026-04-06 20:56:28,968 - __main__ - INFO - --- STARTING 15-MIN AUTO-SCAN CYCLE ---
2026-04-06 20:56:32,541 - __main__ - INFO - Scan cycle finished. Found 0 signals.
2026-04-06 21:00:19,185 - __main__ - INFO - --- STARTING 15-MIN AUTO-SCAN CYCLE ---
2026-04-06 21:00:22,776 - __main__ - INFO - Scan cycle finished. Found 0 signals.
2026-04-06 21:07:54,499 - __main__ - INFO - --- STARTING 15-MIN AUTO-SCAN CYCLE ---
2026-04-06 21:07:58,588 - __main__ - INFO - Scan cycle finished. Found 0 signals.
2026-04-06 21:11:32,568 - __main__ - INFO - --- STARTING 15-MIN AUTO-SCAN CYCLE ---
2026-04-06 21:11:36,184 - __main__ - INFO - Scan cycle finished. Found 0 signals.
2026-04-06 21:15:22,794 - __main__ - INFO - --- STARTING 15-MIN AUTO-SCAN CYCLE ---
2026-04-06 21:15:26,426 - __main__ - INFO - Scan cycle finished. Found 0 signals.
2026-04-06 21:22:58,588 - __main__ - INFO - --- STARTING 15-MIN AUTO-SCAN CYCLE ---
2026-04-06 21:23:02,337 - __main__ - INFO - Scan cycle finished. Found 0 signals.
2026-04-06 21:26:36,202 - __main__ - INFO - --- STARTING 15-MIN AUTO-SCAN CYCLE ---
2026-04-06 21:26:39,869 - __main__ - INFO - Scan cycle finished. Found 0 signals.
2026-04-06 21:30:26,435 - __main__ - INFO - --- STARTING 15-MIN AUTO-SCAN CYCLE ---
2026-04-06 21:30:30,277 - __main__ - INFO - Scan cycle finished. Found 0 signals.
2026-04-06 21:38:02,361 - __main__ - INFO - --- STARTING 15-MIN AUTO-SCAN CYCLE ---
2026-04-06 21:38:06,443 - __main__ - INFO - Scan cycle finished. Found 0 signals.
2026-04-06 21:41:39,890 - __main__ - INFO - --- STARTING 15-MIN AUTO-SCAN CYCLE ---
2026-04-06 21:41:43,430 - __main__ - INFO - Scan cycle finished. Found 0 signals.
2026-04-06 21:45:30,298 - __main__ - INFO - --- STARTING 15-MIN AUTO-SCAN CYCLE ---
2026-04-06 21:45:33,911 - __main__ - INFO - Scan cycle finished. Found 0 signals.
2026-04-06 21:53:06,458 - __main__ - INFO - --- STARTING 15-MIN AUTO-SCAN CYCLE ---
2026-04-06 21:53:10,144 - __main__ - INFO - Scan cycle finished. Found 0 signals.
2026-04-06 21:54:07,866 - aiogram.event - INFO - Update id=313222059 is handled. Duration 141 ms by bot id=7349237883
2026-04-06 21:54:07,866 - __main__ - INFO - Background Auto-Scan Task STARTED
2026-04-06 21:54:07,866 - __main__ - INFO - --- STARTING 15-MIN AUTO-SCAN CYCLE ---
2026-04-06 21:54:12,110 - __main__ - INFO - Scan cycle finished. Found 0 signals.
2026-04-06 21:56:43,457 - __main__ - INFO - --- STARTING 15-MIN AUTO-SCAN CYCLE ---
2026-04-06 21:56:47,045 - __main__ - INFO - Scan cycle finished. Found 0 signals.
2026-04-06 22:00:33,945 - __main__ - INFO - --- STARTING 15-MIN AUTO-SCAN CYCLE ---
2026-04-06 22:00:37,618 - __main__ - INFO - Scan cycle finished. Found 0 signals.
2026-04-06 22:08:10,152 - __main__ - INFO - --- STARTING 15-MIN AUTO-SCAN CYCLE ---
2026-04-06 22:08:13,855 - __main__ - INFO - Scan cycle finished. Found 0 signals.
2026-04-06 22:09:12,116 - __main__ - INFO - --- STARTING 15-MIN AUTO-SCAN CYCLE ---
2026-04-06 22:09:15,691 - __main__ - INFO - Scan cycle finished. Found 0 signals.
2026-04-06 22:11:47,068 - __main__ - INFO - --- STARTING 15-MIN AUTO-SCAN CYCLE ---
2026-04-06 22:11:51,146 - __main__ - INFO - Scan cycle finished. Found 0 signals.
2026-04-06 22:15:37,658 - __main__ - INFO - --- STARTING 15-MIN AUTO-SCAN CYCLE ---
2026-04-06 22:15:41,217 - __main__ - INFO - Scan cycle finished. Found 0 signals.
2026-04-06 22:23:13,869 - __main__ - INFO - --- STARTING 15-MIN AUTO-SCAN CYCLE ---
2026-04-06 22:23:17,558 - __main__ - INFO - Scan cycle finished. Found 0 signals.
2026-04-06 22:24:15,711 - __main__ - INFO - --- STARTING 15-MIN AUTO-SCAN CYCLE ---
2026-04-06 22:24:19,282 - __main__ - INFO - Scan cycle finished. Found 0 signals.
2026-04-06 22:26:51,159 - __main__ - INFO - --- STARTING 15-MIN AUTO-SCAN CYCLE ---
2026-04-06 22:26:54,695 - __main__ - INFO - Scan cycle finished. Found 0 signals.
2026-04-06 22:30:41,222 - __main__ - INFO - --- STARTING 15-MIN AUTO-SCAN CYCLE ---
2026-04-06 22:30:44,958 - __main__ - INFO - Scan cycle finished. Found 0 signals.
2026-04-06 22:38:17,578 - __main__ - INFO - --- STARTING 15-MIN AUTO-SCAN CYCLE ---
2026-04-06 22:38:21,324 - __main__ - INFO - Scan cycle finished. Found 0 signals.
2026-04-06 22:39:19,297 - __main__ - INFO - --- STARTING 15-MIN AUTO-SCAN CYCLE ---
2026-04-06 22:39:22,878 - __main__ - INFO - Scan cycle finished. Found 0 signals.
2026-04-06 22:41:54,709 - __main__ - INFO - --- STARTING 15-MIN AUTO-SCAN CYCLE ---
2026-04-06 22:41:58,314 - __main__ - INFO - Scan cycle finished. Found 0 signals.
2026-04-06 22:45:44,963 - __main__ - INFO - --- STARTING 15-MIN AUTO-SCAN CYCLE ---
2026-04-06 22:45:48,804 - __main__ - INFO - Scan cycle finished. Found 0 signals.
2026-04-06 22:53:21,332 - __main__ - INFO - --- STARTING 15-MIN AUTO-SCAN CYCLE ---
2026-04-06 22:53:25,163 - __main__ - INFO - Scan cycle finished. Found 0 signals.
2026-04-06 22:54:22,888 - __main__ - INFO - --- STARTING 15-MIN AUTO-SCAN CYCLE ---
2026-04-06 22:54:26,442 - __main__ - INFO - Scan cycle finished. Found 0 signals.
2026-04-06 22:56:58,336 - __main__ - INFO - --- STARTING 15-MIN AUTO-SCAN CYCLE ---
2026-04-06 22:57:01,956 - __main__ - INFO - Scan cycle finished. Found 0 signals.
2026-04-06 23:00:48,826 - __main__ - INFO - --- STARTING 15-MIN AUTO-SCAN CYCLE ---
2026-04-06 23:00:52,507 - __main__ - INFO - Scan cycle finished. Found 0 signals.
2026-04-06 23:08:25,185 - __main__ - INFO - --- STARTING 15-MIN AUTO-SCAN CYCLE ---
2026-04-06 23:08:28,906 - __main__ - INFO - Scan cycle finished. Found 0 signals.
2026-04-06 23:09:26,447 - __main__ - INFO - --- STARTING 15-MIN AUTO-SCAN CYCLE ---
2026-04-06 23:09:30,334 - __main__ - INFO - Scan cycle finished. Found 0 signals.
2026-04-06 23:12:01,973 - __main__ - INFO - --- STARTING 15-MIN AUTO-SCAN CYCLE ---
2026-04-06 23:12:05,593 - __main__ - INFO - Scan cycle finished. Found 0 signals.
2026-04-06 23:15:52,520 - __main__ - INFO - --- STARTING 15-MIN AUTO-SCAN CYCLE ---
2026-04-06 23:15:56,178 - __main__ - INFO - Scan cycle finished. Found 0 signals.
2026-04-06 23:23:28,923 - __main__ - INFO - --- STARTING 15-MIN AUTO-SCAN CYCLE ---
2026-04-06 23:23:32,594 - __main__ - INFO - Scan cycle finished. Found 0 signals.
2026-04-06 23:24:30,348 - __main__ - INFO - --- STARTING 15-MIN AUTO-SCAN CYCLE ---
2026-04-06 23:24:33,918 - __main__ - INFO - Scan cycle finished. Found 0 signals.
2026-04-06 23:27:05,596 - __main__ - INFO - --- STARTING 15-MIN AUTO-SCAN CYCLE ---
2026-04-06 23:27:09,360 - __main__ - INFO - Scan cycle finished. Found 0 signals.
2026-04-06 23:30:56,201 - __main__ - INFO - --- STARTING 15-MIN AUTO-SCAN CYCLE ---
2026-04-06 23:30:59,825 - __main__ - INFO - Scan cycle finished. Found 0 signals.
2026-04-06 23:38:32,607 - __main__ - INFO - --- STARTING 15-MIN AUTO-SCAN CYCLE ---
2026-04-06 23:38:33,458 - __main__ - INFO - [SIGNAL] Found signal for BTC/USDT with prob 57.20%
2026-04-06 23:38:36,853 - __main__ - INFO - Scan cycle finished. Found 1 signals.
2026-04-06 23:39:33,937 - __main__ - INFO - --- STARTING 15-MIN AUTO-SCAN CYCLE ---
2026-04-06 23:39:34,601 - __main__ - INFO - [SIGNAL] Found signal for BTC/USDT with prob 52.53%
2026-04-06 23:39:37,657 - __main__ - INFO - Scan cycle finished. Found 1 signals.
2026-04-06 23:42:09,379 - __main__ - INFO - --- STARTING 15-MIN AUTO-SCAN CYCLE ---
2026-04-06 23:42:10,038 - __main__ - INFO - [SIGNAL] Found signal for BTC/USDT with prob 65.76%
2026-04-06 23:42:13,327 - __main__ - INFO - Scan cycle finished. Found 1 signals.
2026-04-06 23:45:59,855 - __main__ - INFO - --- STARTING 15-MIN AUTO-SCAN CYCLE ---
2026-04-06 23:46:03,476 - __main__ - INFO - Scan cycle finished. Found 0 signals.
2026-04-06 23:53:36,869 - __main__ - INFO - --- STARTING 15-MIN AUTO-SCAN CYCLE ---
2026-04-06 23:53:40,584 - __main__ - INFO - Scan cycle finished. Found 0 signals.
2026-04-06 23:54:37,675 - __main__ - INFO - --- STARTING 15-MIN AUTO-SCAN CYCLE ---
2026-04-06 23:54:41,352 - __main__ - INFO - Scan cycle finished. Found 0 signals.
2026-04-06 23:57:13,343 - __main__ - INFO - --- STARTING 15-MIN AUTO-SCAN CYCLE ---
2026-04-06 23:57:16,979 - __main__ - INFO - Scan cycle finished. Found 0 signals.
2026-04-07 00:01:03,487 - __main__ - INFO - --- STARTING 15-MIN AUTO-SCAN CYCLE ---
2026-04-07 00:01:05,324 - __main__ - INFO - Scan cycle finished. Found 0 signals.
2026-04-07 00:08:40,604 - __main__ - INFO - --- STARTING 15-MIN AUTO-SCAN CYCLE ---
2026-04-07 00:08:42,633 - __main__ - INFO - Scan cycle finished. Found 0 signals.
2026-04-07 00:09:41,362 - __main__ - INFO - --- STARTING 15-MIN AUTO-SCAN CYCLE ---
2026-04-07 00:09:43,237 - __main__ - INFO - Scan cycle finished. Found 0 signals.
2026-04-07 00:12:17,008 - __main__ - INFO - --- STARTING 15-MIN AUTO-SCAN CYCLE ---
2026-04-07 00:12:18,882 - __main__ - INFO - Scan cycle finished. Found 0 signals.
2026-04-07 00:16:05,338 - __main__ - INFO - --- STARTING 15-MIN AUTO-SCAN CYCLE ---
2026-04-07 00:16:07,215 - __main__ - INFO - Scan cycle finished. Found 0 signals.
2026-04-07 00:23:42,640 - __main__ - INFO - --- STARTING 15-MIN AUTO-SCAN CYCLE ---
2026-04-07 00:23:44,573 - __main__ - INFO - Scan cycle finished. Found 0 signals.
2026-04-07 00:24:43,260 - __main__ - INFO - --- STARTING 15-MIN AUTO-SCAN CYCLE ---
2026-04-07 00:24:45,131 - __main__ - INFO - Scan cycle finished. Found 0 signals.
2026-04-07 00:27:18,896 - __main__ - INFO - --- STARTING 15-MIN AUTO-SCAN CYCLE ---
2026-04-07 00:27:20,772 - __main__ - INFO - Scan cycle finished. Found 0 signals.
2026-04-07 00:31:07,238 - __main__ - INFO - --- STARTING 15-MIN AUTO-SCAN CYCLE ---
2026-04-07 00:31:09,089 - __main__ - INFO - Scan cycle finished. Found 0 signals.
2026-04-07 00:38:44,596 - __main__ - INFO - --- STARTING 15-MIN AUTO-SCAN CYCLE ---
2026-04-07 00:38:46,695 - __main__ - INFO - Scan cycle finished. Found 0 signals.
2026-04-07 00:39:45,145 - __main__ - INFO - --- STARTING 15-MIN AUTO-SCAN CYCLE ---
2026-04-07 00:39:47,152 - __main__ - INFO - Scan cycle finished. Found 0 signals.
2026-04-07 00:42:20,795 - __main__ - INFO - --- STARTING 15-MIN AUTO-SCAN CYCLE ---
2026-04-07 00:42:22,799 - __main__ - INFO - Scan cycle finished. Found 0 signals.
2026-04-07 00:46:09,103 - __main__ - INFO - --- STARTING 15-MIN AUTO-SCAN CYCLE ---
2026-04-07 00:46:11,106 - __main__ - INFO - Scan cycle finished. Found 0 signals.
2026-04-07 00:53:46,705 - __main__ - INFO - --- STARTING 15-MIN AUTO-SCAN CYCLE ---
2026-04-07 00:53:48,816 - __main__ - INFO - Scan cycle finished. Found 0 signals.
2026-04-07 00:54:47,163 - __main__ - INFO - --- STARTING 15-MIN AUTO-SCAN CYCLE ---
2026-04-07 00:54:49,195 - __main__ - INFO - Scan cycle finished. Found 0 signals.
2026-04-07 00:57:22,799 - __main__ - INFO - --- STARTING 15-MIN AUTO-SCAN CYCLE ---
2026-04-07 00:57:24,854 - __main__ - INFO - Scan cycle finished. Found 0 signals.
2026-04-07 01:01:11,124 - __main__ - INFO - --- STARTING 15-MIN AUTO-SCAN CYCLE ---
2026-04-07 01:01:13,170 - __main__ - INFO - Scan cycle finished. Found 0 signals.
2026-04-07 01:08:48,829 - __main__ - INFO - --- STARTING 15-MIN AUTO-SCAN CYCLE ---
2026-04-07 01:08:50,970 - __main__ - INFO - Scan cycle finished. Found 0 signals.
2026-04-07 01:09:49,208 - __main__ - INFO - --- STARTING 15-MIN AUTO-SCAN CYCLE ---
2026-04-07 01:09:51,234 - __main__ - INFO - Scan cycle finished. Found 0 signals.
2026-04-07 01:12:24,852 - __main__ - INFO - --- STARTING 15-MIN AUTO-SCAN CYCLE ---
2026-04-07 01:12:26,912 - __main__ - INFO - Scan cycle finished. Found 0 signals.
2026-04-07 01:16:13,164 - __main__ - INFO - --- STARTING 15-MIN AUTO-SCAN CYCLE ---
2026-04-07 01:16:15,726 - __main__ - INFO - Scan cycle finished. Found 0 signals.
2026-04-07 01:23:50,984 - __main__ - INFO - --- STARTING 15-MIN AUTO-SCAN CYCLE ---
2026-04-07 01:23:53,165 - __main__ - INFO - Scan cycle finished. Found 0 signals.
2026-04-07 01:24:51,242 - __main__ - INFO - --- STARTING 15-MIN AUTO-SCAN CYCLE ---
2026-04-07 01:24:53,274 - __main__ - INFO - Scan cycle finished. Found 0 signals.
2026-04-07 01:27:26,935 - __main__ - INFO - --- STARTING 15-MIN AUTO-SCAN CYCLE ---
2026-04-07 01:27:28,969 - __main__ - INFO - Scan cycle finished. Found 0 signals.
2026-04-07 01:31:15,741 - __main__ - INFO - --- STARTING 15-MIN AUTO-SCAN CYCLE ---
2026-04-07 01:31:17,779 - __main__ - INFO - Scan cycle finished. Found 0 signals.
2026-04-07 01:38:53,171 - __main__ - INFO - --- STARTING 15-MIN AUTO-SCAN CYCLE ---
2026-04-07 01:38:55,326 - __main__ - INFO - Scan cycle finished. Found 0 signals.
2026-04-07 01:39:53,283 - __main__ - INFO - --- STARTING 15-MIN AUTO-SCAN CYCLE ---
2026-04-07 01:39:55,326 - __main__ - INFO - Scan cycle finished. Found 0 signals.
2026-04-07 01:42:28,972 - __main__ - INFO - --- STARTING 15-MIN AUTO-SCAN CYCLE ---
2026-04-07 01:42:31,042 - __main__ - INFO - Scan cycle finished. Found 0 signals.
2026-04-07 01:46:17,795 - __main__ - INFO - --- STARTING 15-MIN AUTO-SCAN CYCLE ---
2026-04-07 01:46:19,847 - __main__ - INFO - Scan cycle finished. Found 0 signals.
2026-04-07 01:53:55,337 - __main__ - INFO - --- STARTING 15-MIN AUTO-SCAN CYCLE ---
2026-04-07 01:53:57,459 - __main__ - INFO - Scan cycle finished. Found 0 signals.
2026-04-07 01:54:55,334 - __main__ - INFO - --- STARTING 15-MIN AUTO-SCAN CYCLE ---
2026-04-07 01:54:57,383 - __main__ - INFO - Scan cycle finished. Found 0 signals.
2026-04-07 01:57:31,058 - __main__ - INFO - --- STARTING 15-MIN AUTO-SCAN CYCLE ---
2026-04-07 01:57:33,129 - __main__ - INFO - Scan cycle finished. Found 0 signals.
2026-04-07 02:01:19,852 - __main__ - INFO - --- STARTING 15-MIN AUTO-SCAN CYCLE ---
2026-04-07 02:01:21,895 - __main__ - INFO - Scan cycle finished. Found 0 signals.
2026-04-07 02:08:57,465 - __main__ - INFO - --- STARTING 15-MIN AUTO-SCAN CYCLE ---
2026-04-07 02:08:59,576 - __main__ - INFO - Scan cycle finished. Found 0 signals.
2026-04-07 02:09:57,400 - __main__ - INFO - --- STARTING 15-MIN AUTO-SCAN CYCLE ---
2026-04-07 02:09:59,417 - __main__ - INFO - Scan cycle finished. Found 0 signals.
2026-04-07 02:12:33,147 - __main__ - INFO - --- STARTING 15-MIN AUTO-SCAN CYCLE ---
2026-04-07 02:12:35,166 - __main__ - INFO - Scan cycle finished. Found 0 signals.
2026-04-07 02:16:21,921 - __main__ - INFO - --- STARTING 15-MIN AUTO-SCAN CYCLE ---
2026-04-07 02:16:23,974 - __main__ - INFO - Scan cycle finished. Found 0 signals.
2026-04-07 02:23:59,599 - __main__ - INFO - --- STARTING 15-MIN AUTO-SCAN CYCLE ---
2026-04-07 02:24:01,712 - __main__ - INFO - Scan cycle finished. Found 0 signals.
2026-04-07 02:24:59,439 - __main__ - INFO - --- STARTING 15-MIN AUTO-SCAN CYCLE ---
2026-04-07 02:25:02,207 - __main__ - INFO - Scan cycle finished. Found 0 signals.
2026-04-07 02:27:35,183 - __main__ - INFO - --- STARTING 15-MIN AUTO-SCAN CYCLE ---
2026-04-07 02:27:37,212 - __main__ - INFO - Scan cycle finished. Found 0 signals.
2026-04-07 02:31:23,983 - __main__ - INFO - --- STARTING 15-MIN AUTO-SCAN CYCLE ---
2026-04-07 02:31:25,998 - __main__ - INFO - Scan cycle finished. Found 0 signals.
2026-04-07 02:39:01,720 - __main__ - INFO - --- STARTING 15-MIN AUTO-SCAN CYCLE ---
2026-04-07 02:39:03,855 - __main__ - INFO - Scan cycle finished. Found 0 signals.
2026-04-07 02:40:02,214 - __main__ - INFO - --- STARTING 15-MIN AUTO-SCAN CYCLE ---
2026-04-07 02:40:04,226 - __main__ - INFO - Scan cycle finished. Found 0 signals.
2026-04-07 02:42:37,226 - __main__ - INFO - --- STARTING 15-MIN AUTO-SCAN CYCLE ---
2026-04-07 02:42:39,793 - __main__ - INFO - Scan cycle finished. Found 0 signals.
2026-04-07 02:46:26,017 - __main__ - INFO - --- STARTING 15-MIN AUTO-SCAN CYCLE ---
2026-04-07 02:46:28,048 - __main__ - INFO - Scan cycle finished. Found 0 signals.
2026-04-07 02:54:03,867 - __main__ - INFO - --- STARTING 15-MIN AUTO-SCAN CYCLE ---
2026-04-07 02:54:05,964 - __main__ - INFO - Scan cycle finished. Found 0 signals.
2026-04-07 02:55:04,249 - __main__ - INFO - --- STARTING 15-MIN AUTO-SCAN CYCLE ---
2026-04-07 02:55:06,268 - __main__ - INFO - Scan cycle finished. Found 0 signals.
2026-04-07 02:57:39,810 - __main__ - INFO - --- STARTING 15-MIN AUTO-SCAN CYCLE ---
2026-04-07 02:57:41,849 - __main__ - INFO - Scan cycle finished. Found 0 signals.
2026-04-07 03:01:28,061 - __main__ - INFO - --- STARTING 15-MIN AUTO-SCAN CYCLE ---
2026-04-07 03:01:30,084 - __main__ - INFO - Scan cycle finished. Found 0 signals.
2026-04-07 03:09:05,989 - __main__ - INFO - --- STARTING 15-MIN AUTO-SCAN CYCLE ---
2026-04-07 03:09:08,101 - __main__ - INFO - Scan cycle finished. Found 0 signals.
2026-04-07 03:10:06,275 - __main__ - INFO - --- STARTING 15-MIN AUTO-SCAN CYCLE ---
2026-04-07 03:10:08,304 - __main__ - INFO - Scan cycle finished. Found 0 signals.
2026-04-07 03:12:41,867 - __main__ - INFO - --- STARTING 15-MIN AUTO-SCAN CYCLE ---
2026-04-07 03:12:43,913 - __main__ - INFO - Scan cycle finished. Found 0 signals.
2026-04-07 03:16:30,096 - __main__ - INFO - --- STARTING 15-MIN AUTO-SCAN CYCLE ---
2026-04-07 03:16:32,128 - __main__ - INFO - Scan cycle finished. Found 0 signals.
2026-04-07 03:24:08,118 - __main__ - INFO - --- STARTING 15-MIN AUTO-SCAN CYCLE ---
2026-04-07 03:24:10,240 - __main__ - INFO - Scan cycle finished. Found 0 signals.
2026-04-07 03:25:08,315 - __main__ - INFO - --- STARTING 15-MIN AUTO-SCAN CYCLE ---
2026-04-07 03:25:10,340 - __main__ - INFO - Scan cycle finished. Found 0 signals.
2026-04-07 03:27:43,935 - __main__ - INFO - --- STARTING 15-MIN AUTO-SCAN CYCLE ---
2026-04-07 03:27:45,958 - __main__ - INFO - Scan cycle finished. Found 0 signals.
2026-04-07 03:31:32,143 - __main__ - INFO - --- STARTING 15-MIN AUTO-SCAN CYCLE ---
2026-04-07 03:31:34,165 - __main__ - INFO - Scan cycle finished. Found 0 signals.
2026-04-07 03:39:10,254 - __main__ - INFO - --- STARTING 15-MIN AUTO-SCAN CYCLE ---
2026-04-07 03:39:12,370 - __main__ - INFO - Scan cycle finished. Found 0 signals.
2026-04-07 03:40:10,363 - __main__ - INFO - --- STARTING 15-MIN AUTO-SCAN CYCLE ---
2026-04-07 03:40:12,398 - __main__ - INFO - Scan cycle finished. Found 0 signals.
2026-04-07 03:42:45,974 - __main__ - INFO - --- STARTING 15-MIN AUTO-SCAN CYCLE ---
2026-04-07 03:42:48,023 - __main__ - INFO - Scan cycle finished. Found 0 signals.
2026-04-07 03:46:34,191 - __main__ - INFO - --- STARTING 15-MIN AUTO-SCAN CYCLE ---
2026-04-07 03:46:37,750 - __main__ - INFO - Scan cycle finished. Found 0 signals.
2026-04-07 03:54:12,393 - __main__ - INFO - --- STARTING 15-MIN AUTO-SCAN CYCLE ---
2026-04-07 03:54:17,044 - __main__ - INFO - Scan cycle finished. Found 0 signals.
2026-04-07 03:55:12,433 - __main__ - INFO - --- STARTING 15-MIN AUTO-SCAN CYCLE ---
2026-04-07 03:55:15,928 - __main__ - INFO - Scan cycle finished. Found 0 signals.
2026-04-07 03:57:48,040 - __main__ - INFO - --- STARTING 15-MIN AUTO-SCAN CYCLE ---
2026-04-07 03:57:51,476 - __main__ - INFO - Scan cycle finished. Found 0 signals.
2026-04-07 04:01:37,779 - __main__ - INFO - --- STARTING 15-MIN AUTO-SCAN CYCLE ---
2026-04-07 04:01:41,300 - __main__ - INFO - Scan cycle finished. Found 0 signals.
2026-04-07 04:09:17,103 - __main__ - INFO - --- STARTING 15-MIN AUTO-SCAN CYCLE ---
2026-04-07 04:09:20,780 - __main__ - INFO - Scan cycle finished. Found 0 signals.
2026-04-07 04:10:15,941 - __main__ - INFO - --- STARTING 15-MIN AUTO-SCAN CYCLE ---
2026-04-07 04:10:19,450 - __main__ - INFO - Scan cycle finished. Found 0 signals.
2026-04-07 04:12:51,491 - __main__ - INFO - --- STARTING 15-MIN AUTO-SCAN CYCLE ---
2026-04-07 04:12:56,353 - __main__ - INFO - Scan cycle finished. Found 0 signals.
2026-04-07 04:16:41,319 - __main__ - INFO - --- STARTING 15-MIN AUTO-SCAN CYCLE ---
2026-04-07 04:16:44,856 - __main__ - INFO - Scan cycle finished. Found 0 signals.
2026-04-07 04:24:20,801 - __main__ - INFO - --- STARTING 15-MIN AUTO-SCAN CYCLE ---
2026-04-07 04:24:24,428 - __main__ - INFO - Scan cycle finished. Found 0 signals.
2026-04-07 04:25:19,481 - __main__ - INFO - --- STARTING 15-MIN AUTO-SCAN CYCLE ---
2026-04-07 04:25:23,009 - __main__ - INFO - Scan cycle finished. Found 0 signals.
2026-04-07 04:27:56,372 - __main__ - INFO - --- STARTING 15-MIN AUTO-SCAN CYCLE ---
2026-04-07 04:27:59,922 - __main__ - INFO - Scan cycle finished. Found 0 signals.
2026-04-07 04:31:44,872 - __main__ - INFO - --- STARTING 15-MIN AUTO-SCAN CYCLE ---
2026-04-07 04:31:48,444 - __main__ - INFO - Scan cycle finished. Found 0 signals.
2026-04-07 04:39:24,437 - __main__ - INFO - --- STARTING 15-MIN AUTO-SCAN CYCLE ---
2026-04-07 04:39:28,620 - __main__ - INFO - Scan cycle finished. Found 0 signals.
2026-04-07 04:40:23,020 - __main__ - INFO - --- STARTING 15-MIN AUTO-SCAN CYCLE ---
2026-04-07 04:40:26,475 - __main__ - INFO - Scan cycle finished. Found 0 signals.
2026-04-07 04:42:59,937 - __main__ - INFO - --- STARTING 15-MIN AUTO-SCAN CYCLE ---
2026-04-07 04:43:03,426 - __main__ - INFO - Scan cycle finished. Found 0 signals.
2026-04-07 04:46:48,464 - __main__ - INFO - --- STARTING 15-MIN AUTO-SCAN CYCLE ---
2026-04-07 04:46:52,049 - __main__ - INFO - Scan cycle finished. Found 0 signals.
2026-04-07 04:54:28,645 - __main__ - INFO - --- STARTING 15-MIN AUTO-SCAN CYCLE ---
2026-04-07 04:54:32,238 - __main__ - INFO - Scan cycle finished. Found 0 signals.
2026-04-07 04:55:26,490 - __main__ - INFO - --- STARTING 15-MIN AUTO-SCAN CYCLE ---
2026-04-07 04:55:30,291 - __main__ - INFO - Scan cycle finished. Found 0 signals.
2026-04-07 04:58:03,433 - __main__ - INFO - --- STARTING 15-MIN AUTO-SCAN CYCLE ---
2026-04-07 04:58:06,911 - __main__ - INFO - Scan cycle finished. Found 0 signals.
2026-04-07 05:01:52,058 - __main__ - INFO - --- STARTING 15-MIN AUTO-SCAN CYCLE ---
2026-04-07 05:01:56,155 - __main__ - INFO - Scan cycle finished. Found 0 signals.
2026-04-07 05:09:32,264 - __main__ - INFO - --- STARTING 15-MIN AUTO-SCAN CYCLE ---
2026-04-07 05:09:35,832 - __main__ - INFO - Scan cycle finished. Found 0 signals.
2026-04-07 05:10:30,305 - __main__ - INFO - --- STARTING 15-MIN AUTO-SCAN CYCLE ---
2026-04-07 05:10:33,795 - __main__ - INFO - Scan cycle finished. Found 0 signals.
2026-04-07 05:13:06,926 - __main__ - INFO - --- STARTING 15-MIN AUTO-SCAN CYCLE ---
2026-04-07 05:13:10,487 - __main__ - INFO - Scan cycle finished. Found 0 signals.
2026-04-07 05:16:56,165 - __main__ - INFO - --- STARTING 15-MIN AUTO-SCAN CYCLE ---
2026-04-07 05:16:59,879 - __main__ - INFO - Scan cycle finished. Found 0 signals.
2026-04-07 05:24:35,847 - __main__ - INFO - --- STARTING 15-MIN AUTO-SCAN CYCLE ---
2026-04-07 05:24:39,517 - __main__ - INFO - Scan cycle finished. Found 0 signals.
2026-04-07 05:25:33,822 - __main__ - INFO - --- STARTING 15-MIN AUTO-SCAN CYCLE ---
2026-04-07 05:25:37,357 - __main__ - INFO - Scan cycle finished. Found 0 signals.
2026-04-07 05:28:10,498 - __main__ - INFO - --- STARTING 15-MIN AUTO-SCAN CYCLE ---
2026-04-07 05:28:14,025 - __main__ - INFO - Scan cycle finished. Found 0 signals.
2026-04-07 05:31:59,910 - __main__ - INFO - --- STARTING 15-MIN AUTO-SCAN CYCLE ---
2026-04-07 05:32:03,439 - __main__ - INFO - Scan cycle finished. Found 0 signals.
2026-04-07 05:39:39,548 - __main__ - INFO - --- STARTING 15-MIN AUTO-SCAN CYCLE ---
2026-04-07 05:39:43,158 - __main__ - INFO - Scan cycle finished. Found 0 signals.
2026-04-07 05:40:37,366 - __main__ - INFO - --- STARTING 15-MIN AUTO-SCAN CYCLE ---
2026-04-07 05:40:41,132 - __main__ - INFO - Scan cycle finished. Found 0 signals.
2026-04-07 05:43:14,044 - __main__ - INFO - --- STARTING 15-MIN AUTO-SCAN CYCLE ---
2026-04-07 05:43:17,596 - __main__ - INFO - Scan cycle finished. Found 0 signals.
2026-04-07 05:47:03,441 - __main__ - INFO - --- STARTING 15-MIN AUTO-SCAN CYCLE ---
2026-04-07 05:47:07,075 - __main__ - INFO - Scan cycle finished. Found 0 signals.
2026-04-07 05:54:43,180 - __main__ - INFO - --- STARTING 15-MIN AUTO-SCAN CYCLE ---
2026-04-07 05:54:46,890 - __main__ - INFO - Scan cycle finished. Found 0 signals.
2026-04-07 05:55:41,142 - __main__ - INFO - --- STARTING 15-MIN AUTO-SCAN CYCLE ---
2026-04-07 05:55:44,695 - __main__ - INFO - Scan cycle finished. Found 0 signals.
2026-04-07 05:58:17,621 - __main__ - INFO - --- STARTING 15-MIN AUTO-SCAN CYCLE ---
2026-04-07 05:58:21,478 - __main__ - INFO - Scan cycle finished. Found 0 signals.
2026-04-07 06:02:07,091 - __main__ - INFO - --- STARTING 15-MIN AUTO-SCAN CYCLE ---
2026-04-07 06:02:10,654 - __main__ - INFO - Scan cycle finished. Found 0 signals.
2026-04-07 06:09:46,896 - __main__ - INFO - --- STARTING 15-MIN AUTO-SCAN CYCLE ---
2026-04-07 06:09:50,513 - __main__ - INFO - Scan cycle finished. Found 0 signals.
2026-04-07 06:10:44,714 - __main__ - INFO - --- STARTING 15-MIN AUTO-SCAN CYCLE ---
2026-04-07 06:10:48,299 - __main__ - INFO - Scan cycle finished. Found 0 signals.
2026-04-07 06:13:21,495 - __main__ - INFO - --- STARTING 15-MIN AUTO-SCAN CYCLE ---
2026-04-07 06:13:25,070 - __main__ - INFO - Scan cycle finished. Found 0 signals.
2026-04-07 06:17:10,675 - __main__ - INFO - --- STARTING 15-MIN AUTO-SCAN CYCLE ---
2026-04-07 06:17:14,311 - __main__ - INFO - Scan cycle finished. Found 0 signals.
2026-04-07 06:24:50,535 - __main__ - INFO - --- STARTING 15-MIN AUTO-SCAN CYCLE ---
2026-04-07 06:24:54,928 - __main__ - INFO - Scan cycle finished. Found 0 signals.
2026-04-07 06:25:48,315 - __main__ - INFO - --- STARTING 15-MIN AUTO-SCAN CYCLE ---
2026-04-07 06:25:51,885 - __main__ - INFO - Scan cycle finished. Found 0 signals.
2026-04-07 06:28:25,079 - __main__ - INFO - --- STARTING 15-MIN AUTO-SCAN CYCLE ---
2026-04-07 06:28:28,639 - __main__ - INFO - Scan cycle finished. Found 0 signals.
2026-04-07 06:32:14,323 - __main__ - INFO - --- STARTING 15-MIN AUTO-SCAN CYCLE ---
2026-04-07 06:32:17,925 - __main__ - INFO - Scan cycle finished. Found 0 signals.
2026-04-07 06:39:54,952 - __main__ - INFO - --- STARTING 15-MIN AUTO-SCAN CYCLE ---
2026-04-07 06:39:58,559 - __main__ - INFO - Scan cycle finished. Found 0 signals.
2026-04-07 06:40:51,901 - __main__ - INFO - --- STARTING 15-MIN AUTO-SCAN CYCLE ---
2026-04-07 06:40:55,634 - __main__ - INFO - Scan cycle finished. Found 0 signals.
2026-04-07 06:43:28,661 - __main__ - INFO - --- STARTING 15-MIN AUTO-SCAN CYCLE ---
2026-04-07 06:43:32,256 - __main__ - INFO - Scan cycle finished. Found 0 signals.
2026-04-07 06:47:17,942 - __main__ - INFO - --- STARTING 15-MIN AUTO-SCAN CYCLE ---
2026-04-07 06:47:21,511 - __main__ - INFO - Scan cycle finished. Found 0 signals.
2026-04-07 06:54:58,588 - __main__ - INFO - --- STARTING 15-MIN AUTO-SCAN CYCLE ---
2026-04-07 06:55:02,889 - __main__ - INFO - Scan cycle finished. Found 0 signals.
2026-04-07 06:55:55,645 - __main__ - INFO - --- STARTING 15-MIN AUTO-SCAN CYCLE ---
2026-04-07 06:55:59,636 - __main__ - INFO - Scan cycle finished. Found 0 signals.
2026-04-07 06:58:32,269 - __main__ - INFO - --- STARTING 15-MIN AUTO-SCAN CYCLE ---
2026-04-07 06:58:35,979 - __main__ - INFO - Scan cycle finished. Found 0 signals.
2026-04-07 07:02:21,516 - __main__ - INFO - --- STARTING 15-MIN AUTO-SCAN CYCLE ---
2026-04-07 07:02:25,669 - __main__ - INFO - Scan cycle finished. Found 0 signals.
2026-04-07 07:10:02,904 - __main__ - INFO - --- STARTING 15-MIN AUTO-SCAN CYCLE ---
2026-04-07 07:10:06,613 - __main__ - INFO - Scan cycle finished. Found 0 signals.
2026-04-07 07:10:59,648 - __main__ - INFO - --- STARTING 15-MIN AUTO-SCAN CYCLE ---
2026-04-07 07:11:03,286 - __main__ - INFO - Scan cycle finished. Found 0 signals.
2026-04-07 07:13:36,008 - __main__ - INFO - --- STARTING 15-MIN AUTO-SCAN CYCLE ---
2026-04-07 07:13:39,611 - __main__ - INFO - Scan cycle finished. Found 0 signals.
2026-04-07 07:17:25,683 - __main__ - INFO - --- STARTING 15-MIN AUTO-SCAN CYCLE ---
2026-04-07 07:17:29,368 - __main__ - INFO - Scan cycle finished. Found 0 signals.
2026-04-07 07:25:06,623 - __main__ - INFO - --- STARTING 15-MIN AUTO-SCAN CYCLE ---
2026-04-07 07:25:10,513 - __main__ - INFO - Scan cycle finished. Found 0 signals.
2026-04-07 07:26:03,309 - __main__ - INFO - --- STARTING 15-MIN AUTO-SCAN CYCLE ---
2026-04-07 07:26:06,952 - __main__ - INFO - Scan cycle finished. Found 0 signals.
2026-04-07 07:28:39,637 - __main__ - INFO - --- STARTING 15-MIN AUTO-SCAN CYCLE ---
2026-04-07 07:28:43,265 - __main__ - INFO - Scan cycle finished. Found 0 signals.
2026-04-07 07:32:29,384 - __main__ - INFO - --- STARTING 15-MIN AUTO-SCAN CYCLE ---
2026-04-07 07:32:33,041 - __main__ - INFO - Scan cycle finished. Found 0 signals.
2026-04-07 07:40:10,533 - __main__ - INFO - --- STARTING 15-MIN AUTO-SCAN CYCLE ---
2026-04-07 07:40:14,177 - __main__ - INFO - Scan cycle finished. Found 0 signals.
2026-04-07 07:41:06,964 - __main__ - INFO - --- STARTING 15-MIN AUTO-SCAN CYCLE ---
2026-04-07 07:41:10,771 - __main__ - INFO - Scan cycle finished. Found 0 signals.
2026-04-07 07:43:43,273 - __main__ - INFO - --- STARTING 15-MIN AUTO-SCAN CYCLE ---
2026-04-07 07:43:46,881 - __main__ - INFO - Scan cycle finished. Found 0 signals.
2026-04-07 07:47:33,071 - __main__ - INFO - --- STARTING 15-MIN AUTO-SCAN CYCLE ---
2026-04-07 07:47:36,682 - __main__ - INFO - Scan cycle finished. Found 0 signals.
2026-04-07 07:55:14,197 - __main__ - INFO - --- STARTING 15-MIN AUTO-SCAN CYCLE ---
2026-04-07 07:55:17,836 - __main__ - INFO - Scan cycle finished. Found 0 signals.
2026-04-07 07:56:10,781 - __main__ - INFO - --- STARTING 15-MIN AUTO-SCAN CYCLE ---
2026-04-07 07:56:14,381 - __main__ - INFO - Scan cycle finished. Found 0 signals.
2026-04-07 07:58:46,904 - __main__ - INFO - --- STARTING 15-MIN AUTO-SCAN CYCLE ---
2026-04-07 07:58:50,593 - __main__ - INFO - Scan cycle finished. Found 0 signals.
2026-04-07 08:02:36,703 - __main__ - INFO - --- STARTING 15-MIN AUTO-SCAN CYCLE ---
2026-04-07 08:02:40,801 - __main__ - INFO - Scan cycle finished. Found 0 signals.
2026-04-07 08:10:17,855 - __main__ - INFO - --- STARTING 15-MIN AUTO-SCAN CYCLE ---
2026-04-07 08:10:21,589 - __main__ - INFO - Scan cycle finished. Found 0 signals.
2026-04-07 08:11:14,408 - __main__ - INFO - --- STARTING 15-MIN AUTO-SCAN CYCLE ---
2026-04-07 08:11:18,081 - __main__ - INFO - Scan cycle finished. Found 0 signals.
2026-04-07 08:13:50,604 - __main__ - INFO - --- STARTING 15-MIN AUTO-SCAN CYCLE ---
2026-04-07 08:13:54,243 - __main__ - INFO - Scan cycle finished. Found 0 signals.
2026-04-07 08:17:40,804 - __main__ - INFO - --- STARTING 15-MIN AUTO-SCAN CYCLE ---
2026-04-07 08:17:44,540 - __main__ - INFO - Scan cycle finished. Found 0 signals.
2026-04-07 08:25:21,611 - __main__ - INFO - --- STARTING 15-MIN AUTO-SCAN CYCLE ---
2026-04-07 08:25:25,335 - __main__ - INFO - Scan cycle finished. Found 0 signals.
2026-04-07 08:26:18,108 - __main__ - INFO - --- STARTING 15-MIN AUTO-SCAN CYCLE ---
2026-04-07 08:26:22,217 - __main__ - INFO - Scan cycle finished. Found 0 signals.
2026-04-07 08:28:54,270 - __main__ - INFO - --- STARTING 15-MIN AUTO-SCAN CYCLE ---
2026-04-07 08:28:57,913 - __main__ - INFO - Scan cycle finished. Found 0 signals.
2026-04-07 08:32:44,551 - __main__ - INFO - --- STARTING 15-MIN AUTO-SCAN CYCLE ---
2026-04-07 08:32:48,190 - __main__ - INFO - Scan cycle finished. Found 0 signals.
2026-04-07 08:40:25,360 - __main__ - INFO - --- STARTING 15-MIN AUTO-SCAN CYCLE ---
2026-04-07 08:40:29,150 - __main__ - INFO - Scan cycle finished. Found 0 signals.
2026-04-07 08:41:22,235 - __main__ - INFO - --- STARTING 15-MIN AUTO-SCAN CYCLE ---
2026-04-07 08:41:26,164 - __main__ - INFO - Scan cycle finished. Found 0 signals.
2026-04-07 08:43:57,933 - __main__ - INFO - --- STARTING 15-MIN AUTO-SCAN CYCLE ---
2026-04-07 08:44:01,647 - __main__ - INFO - Scan cycle finished. Found 0 signals.
2026-04-07 08:47:48,208 - __main__ - INFO - --- STARTING 15-MIN AUTO-SCAN CYCLE ---
2026-04-07 08:47:52,069 - __main__ - INFO - Scan cycle finished. Found 0 signals.
2026-04-07 08:55:29,160 - __main__ - INFO - --- STARTING 15-MIN AUTO-SCAN CYCLE ---
2026-04-07 08:55:32,929 - __main__ - INFO - Scan cycle finished. Found 0 signals.
2026-04-07 08:56:26,184 - __main__ - INFO - --- STARTING 15-MIN AUTO-SCAN CYCLE ---
2026-04-07 08:56:29,885 - __main__ - INFO - Scan cycle finished. Found 0 signals.
2026-04-07 08:59:01,657 - __main__ - INFO - --- STARTING 15-MIN AUTO-SCAN CYCLE ---
2026-04-07 08:59:05,301 - __main__ - INFO - Scan cycle finished. Found 0 signals.
2026-04-07 09:02:52,094 - __main__ - INFO - --- STARTING 15-MIN AUTO-SCAN CYCLE ---
2026-04-07 09:02:55,716 - __main__ - INFO - Scan cycle finished. Found 0 signals.
2026-04-07 09:10:32,959 - __main__ - INFO - --- STARTING 15-MIN AUTO-SCAN CYCLE ---
2026-04-07 09:10:37,158 - __main__ - INFO - Scan cycle finished. Found 0 signals.
2026-04-07 09:11:29,911 - __main__ - INFO - --- STARTING 15-MIN AUTO-SCAN CYCLE ---
2026-04-07 09:11:33,567 - __main__ - INFO - Scan cycle finished. Found 0 signals.
2026-04-07 09:14:05,312 - __main__ - INFO - --- STARTING 15-MIN AUTO-SCAN CYCLE ---
2026-04-07 09:14:09,004 - __main__ - INFO - Scan cycle finished. Found 0 signals.
2026-04-07 09:17:55,732 - __main__ - INFO - --- STARTING 15-MIN AUTO-SCAN CYCLE ---
2026-04-07 09:17:59,405 - __main__ - INFO - Scan cycle finished. Found 0 signals.
2026-04-07 09:25:37,171 - __main__ - INFO - --- STARTING 15-MIN AUTO-SCAN CYCLE ---
2026-04-07 09:25:40,938 - __main__ - INFO - Scan cycle finished. Found 0 signals.
2026-04-07 09:26:33,580 - __main__ - INFO - --- STARTING 15-MIN AUTO-SCAN CYCLE ---
2026-04-07 09:26:37,325 - __main__ - INFO - Scan cycle finished. Found 0 signals.
2026-04-07 09:29:09,033 - __main__ - INFO - --- STARTING 15-MIN AUTO-SCAN CYCLE ---
2026-04-07 09:29:12,903 - __main__ - INFO - Scan cycle finished. Found 0 signals.
2026-04-07 09:32:59,423 - __main__ - INFO - --- STARTING 15-MIN AUTO-SCAN CYCLE ---
2026-04-07 09:33:03,144 - __main__ - INFO - Scan cycle finished. Found 0 signals.
2026-04-07 09:40:40,966 - __main__ - INFO - --- STARTING 15-MIN AUTO-SCAN CYCLE ---
2026-04-07 09:40:44,773 - __main__ - INFO - Scan cycle finished. Found 0 signals.
2026-04-07 09:41:37,345 - __main__ - INFO - --- STARTING 15-MIN AUTO-SCAN CYCLE ---
2026-04-07 09:41:41,060 - __main__ - INFO - Scan cycle finished. Found 0 signals.
2026-04-07 09:41:52,994 - aiogram.event - INFO - Update id=313222060 is not handled. Duration 0 ms by bot id=7349237883
2026-04-07 09:41:55,554 - aiogram.event - INFO - Update id=313222061 is not handled. Duration 0 ms by bot id=7349237883
2026-04-07 09:44:12,931 - __main__ - INFO - --- STARTING 15-MIN AUTO-SCAN CYCLE ---
2026-04-07 09:44:16,582 - __main__ - INFO - Scan cycle finished. Found 0 signals.
2026-04-07 09:48:03,165 - __main__ - INFO - --- STARTING 15-MIN AUTO-SCAN CYCLE ---
2026-04-07 09:48:07,034 - __main__ - INFO - Scan cycle finished. Found 0 signals.
2026-04-07 09:55:44,800 - __main__ - INFO - --- STARTING 15-MIN AUTO-SCAN CYCLE ---
2026-04-07 09:55:48,567 - __main__ - INFO - Scan cycle finished. Found 0 signals.
2026-04-07 09:56:41,074 - __main__ - INFO - --- STARTING 15-MIN AUTO-SCAN CYCLE ---
2026-04-07 09:56:44,790 - __main__ - INFO - Scan cycle finished. Found 0 signals.
2026-04-07 09:59:16,599 - __main__ - INFO - --- STARTING 15-MIN AUTO-SCAN CYCLE ---
2026-04-07 09:59:20,258 - __main__ - INFO - Scan cycle finished. Found 0 signals.
2026-04-07 10:03:07,055 - __main__ - INFO - --- STARTING 15-MIN AUTO-SCAN CYCLE ---
2026-04-07 10:03:10,763 - __main__ - INFO - Scan cycle finished. Found 0 signals.
2026-04-07 10:10:48,575 - __main__ - INFO - --- STARTING 15-MIN AUTO-SCAN CYCLE ---
2026-04-07 10:10:52,579 - __main__ - INFO - Scan cycle finished. Found 0 signals.
2026-04-07 10:11:44,801 - __main__ - INFO - --- STARTING 15-MIN AUTO-SCAN CYCLE ---
2026-04-07 10:11:48,537 - __main__ - INFO - Scan cycle finished. Found 0 signals.
2026-04-07 10:14:20,251 - __main__ - INFO - --- STARTING 15-MIN AUTO-SCAN CYCLE ---
2026-04-07 10:14:23,902 - __main__ - INFO - Scan cycle finished. Found 0 signals.
2026-04-07 10:18:10,769 - __main__ - INFO - --- STARTING 15-MIN AUTO-SCAN CYCLE ---
2026-04-07 10:18:14,465 - __main__ - INFO - Scan cycle finished. Found 0 signals.
2026-04-07 10:25:52,599 - __main__ - INFO - --- STARTING 15-MIN AUTO-SCAN CYCLE ---
2026-04-07 10:25:56,390 - __main__ - INFO - Scan cycle finished. Found 0 signals.
2026-04-07 10:26:48,539 - __main__ - INFO - --- STARTING 15-MIN AUTO-SCAN CYCLE ---
2026-04-07 10:26:52,461 - __main__ - INFO - Scan cycle finished. Found 0 signals.
2026-04-07 10:29:23,909 - __main__ - INFO - --- STARTING 15-MIN AUTO-SCAN CYCLE ---
2026-04-07 10:29:27,602 - __main__ - INFO - Scan cycle finished. Found 0 signals.
2026-04-07 10:33:14,476 - __main__ - INFO - --- STARTING 15-MIN AUTO-SCAN CYCLE ---
2026-04-07 10:33:18,142 - __main__ - INFO - Scan cycle finished. Found 0 signals.
2026-04-07 10:40:56,398 - __main__ - INFO - --- STARTING 15-MIN AUTO-SCAN CYCLE ---
2026-04-07 10:41:00,215 - __main__ - INFO - Scan cycle finished. Found 0 signals.
2026-04-07 10:41:52,482 - __main__ - INFO - --- STARTING 15-MIN AUTO-SCAN CYCLE ---
2026-04-07 10:41:56,217 - __main__ - INFO - Scan cycle finished. Found 0 signals.
2026-04-07 10:44:27,607 - __main__ - INFO - --- STARTING 15-MIN AUTO-SCAN CYCLE ---
2026-04-07 10:44:31,322 - __main__ - INFO - Scan cycle finished. Found 0 signals.
2026-04-07 10:48:18,157 - __main__ - INFO - --- STARTING 15-MIN AUTO-SCAN CYCLE ---
2026-04-07 10:48:21,904 - __main__ - INFO - Scan cycle finished. Found 0 signals.
2026-04-07 10:56:00,228 - __main__ - INFO - --- STARTING 15-MIN AUTO-SCAN CYCLE ---
2026-04-07 10:56:04,190 - __main__ - INFO - Scan cycle finished. Found 0 signals.
2026-04-07 10:56:56,219 - __main__ - INFO - --- STARTING 15-MIN AUTO-SCAN CYCLE ---
2026-04-07 10:56:59,920 - __main__ - INFO - Scan cycle finished. Found 0 signals.
2026-04-07 10:59:31,331 - __main__ - INFO - --- STARTING 15-MIN AUTO-SCAN CYCLE ---
2026-04-07 10:59:35,050 - __main__ - INFO - Scan cycle finished. Found 0 signals.
2026-04-07 11:03:21,910 - __main__ - INFO - --- STARTING 15-MIN AUTO-SCAN CYCLE ---
2026-04-07 11:03:25,651 - __main__ - INFO - Scan cycle finished. Found 0 signals.
2026-04-07 11:11:04,189 - __main__ - INFO - --- STARTING 15-MIN AUTO-SCAN CYCLE ---
2026-04-07 11:11:08,260 - __main__ - INFO - Scan cycle finished. Found 0 signals.
2026-04-07 11:11:59,922 - __main__ - INFO - --- STARTING 15-MIN AUTO-SCAN CYCLE ---
2026-04-07 11:12:03,662 - __main__ - INFO - Scan cycle finished. Found 0 signals.
2026-04-07 11:14:35,045 - __main__ - INFO - --- STARTING 15-MIN AUTO-SCAN CYCLE ---
2026-04-07 11:14:38,827 - __main__ - INFO - Scan cycle finished. Found 0 signals.
2026-04-07 11:18:25,669 - __main__ - INFO - --- STARTING 15-MIN AUTO-SCAN CYCLE ---
2026-04-07 11:18:29,442 - __main__ - INFO - Scan cycle finished. Found 0 signals.
2026-04-07 11:26:08,289 - __main__ - INFO - --- STARTING 15-MIN AUTO-SCAN CYCLE ---
2026-04-07 11:26:12,125 - __main__ - INFO - Scan cycle finished. Found 0 signals.
2026-04-07 11:27:03,674 - __main__ - INFO - --- STARTING 15-MIN AUTO-SCAN CYCLE ---
2026-04-07 11:27:07,569 - __main__ - INFO - Scan cycle finished. Found 0 signals.
2026-04-07 11:29:38,843 - __main__ - INFO - --- STARTING 15-MIN AUTO-SCAN CYCLE ---
2026-04-07 11:29:42,695 - __main__ - INFO - Scan cycle finished. Found 0 signals.
2026-04-07 11:33:29,456 - __main__ - INFO - --- STARTING 15-MIN AUTO-SCAN CYCLE ---
2026-04-07 11:33:33,223 - __main__ - INFO - Scan cycle finished. Found 0 signals.
2026-04-07 11:41:12,137 - __main__ - INFO - --- STARTING 15-MIN AUTO-SCAN CYCLE ---
2026-04-07 11:41:15,961 - __main__ - INFO - Scan cycle finished. Found 0 signals.
2026-04-07 11:42:07,576 - __main__ - INFO - --- STARTING 15-MIN AUTO-SCAN CYCLE ---
2026-04-07 11:42:11,324 - __main__ - INFO - Scan cycle finished. Found 0 signals.
2026-04-07 11:44:42,715 - __main__ - INFO - --- STARTING 15-MIN AUTO-SCAN CYCLE ---
2026-04-07 11:44:46,752 - __main__ - INFO - Scan cycle finished. Found 0 signals.
2026-04-07 11:48:33,229 - __main__ - INFO - --- STARTING 15-MIN AUTO-SCAN CYCLE ---
2026-04-07 11:48:37,050 - __main__ - INFO - Scan cycle finished. Found 0 signals.
2026-04-07 11:56:15,977 - __main__ - INFO - --- STARTING 15-MIN AUTO-SCAN CYCLE ---
2026-04-07 11:56:19,872 - __main__ - INFO - Scan cycle finished. Found 0 signals.
2026-04-07 11:57:11,343 - __main__ - INFO - --- STARTING 15-MIN AUTO-SCAN CYCLE ---
2026-04-07 11:57:15,216 - __main__ - INFO - Scan cycle finished. Found 0 signals.
2026-04-07 11:59:46,770 - __main__ - INFO - --- STARTING 15-MIN AUTO-SCAN CYCLE ---
2026-04-07 11:59:50,631 - __main__ - INFO - Scan cycle finished. Found 0 signals.
2026-04-07 12:03:37,073 - __main__ - INFO - --- STARTING 15-MIN AUTO-SCAN CYCLE ---
2026-04-07 12:03:41,252 - __main__ - INFO - Scan cycle finished. Found 0 signals.
2026-04-07 12:11:19,883 - __main__ - INFO - --- STARTING 15-MIN AUTO-SCAN CYCLE ---
2026-04-07 12:11:23,779 - __main__ - INFO - Scan cycle finished. Found 0 signals.
2026-04-07 12:12:15,234 - __main__ - INFO - --- STARTING 15-MIN AUTO-SCAN CYCLE ---
2026-04-07 12:12:19,017 - __main__ - INFO - Scan cycle finished. Found 0 signals.
2026-04-07 12:14:50,657 - __main__ - INFO - --- STARTING 15-MIN AUTO-SCAN CYCLE ---
2026-04-07 12:14:54,456 - __main__ - INFO - Scan cycle finished. Found 0 signals.
2026-04-07 12:18:41,278 - __main__ - INFO - --- STARTING 15-MIN AUTO-SCAN CYCLE ---
2026-04-07 12:18:45,118 - __main__ - INFO - Scan cycle finished. Found 0 signals.
2026-04-07 12:26:23,799 - __main__ - INFO - --- STARTING 15-MIN AUTO-SCAN CYCLE ---
2026-04-07 12:26:28,040 - __main__ - INFO - Scan cycle finished. Found 0 signals.
2026-04-07 12:27:19,039 - __main__ - INFO - --- STARTING 15-MIN AUTO-SCAN CYCLE ---
2026-04-07 12:27:22,863 - __main__ - INFO - Scan cycle finished. Found 0 signals.
2026-04-07 12:29:54,473 - __main__ - INFO - --- STARTING 15-MIN AUTO-SCAN CYCLE ---
2026-04-07 12:29:58,274 - __main__ - INFO - Scan cycle finished. Found 0 signals.
2026-04-07 12:33:45,125 - __main__ - INFO - --- STARTING 15-MIN AUTO-SCAN CYCLE ---
2026-04-07 12:33:49,208 - __main__ - INFO - Scan cycle finished. Found 0 signals.
2026-04-07 12:41:28,058 - __main__ - INFO - --- STARTING 15-MIN AUTO-SCAN CYCLE ---
2026-04-07 12:41:31,895 - __main__ - INFO - Scan cycle finished. Found 0 signals.
2026-04-07 12:42:22,885 - __main__ - INFO - --- STARTING 15-MIN AUTO-SCAN CYCLE ---
2026-04-07 12:42:26,849 - __main__ - INFO - Scan cycle finished. Found 0 signals.
2026-04-07 12:44:58,293 - __main__ - INFO - --- STARTING 15-MIN AUTO-SCAN CYCLE ---
2026-04-07 12:45:02,981 - __main__ - INFO - Scan cycle finished. Found 0 signals.
2026-04-07 12:48:49,231 - __main__ - INFO - --- STARTING 15-MIN AUTO-SCAN CYCLE ---
2026-04-07 12:48:53,097 - __main__ - INFO - Scan cycle finished. Found 0 signals.
2026-04-07 12:56:31,947 - __main__ - INFO - --- STARTING 15-MIN AUTO-SCAN CYCLE ---
2026-04-07 12:56:35,921 - __main__ - INFO - Scan cycle finished. Found 0 signals.
2026-04-07 12:57:26,859 - __main__ - INFO - --- STARTING 15-MIN AUTO-SCAN CYCLE ---
2026-04-07 12:57:30,681 - __main__ - INFO - Scan cycle finished. Found 0 signals.
2026-04-07 13:00:03,002 - __main__ - INFO - --- STARTING 15-MIN AUTO-SCAN CYCLE ---
2026-04-07 13:00:08,210 - __main__ - INFO - Scan cycle finished. Found 0 signals.
2026-04-07 13:03:53,120 - __main__ - INFO - --- STARTING 15-MIN AUTO-SCAN CYCLE ---
2026-04-07 13:03:56,977 - __main__ - INFO - Scan cycle finished. Found 0 signals.
2026-04-07 13:11:35,921 - __main__ - INFO - --- STARTING 15-MIN AUTO-SCAN CYCLE ---
2026-04-07 13:11:39,893 - __main__ - INFO - Scan cycle finished. Found 0 signals.
2026-04-07 13:12:30,699 - __main__ - INFO - --- STARTING 15-MIN AUTO-SCAN CYCLE ---
2026-04-07 13:12:34,490 - __main__ - INFO - Scan cycle finished. Found 0 signals.
2026-04-07 13:15:08,221 - __main__ - INFO - --- STARTING 15-MIN AUTO-SCAN CYCLE ---
2026-04-07 13:15:12,124 - __main__ - INFO - Scan cycle finished. Found 0 signals.
2026-04-07 13:18:57,001 - __main__ - INFO - --- STARTING 15-MIN AUTO-SCAN CYCLE ---
2026-04-07 13:19:01,248 - __main__ - INFO - Scan cycle finished. Found 0 signals.
2026-04-07 13:26:39,909 - __main__ - INFO - --- STARTING 15-MIN AUTO-SCAN CYCLE ---
2026-04-07 13:26:43,811 - __main__ - INFO - Scan cycle finished. Found 0 signals.
2026-04-07 13:27:34,506 - __main__ - INFO - --- STARTING 15-MIN AUTO-SCAN CYCLE ---
2026-04-07 13:27:38,309 - __main__ - INFO - Scan cycle finished. Found 0 signals.
2026-04-07 13:30:12,147 - __main__ - INFO - --- STARTING 15-MIN AUTO-SCAN CYCLE ---
2026-04-07 13:30:16,050 - __main__ - INFO - Scan cycle finished. Found 0 signals.
2026-04-07 13:34:01,257 - __main__ - INFO - --- STARTING 15-MIN AUTO-SCAN CYCLE ---
2026-04-07 13:34:05,171 - __main__ - INFO - Scan cycle finished. Found 0 signals.
2026-04-07 13:41:43,823 - __main__ - INFO - --- STARTING 15-MIN AUTO-SCAN CYCLE ---
2026-04-07 13:41:47,912 - __main__ - INFO - Scan cycle finished. Found 0 signals.
2026-04-07 13:42:38,323 - __main__ - INFO - --- STARTING 15-MIN AUTO-SCAN CYCLE ---
2026-04-07 13:42:42,147 - __main__ - INFO - Scan cycle finished. Found 0 signals.
2026-04-07 13:45:16,067 - __main__ - INFO - --- STARTING 15-MIN AUTO-SCAN CYCLE ---
2026-04-07 13:45:19,977 - __main__ - INFO - Scan cycle finished. Found 0 signals.
2026-04-07 13:49:05,190 - __main__ - INFO - --- STARTING 15-MIN AUTO-SCAN CYCLE ---
2026-04-07 13:49:09,085 - __main__ - INFO - Scan cycle finished. Found 0 signals.
2026-04-07 13:56:47,930 - __main__ - INFO - --- STARTING 15-MIN AUTO-SCAN CYCLE ---
2026-04-07 13:56:52,120 - __main__ - INFO - Scan cycle finished. Found 0 signals.
2026-04-07 13:57:42,162 - __main__ - INFO - --- STARTING 15-MIN AUTO-SCAN CYCLE ---
2026-04-07 13:57:45,977 - __main__ - INFO - Scan cycle finished. Found 0 signals.
2026-04-07 14:00:19,983 - __main__ - INFO - --- STARTING 15-MIN AUTO-SCAN CYCLE ---
2026-04-07 14:00:23,822 - __main__ - INFO - Scan cycle finished. Found 0 signals.
2026-04-07 14:04:09,107 - __main__ - INFO - --- STARTING 15-MIN AUTO-SCAN CYCLE ---
2026-04-07 14:04:13,019 - __main__ - INFO - Scan cycle finished. Found 0 signals.
2026-04-07 14:11:52,140 - __main__ - INFO - --- STARTING 15-MIN AUTO-SCAN CYCLE ---
2026-04-07 14:11:56,252 - __main__ - INFO - Scan cycle finished. Found 0 signals.
2026-04-07 14:12:46,004 - __main__ - INFO - --- STARTING 15-MIN AUTO-SCAN CYCLE ---
2026-04-07 14:12:49,977 - __main__ - INFO - Scan cycle finished. Found 0 signals.
2026-04-07 14:15:23,840 - __main__ - INFO - --- STARTING 15-MIN AUTO-SCAN CYCLE ---
2026-04-07 14:15:27,718 - __main__ - INFO - Scan cycle finished. Found 0 signals.
2026-04-07 14:19:13,026 - __main__ - INFO - --- STARTING 15-MIN AUTO-SCAN CYCLE ---
2026-04-07 14:19:16,873 - __main__ - INFO - Scan cycle finished. Found 0 signals.
2026-04-07 14:26:56,267 - __main__ - INFO - --- STARTING 15-MIN AUTO-SCAN CYCLE ---
2026-04-07 14:27:00,174 - __main__ - INFO - Scan cycle finished. Found 0 signals.
2026-04-07 14:27:49,991 - __main__ - INFO - --- STARTING 15-MIN AUTO-SCAN CYCLE ---
2026-04-07 14:27:53,812 - __main__ - INFO - Scan cycle finished. Found 0 signals.
2026-04-07 14:30:27,728 - __main__ - INFO - --- STARTING 15-MIN AUTO-SCAN CYCLE ---
2026-04-07 14:30:31,748 - __main__ - INFO - Scan cycle finished. Found 0 signals.
2026-04-07 14:34:16,893 - __main__ - INFO - --- STARTING 15-MIN AUTO-SCAN CYCLE ---
2026-04-07 14:34:20,715 - __main__ - INFO - Scan cycle finished. Found 0 signals.
2026-04-07 14:42:00,193 - __main__ - INFO - --- STARTING 15-MIN AUTO-SCAN CYCLE ---
2026-04-07 14:42:04,183 - __main__ - INFO - Scan cycle finished. Found 0 signals.
2026-04-07 14:42:53,825 - __main__ - INFO - --- STARTING 15-MIN AUTO-SCAN CYCLE ---
2026-04-07 14:42:57,625 - __main__ - INFO - Scan cycle finished. Found 0 signals.
2026-04-07 14:45:31,772 - __main__ - INFO - --- STARTING 15-MIN AUTO-SCAN CYCLE ---
2026-04-07 14:45:35,728 - __main__ - INFO - Scan cycle finished. Found 0 signals.
2026-04-07 14:49:20,728 - __main__ - INFO - --- STARTING 15-MIN AUTO-SCAN CYCLE ---
2026-04-07 14:49:25,357 - __main__ - INFO - Scan cycle finished. Found 0 signals.
2026-04-07 14:57:04,201 - __main__ - INFO - --- STARTING 15-MIN AUTO-SCAN CYCLE ---
2026-04-07 14:57:08,354 - __main__ - INFO - Scan cycle finished. Found 0 signals.
2026-04-07 14:57:57,642 - __main__ - INFO - --- STARTING 15-MIN AUTO-SCAN CYCLE ---
2026-04-07 14:58:01,569 - __main__ - INFO - Scan cycle finished. Found 0 signals.
2026-04-07 15:00:35,746 - __main__ - INFO - --- STARTING 15-MIN AUTO-SCAN CYCLE ---
2026-04-07 15:00:39,682 - __main__ - INFO - Scan cycle finished. Found 0 signals.
2026-04-07 15:04:25,378 - __main__ - INFO - --- STARTING 15-MIN AUTO-SCAN CYCLE ---
2026-04-07 15:04:29,152 - __main__ - INFO - Scan cycle finished. Found 0 signals.
2026-04-07 15:12:08,384 - __main__ - INFO - --- STARTING 15-MIN AUTO-SCAN CYCLE ---
2026-04-07 15:12:13,547 - __main__ - INFO - Scan cycle finished. Found 0 signals.
2026-04-07 15:13:01,591 - __main__ - INFO - --- STARTING 15-MIN AUTO-SCAN CYCLE ---
2026-04-07 15:13:05,795 - __main__ - INFO - Scan cycle finished. Found 0 signals.
2026-04-07 15:15:39,705 - __main__ - INFO - --- STARTING 15-MIN AUTO-SCAN CYCLE ---
2026-04-07 15:15:43,641 - __main__ - INFO - Scan cycle finished. Found 0 signals.
2026-04-07 15:19:29,175 - __main__ - INFO - --- STARTING 15-MIN AUTO-SCAN CYCLE ---
2026-04-07 15:19:33,025 - __main__ - INFO - Scan cycle finished. Found 0 signals.
2026-04-07 18:22:41,854 - aiogram.dispatcher - ERROR - Failed to fetch updates - TelegramNetworkError: HTTP Client says - Request timeout error
2026-04-07 18:22:41,856 - aiogram.dispatcher - WARNING - Sleep for 1.000000 seconds and try again... (tryings = 0, bot id = 7349237883)
2026-04-07 18:22:41,859 - __main__ - INFO - --- STARTING 15-MIN AUTO-SCAN CYCLE ---
2026-04-07 18:22:54,565 - __main__ - INFO - Scan cycle finished. Found 0 signals.
2026-04-07 18:22:54,567 - __main__ - INFO - --- STARTING 15-MIN AUTO-SCAN CYCLE ---
2026-04-07 18:23:00,163 - __main__ - INFO - Scan cycle finished. Found 0 signals.
2026-04-07 18:23:00,163 - __main__ - INFO - --- STARTING 15-MIN AUTO-SCAN CYCLE ---
2026-04-07 18:23:04,705 - __main__ - INFO - Scan cycle finished. Found 0 signals.
2026-04-07 18:23:04,705 - __main__ - INFO - --- STARTING 15-MIN AUTO-SCAN CYCLE ---
2026-04-07 18:23:09,469 - __main__ - INFO - Scan cycle finished. Found 0 signals.
2026-04-07 18:23:19,679 - aiogram.dispatcher - INFO - Connection established (tryings = 1, bot id = 7349237883)
2026-04-07 18:37:54,593 - __main__ - INFO - --- STARTING 15-MIN AUTO-SCAN CYCLE ---
2026-04-07 18:37:59,104 - __main__ - INFO - Scan cycle finished. Found 0 signals.
2026-04-07 18:38:00,176 - __main__ - INFO - --- STARTING 15-MIN AUTO-SCAN CYCLE ---
2026-04-07 18:38:05,445 - __main__ - INFO - Scan cycle finished. Found 0 signals.
2026-04-07 18:38:05,465 - __main__ - INFO - --- STARTING 15-MIN AUTO-SCAN CYCLE ---
2026-04-07 18:38:09,558 - __main__ - INFO - Scan cycle finished. Found 0 signals.
2026-04-07 18:38:09,558 - __main__ - INFO - --- STARTING 15-MIN AUTO-SCAN CYCLE ---
2026-04-07 18:38:13,771 - __main__ - INFO - Scan cycle finished. Found 0 signals.
2026-04-07 18:52:59,124 - __main__ - INFO - --- STARTING 15-MIN AUTO-SCAN CYCLE ---
2026-04-07 18:53:03,449 - __main__ - INFO - Scan cycle finished. Found 0 signals.
2026-04-07 18:53:05,449 - __main__ - INFO - --- STARTING 15-MIN AUTO-SCAN CYCLE ---
2026-04-07 18:53:10,385 - __main__ - INFO - Scan cycle finished. Found 0 signals.
2026-04-07 18:53:10,386 - __main__ - INFO - --- STARTING 15-MIN AUTO-SCAN CYCLE ---
2026-04-07 18:53:14,496 - __main__ - INFO - Scan cycle finished. Found 0 signals.
2026-04-07 18:53:14,503 - __main__ - INFO - --- STARTING 15-MIN AUTO-SCAN CYCLE ---
2026-04-07 18:53:18,614 - __main__ - INFO - Scan cycle finished. Found 0 signals.
2026-04-07 19:08:03,460 - __main__ - INFO - --- STARTING 15-MIN AUTO-SCAN CYCLE ---
2026-04-07 19:08:07,541 - __main__ - INFO - Scan cycle finished. Found 0 signals.
2026-04-07 19:08:10,390 - __main__ - INFO - --- STARTING 15-MIN AUTO-SCAN CYCLE ---
2026-04-07 19:08:14,376 - __main__ - INFO - Scan cycle finished. Found 0 signals.
2026-04-07 19:08:14,504 - __main__ - INFO - --- STARTING 15-MIN AUTO-SCAN CYCLE ---
2026-04-07 19:08:18,701 - __main__ - INFO - Scan cycle finished. Found 0 signals.
2026-04-07 19:08:18,701 - __main__ - INFO - --- STARTING 15-MIN AUTO-SCAN CYCLE ---
2026-04-07 19:08:22,606 - __main__ - INFO - Scan cycle finished. Found 0 signals.
2026-04-07 19:23:07,551 - __main__ - INFO - --- STARTING 15-MIN AUTO-SCAN CYCLE ---
2026-04-07 19:23:11,714 - __main__ - INFO - Scan cycle finished. Found 0 signals.
2026-04-07 19:23:14,386 - __main__ - INFO - --- STARTING 15-MIN AUTO-SCAN CYCLE ---
2026-04-07 19:23:18,408 - __main__ - INFO - Scan cycle finished. Found 0 signals.
2026-04-07 19:23:18,718 - __main__ - INFO - --- STARTING 15-MIN AUTO-SCAN CYCLE ---
2026-04-07 19:23:23,515 - __main__ - INFO - Scan cycle finished. Found 0 signals.
2026-04-07 19:23:23,521 - __main__ - INFO - --- STARTING 15-MIN AUTO-SCAN CYCLE ---
2026-04-07 19:23:27,429 - __main__ - INFO - Scan cycle finished. Found 0 signals.
2026-04-07 19:38:11,732 - __main__ - INFO - --- STARTING 15-MIN AUTO-SCAN CYCLE ---
2026-04-07 19:38:15,842 - __main__ - INFO - Scan cycle finished. Found 0 signals.
2026-04-07 19:38:18,413 - __main__ - INFO - --- STARTING 15-MIN AUTO-SCAN CYCLE ---
2026-04-07 19:38:22,328 - __main__ - INFO - Scan cycle finished. Found 0 signals.
2026-04-07 19:38:23,543 - __main__ - INFO - --- STARTING 15-MIN AUTO-SCAN CYCLE ---
2026-04-07 19:38:27,576 - __main__ - INFO - Scan cycle finished. Found 0 signals.
2026-04-07 19:38:27,582 - __main__ - INFO - --- STARTING 15-MIN AUTO-SCAN CYCLE ---
2026-04-07 19:38:31,654 - __main__ - INFO - Scan cycle finished. Found 0 signals.
2026-04-07 19:53:15,871 - __main__ - INFO - --- STARTING 15-MIN AUTO-SCAN CYCLE ---
2026-04-07 19:53:20,047 - __main__ - INFO - Scan cycle finished. Found 0 signals.
2026-04-07 19:53:22,357 - __main__ - INFO - --- STARTING 15-MIN AUTO-SCAN CYCLE ---
2026-04-07 19:53:26,375 - __main__ - INFO - Scan cycle finished. Found 0 signals.
2026-04-07 19:53:27,602 - __main__ - INFO - --- STARTING 15-MIN AUTO-SCAN CYCLE ---
2026-04-07 19:53:31,581 - __main__ - INFO - Scan cycle finished. Found 0 signals.
2026-04-07 19:53:31,688 - __main__ - INFO - --- STARTING 15-MIN AUTO-SCAN CYCLE ---
2026-04-07 19:53:35,917 - __main__ - INFO - Scan cycle finished. Found 0 signals.
2026-04-07 19:57:38,065 - aiogram.dispatcher - INFO - Polling stopped
2026-04-07 19:57:38,070 - aiogram.dispatcher - INFO - Polling stopped for bot @trrrrdbiin_bot id=7349237883 - 'trrrrdbiinbot'
2026-04-07 22:04:30,058 - __main__ - INFO - [OK] SUPER-MODEL v2 loaded: D:\PycharmProjects\alexbot\alexAndr\super_model_v2.joblib
2026-04-07 22:04:30,064 - __main__ - INFO - Bot starting...
2026-04-07 22:04:30,066 - aiogram.dispatcher - INFO - Start polling
2026-04-07 22:04:30,237 - aiogram.dispatcher - INFO - Run polling for bot @trrrrdbiin_bot id=7349237883 - 'trrrrdbiinbot'
2026-04-07 22:08:41,338 - aiogram.event - INFO - Update id=313222062 is handled. Duration 172 ms by bot id=7349237883
2026-04-07 22:08:41,338 - __main__ - INFO - Background Auto-Scan Task STARTED
2026-04-07 22:08:41,338 - __main__ - INFO - --- [SCAN] STARTING 15-MIN AUTO-SCAN CYCLE ---
2026-04-07 22:08:54,413 - aiogram.event - INFO - Update id=313222065 is not handled. Duration 61 ms by bot id=7349237883
2026-04-07 22:08:54,467 - aiogram.event - INFO - Update id=313222063 is handled. Duration 4608 ms by bot id=7349237883
2026-04-07 22:08:54,666 - aiogram.event - INFO - Update id=313222064 is handled. Duration 311 ms by bot id=7349237883
2026-04-07 22:23:49,862 - __main__ - INFO - --- [SCAN] STARTING 15-MIN AUTO-SCAN CYCLE ---
2026-04-07 22:36:53,749 - aiogram.dispatcher - INFO - Polling stopped
2026-04-07 22:36:53,767 - aiogram.dispatcher - INFO - Polling stopped for bot @trrrrdbiin_bot id=7349237883 - 'trrrrdbiinbot'
2026-04-08 05:09:35,100 - __main__ - INFO - [OK] SMC Transformer loaded: D:\PycharmProjects\alexbot\alexAndr\smc_transformer_v1.pth
2026-04-08 05:09:35,108 - aiogram.dispatcher - INFO - Start polling
2026-04-08 05:09:35,291 - aiogram.dispatcher - INFO - Run polling for bot @trrrrdbiin_bot id=7349237883 - 'trrrrdbiinbot'
2026-04-08 05:15:16,611 - aiogram.event - INFO - Update id=313222066 is not handled. Duration 0 ms by bot id=7349237883
2026-04-08 05:26:14,534 - aiogram.event - INFO - Update id=313222067 is not handled. Duration 0 ms by bot id=7349237883
2026-04-08 05:26:15,787 - aiogram.event - INFO - Update id=313222068 is not handled. Duration 0 ms by bot id=7349237883
2026-04-08 05:26:23,942 - aiogram.event - INFO - Update id=313222069 is handled. Duration 5313 ms by bot id=7349237883
2026-04-08 05:26:23,947 - aiogram.event - INFO - Update id=313222070 is handled. Duration 125 ms by bot id=7349237883
2026-04-08 05:44:52,712 - aiogram.event - INFO - Update id=313222071 is not handled. Duration 0 ms by bot id=7349237883
2026-04-08 15:42:46,358 - aiogram.dispatcher - INFO - Polling stopped
2026-04-08 15:42:46,380 - aiogram.dispatcher - INFO - Polling stopped for bot @trrrrdbiin_bot id=7349237883 - 'trrrrdbiinbot'
2026-04-08 15:48:11,065 - INFO - [OK] SMC Transformer loaded.
2026-04-08 15:48:11,065 - INFO - Bot starting...
2026-04-08 15:48:11,065 - INFO - Start polling
2026-04-08 15:48:11,235 - INFO - Run polling for bot @trrrrdbiin_bot id=7349237883 - 'trrrrdbiinbot'
2026-04-08 15:52:29,181 - INFO - Update id=313222072 is not handled. Duration 0 ms by bot id=7349237883
2026-04-08 15:52:43,416 - INFO - Update id=313222073 is handled. Duration 139 ms by bot id=7349237883
2026-04-08 15:52:48,824 - INFO - Update id=313222074 is handled. Duration 77 ms by bot id=7349237883
2026-04-08 15:52:48,824 - INFO - --- [SCAN] STARTING ---
2026-04-08 15:52:56,059 - INFO - Scan finished. Signals: 0
2026-04-08 15:53:08,761 - INFO - --- [SCAN] STARTING ---
2026-04-08 15:53:12,791 - INFO - Scan finished. Signals: 0
2026-04-08 15:53:12,854 - INFO - Update id=313222075 is handled. Duration 4156 ms by bot id=7349237883
2026-04-08 15:53:22,577 - INFO - Polling stopped for bot @trrrrdbiin_bot id=7349237883 - 'trrrrdbiinbot'
2026-04-08 15:53:22,577 - INFO - Polling stopped
2026-04-08 20:10:50,298 - INFO - Start polling
2026-04-08 20:10:50,446 - INFO - Run polling for bot @trrrrdbiin_bot id=7349237883 - 'trrrrdbiinbot'
2026-04-08 20:11:08,277 - INFO - Update id=313222097 is handled. Duration 155 ms by bot id=7349237883
2026-04-08 20:50:38,034 - INFO - Update id=313222098 is handled. Duration 5000 ms by bot id=7349237883
2026-04-08 20:50:38,118 - INFO - Update id=313222099 is handled. Duration 188 ms by bot id=7349237883
2026-04-08 21:34:03,808 - INFO - --- [SCAN] Starting Manual Scan ---
2026-04-08 21:34:32,127 - INFO - Check TRUMP/USDT | Prob: 0.4446
2026-04-08 21:34:33,462 - INFO - Check WLD/USDT | Prob: 0.3380
2026-04-08 21:34:42,222 - INFO - Update id=313222100 is handled. Duration 38609 ms by bot id=7349237883
2026-04-08 22:09:14,574 - INFO - Update id=313222101 is handled. Duration 233 ms by bot id=7349237883
2026-04-08 22:09:14,584 - INFO - --- [SCAN] Starting Auto Scan ---
2026-04-08 22:11:44,731 - INFO - Start polling
2026-04-08 22:11:44,895 - INFO - Run polling for bot @trrrrdbiin_bot id=7349237883 - 'trrrrdbiinbot'
2026-04-08 22:11:45,071 - INFO - Update id=313222102 is handled. Duration 125 ms by bot id=7349237883
2026-04-08 22:11:57,536 - INFO - Update id=313222103 is handled. Duration 62 ms by bot id=7349237883
2026-04-08 22:11:57,536 - INFO - --- [SCAN] AUTO CYCLE START ---
2026-04-08 22:12:16,354 - INFO - Check ????/USDT | Prob: 0.3068
2026-04-08 22:27:36,568 - INFO - --- [SCAN] AUTO CYCLE START ---
2026-04-08 22:43:11,353 - INFO - --- [SCAN] AUTO CYCLE START ---
2026-04-08 22:43:14,853 - INFO - Check USD1/USDT | Prob: 0.6701
2026-04-08 22:43:14,857 - ERROR - Trade entry failed: 'NoneType' object is not subscriptable
2026-04-08 22:43:19,197 - ERROR - TG error: Telegram server says - Bad Request: chat not found
2026-04-08 22:43:45,983 - INFO - Check ARB/USDT | Prob: 0.5886
2026-04-08 22:43:45,983 - ERROR - Trade entry failed: 'NoneType' object is not subscriptable
2026-04-08 22:43:46,397 - ERROR - TG error: Telegram server says - Bad Request: chat not found
2026-04-08 22:58:50,121 - INFO - --- [SCAN] AUTO CYCLE START ---
2026-04-08 22:58:53,520 - INFO - Check USD1/USDT | Prob: 0.6830
2026-04-08 22:58:53,520 - ERROR - Trade entry failed: 'NoneType' object is not subscriptable
2026-04-08 22:58:53,868 - ERROR - TG error: Telegram server says - Bad Request: chat not found
2026-04-08 23:14:23,076 - INFO - --- [SCAN] AUTO CYCLE START ---
2026-04-08 23:14:25,788 - INFO - Check SOL/USDT | Prob: 0.2681
2026-04-08 23:14:29,075 - INFO - Check BNB/USDT | Prob: 0.2701
2026-04-08 23:14:31,036 - INFO - Check PEPE/USDT | Prob: 0.5676
2026-04-08 23:14:31,036 - ERROR - Trade entry failed: 'NoneType' object is not subscriptable
2026-04-08 23:14:31,446 - ERROR - TG error: Telegram server says - Bad Request: chat not found
2026-04-08 23:14:32,105 - INFO - Check SUI/USDT | Prob: 0.5203
2026-04-08 23:14:32,740 - INFO - Check LINK/USDT | Prob: 0.2766
2026-04-08 23:14:56,274 - INFO - Check PENGU/USDT | Prob: 0.2852
2026-04-08 23:29:56,300 - INFO - --- [SCAN] AUTO CYCLE START ---
2026-04-08 23:29:59,059 - INFO - Check SOL/USDT | Prob: 0.2699
2026-04-08 23:30:00,378 - INFO - Check XRP/USDT | Prob: 0.2534
2026-04-08 23:30:07,700 - INFO - Check LINK/USDT | Prob: 0.2621
2026-04-08 23:30:09,533 - INFO - Check ADA/USDT | Prob: 0.2863
2026-04-08 23:30:16,780 - INFO - Check ENA/USDT | Prob: 0.4469
2026-04-08 23:30:19,389 - INFO - Check LTC/USDT | Prob: 0.2784
2026-04-08 23:30:22,380 - INFO - Check JOE/USDT | Prob: 0.5245
2026-04-08 23:30:23,681 - INFO - Check RENDER/USDT | Prob: 0.5375
2026-04-08 23:30:28,658 - INFO - Check GIGGLE/USDT | Prob: 0.7043
2026-04-08 23:30:28,658 - ERROR - Trade entry failed: 'NoneType' object is not subscriptable
2026-04-08 23:30:29,041 - ERROR - TG error: Telegram server says - Bad Request: chat not found
2026-04-08 23:45:36,698 - INFO - --- [SCAN] AUTO CYCLE START ---
2026-04-08 23:45:50,208 - INFO - Check ????/USDT | Prob: 0.6171
2026-04-08 23:45:50,218 - ERROR - Trade entry failed: 'NoneType' object is not subscriptable
2026-04-08 23:45:50,672 - ERROR - TG error: Telegram server says - Bad Request: chat not found
2026-04-09 00:01:15,692 - INFO - --- [SCAN] AUTO CYCLE START ---
2026-04-09 00:01:39,109 - INFO - Check TRUMP/USDT | Prob: 0.5880
2026-04-09 00:01:39,110 - ERROR - Trade entry failed: 'NoneType' object is not subscriptable
2026-04-09 00:01:39,492 - ERROR - TG error: Telegram server says - Bad Request: chat not found
2026-04-09 00:16:50,590 - INFO - --- [SCAN] AUTO CYCLE START ---
2026-04-09 00:17:14,925 - INFO - Check TRUMP/USDT | Prob: 0.5621
2026-04-09 00:17:14,925 - ERROR - Trade entry failed: 'NoneType' object is not subscriptable
2026-04-09 00:17:15,294 - ERROR - TG error: Telegram server says - Bad Request: chat not found
2026-04-09 00:17:16,591 - INFO - Check WLD/USDT | Prob: 0.5722
2026-04-09 00:17:16,592 - ERROR - Trade entry failed: 'NoneType' object is not subscriptable
2026-04-09 00:17:16,865 - ERROR - TG error: Telegram server says - Bad Request: chat not found
2026-04-09 00:32:25,104 - INFO - --- [SCAN] AUTO CYCLE START ---
2026-04-09 00:32:36,040 - INFO - Check AVAX/USDT | Prob: 0.5777
2026-04-09 00:32:36,040 - ERROR - Trade entry failed: 'NoneType' object is not subscriptable
2026-04-09 00:32:36,475 - ERROR - TG error: Telegram server says - Bad Request: chat not found
2026-04-09 00:32:37,130 - INFO - Check FDUSD/USDT | Prob: 0.5352
2026-04-09 00:32:50,337 - INFO - Check WLD/USDT | Prob: 0.5665
2026-04-09 00:32:50,337 - ERROR - Trade entry failed: 'NoneType' object is not subscriptable
2026-04-09 00:32:50,728 - ERROR - TG error: Telegram server says - Bad Request: chat not found
2026-04-09 00:32:52,014 - INFO - Check UNI/USDT | Prob: 0.6210
2026-04-09 00:32:52,014 - ERROR - Trade entry failed: 'NoneType' object is not subscriptable
2026-04-09 00:32:52,297 - ERROR - TG error: Telegram server says - Bad Request: chat not found
2026-04-09 00:32:58,536 - INFO - Check APT/USDT | Prob: 0.6875
2026-04-09 00:32:58,537 - ERROR - Trade entry failed: 'NoneType' object is not subscriptable
2026-04-09 00:32:58,843 - ERROR - TG error: Telegram server says - Bad Request: chat not found
2026-04-09 00:32:59,481 - INFO - Check BCH/USDT | Prob: 0.2737
2026-04-09 00:48:00,120 - INFO - --- [SCAN] AUTO CYCLE START ---
2026-04-09 00:48:12,142 - INFO - Check FDUSD/USDT | Prob: 0.4855
2026-04-09 01:03:34,495 - INFO - --- [SCAN] AUTO CYCLE START ---
2026-04-09 01:03:40,969 - INFO - Check DOGE/USDT | Prob: 0.3604
2026-04-09 01:03:46,560 - INFO - Check FDUSD/USDT | Prob: 0.4855
2026-04-09 01:03:52,914 - INFO - Check NOM/USDT | Prob: 0.6898
2026-04-09 01:03:52,914 - ERROR - Trade entry failed: 'NoneType' object is not subscriptable
2026-04-09 01:03:54,135 - ERROR - TG error: Telegram server says - Bad Request: chat not found
2026-04-09 01:03:57,239 - INFO - Check RED/USDT | Prob: 0.6408
2026-04-09 01:03:57,240 - ERROR - Trade entry failed: 'NoneType' object is not subscriptable
2026-04-09 01:03:57,516 - ERROR - TG error: Telegram server says - Bad Request: chat not found
2026-04-09 01:19:08,772 - INFO - --- [SCAN] AUTO CYCLE START ---
2026-04-09 01:34:44,029 - INFO - --- [SCAN] AUTO CYCLE START ---
2026-04-09 01:50:19,550 - INFO - --- [SCAN] AUTO CYCLE START ---
2026-04-09 02:05:52,448 - INFO - --- [SCAN] AUTO CYCLE START ---
2026-04-09 02:06:05,459 - INFO - Check TRX/USDT | Prob: 0.6046
2026-04-09 02:06:05,460 - ERROR - Trade entry failed: 'NoneType' object is not subscriptable
2026-04-09 02:06:05,846 - ERROR - TG error: Telegram server says - Bad Request: chat not found
2026-04-09 02:21:25,629 - INFO - --- [SCAN] AUTO CYCLE START ---
2026-04-09 02:21:30,720 - INFO - Check ZEC/USDT | Prob: 0.5169
2026-04-09 02:21:39,535 - INFO - Check TRX/USDT | Prob: 0.6455
2026-04-09 02:21:39,536 - ERROR - Trade entry failed: 'NoneType' object is not subscriptable
2026-04-09 02:21:40,003 - ERROR - TG error: Telegram server says - Bad Request: chat not found
2026-04-09 02:21:51,511 - INFO - Check KITE/USDT | Prob: 0.5339
2026-04-09 02:37:00,225 - INFO - --- [SCAN] AUTO CYCLE START ---
2026-04-09 02:37:06,638 - INFO - Check DOGE/USDT | Prob: 0.3076
2026-04-09 02:37:24,232 - INFO - Check WLD/USDT | Prob: 0.4841
2026-04-09 02:37:24,861 - INFO - Check KITE/USDT | Prob: 0.6025
2026-04-09 02:37:24,862 - ERROR - Trade entry failed: 'NoneType' object is not subscriptable
2026-04-09 02:37:25,249 - ERROR - TG error: Telegram server says - Bad Request: chat not found
2026-04-09 02:37:25,881 - INFO - Check UNI/USDT | Prob: 0.6361
2026-04-09 02:37:25,882 - ERROR - Trade entry failed: 'NoneType' object is not subscriptable
2026-04-09 02:37:26,154 - ERROR - TG error: Telegram server says - Bad Request: chat not found
2026-04-09 02:52:34,196 - INFO - --- [SCAN] AUTO CYCLE START ---
2026-04-09 02:53:01,743 - INFO - Check UNI/USDT | Prob: 0.6346
2026-04-09 02:53:01,743 - ERROR - Trade entry failed: 'NoneType' object is not subscriptable
2026-04-09 02:53:02,200 - ERROR - TG error: Telegram server says - Bad Request: chat not found
2026-04-09 03:08:09,760 - INFO - --- [SCAN] AUTO CYCLE START ---
2026-04-09 03:08:27,789 - INFO - Check NOM/USDT | Prob: 0.6787
2026-04-09 03:08:27,790 - ERROR - Trade entry failed: 'NoneType' object is not subscriptable
2026-04-09 03:08:28,202 - ERROR - TG error: Telegram server says - Bad Request: chat not found
2026-04-09 03:23:43,308 - INFO - --- [SCAN] AUTO CYCLE START ---
2026-04-09 03:23:50,440 - INFO - Check PAXG/USDT | Prob: 0.4907
2026-04-09 03:23:57,329 - INFO - Check XAUT/USDT | Prob: 0.4888
2026-04-09 03:39:16,257 - INFO - --- [SCAN] AUTO CYCLE START ---
2026-04-09 03:54:49,892 - INFO - --- [SCAN] AUTO CYCLE START ---
2026-04-09 04:10:23,230 - INFO - --- [SCAN] AUTO CYCLE START ---
2026-04-09 04:10:41,332 - INFO - Check NOM/USDT | Prob: 0.6839
2026-04-09 04:10:41,333 - ERROR - Trade entry failed: 'NoneType' object is not subscriptable
2026-04-09 04:10:41,720 - ERROR - TG error: Telegram server says - Bad Request: chat not found
2026-04-09 04:10:46,091 - INFO - Check RENDER/USDT | Prob: 0.3098
2026-04-09 04:25:56,386 - INFO - --- [SCAN] AUTO CYCLE START ---
2026-04-09 04:26:15,077 - INFO - Check NOM/USDT | Prob: 0.6839
2026-04-09 04:26:15,078 - ERROR - Trade entry failed: 'NoneType' object is not subscriptable
2026-04-09 04:26:15,475 - ERROR - TG error: Telegram server says - Bad Request: chat not found
2026-04-09 04:26:19,286 - INFO - Check RENDER/USDT | Prob: 0.3275
2026-04-09 04:41:30,077 - INFO - --- [SCAN] AUTO CYCLE START ---
2026-04-09 04:42:00,654 - INFO - Check ENJ/USDT | Prob: 0.3696
2026-04-09 04:57:03,250 - INFO - --- [SCAN] AUTO CYCLE START ---
2026-04-09 04:57:18,693 - INFO - Check NEAR/USDT | Prob: 0.6165
2026-04-09 04:57:18,694 - ERROR - Trade entry failed: 'NoneType' object is not subscriptable
2026-04-09 04:57:19,123 - ERROR - TG error: Telegram server says - Bad Request: chat not found
2026-04-09 04:57:34,791 - INFO - Check ENJ/USDT | Prob: 0.3773
2026-04-09 05:01:44,837 - INFO - --- [SCAN] MANUAL CYCLE START ---
2026-04-09 05:02:01,678 - INFO - Check STO/USDT | Prob: 0.6410
2026-04-09 05:02:03,055 - ERROR - TG error: Telegram server says - Bad Request: chat not found
2026-04-09 05:02:18,320 - INFO - Update id=313222104 is handled. Duration 33625 ms by bot id=7349237883
2026-04-09 05:12:37,879 - INFO - --- [SCAN] AUTO CYCLE START ---
2026-04-09 05:13:02,344 - INFO - Check U/USDT | Prob: 0.5832
2026-04-09 05:13:02,345 - ERROR - Trade entry failed: 'NoneType' object is not subscriptable
2026-04-09 05:13:02,720 - ERROR - TG error: Telegram server says - Bad Request: chat not found
2026-04-09 05:13:04,007 - INFO - Check KITE/USDT | Prob: 0.4056
2026-04-09 05:13:04,638 - INFO - Check UNI/USDT | Prob: 0.6021
2026-04-09 05:13:04,639 - ERROR - Trade entry failed: 'NoneType' object is not subscriptable
2026-04-09 05:13:04,904 - ERROR - TG error: Telegram server says - Bad Request: chat not found
2026-04-09 05:28:14,000 - INFO - --- [SCAN] AUTO CYCLE START ---
2026-04-09 05:28:30,663 - INFO - Check STO/USDT | Prob: 0.6390
2026-04-09 05:28:30,664 - ERROR - Trade entry failed: 'NoneType' object is not subscriptable
2026-04-09 05:28:31,031 - ERROR - TG error: Telegram server says - Bad Request: chat not found
2026-04-09 05:28:38,645 - INFO - Check KITE/USDT | Prob: 0.4021
2026-04-09 05:28:39,284 - INFO - Check UNI/USDT | Prob: 0.5998
2026-04-09 05:28:39,285 - ERROR - Trade entry failed: 'NoneType' object is not subscriptable
2026-04-09 05:28:39,568 - ERROR - TG error: Telegram server says - Bad Request: chat not found
2026-04-09 05:43:47,609 - INFO - --- [SCAN] AUTO CYCLE START ---
2026-04-09 05:59:24,045 - INFO - --- [SCAN] AUTO CYCLE START ---
2026-04-09 05:59:41,334 - INFO - Check HBAR/USDT | Prob: 0.2579
2026-04-09 06:14:56,495 - INFO - --- [SCAN] AUTO CYCLE START ---
2026-04-09 06:15:03,012 - INFO - Check TAO/USDT | Prob: 0.6025
2026-04-09 06:15:03,013 - ERROR - Trade entry failed: 'NoneType' object is not subscriptable
2026-04-09 06:15:03,425 - ERROR - TG error: Telegram server says - Bad Request: chat not found
2026-04-09 06:15:07,823 - INFO - Check EUR/USDT | Prob: 0.5138
2026-04-09 06:30:30,869 - INFO - --- [SCAN] AUTO CYCLE START ---
2026-04-09 06:30:50,718 - INFO - Check DASH/USDT | Prob: 0.2940
2026-04-09 06:31:03,556 - INFO - Check BCH/USDT | Prob: 0.4710
2026-04-09 06:46:04,228 - INFO - --- [SCAN] AUTO CYCLE START ---
2026-04-09 06:46:14,085 - INFO - Check EUR/USDT | Prob: 0.5444
2026-04-09 06:46:24,280 - INFO - Check DASH/USDT | Prob: 0.3525
2026-04-09 06:46:34,008 - INFO - Check ARB/USDT | Prob: 0.6401
2026-04-09 06:46:34,014 - ERROR - Trade entry failed: 'NoneType' object is not subscriptable
2026-04-09 06:46:34,653 - ERROR - TG error: Telegram server says - Bad Request: chat not found
2026-04-09 07:01:37,947 - INFO - --- [SCAN] AUTO CYCLE START ---
2026-04-09 07:02:00,383 - INFO - Check RENDER/USDT | Prob: 0.4993
2026-04-09 07:17:10,681 - INFO - --- [SCAN] AUTO CYCLE START ---
2026-04-09 07:17:17,196 - INFO - Check DOGE/USDT | Prob: 0.6254
2026-04-09 07:17:17,197 - ERROR - Trade entry failed: 'NoneType' object is not subscriptable
2026-04-09 07:17:17,600 - ERROR - TG error: Telegram server says - Bad Request: chat not found
2026-04-09 07:17:38,765 - INFO - Check ICP/USDT | Prob: 0.3200
2026-04-09 07:32:44,647 - INFO - --- [SCAN] AUTO CYCLE START ---
2026-04-09 07:32:57,952 - INFO - Check ????/USDT | Prob: 0.3000
2026-04-09 07:33:00,518 - INFO - Check NEAR/USDT | Prob: 0.6404
2026-04-09 07:33:00,519 - ERROR - Trade entry failed: 'NoneType' object is not subscriptable
2026-04-09 07:33:01,603 - ERROR - TG error: Telegram server says - Bad Request: chat not found
2026-04-09 07:33:02,237 - INFO - Check FET/USDT | Prob: 0.4757
2026-04-09 07:33:09,923 - INFO - Check U/USDT | Prob: 0.5172
2026-04-09 07:48:19,549 - INFO - --- [SCAN] AUTO CYCLE START ---
2026-04-09 07:48:21,608 - INFO - Check ETH/USDT | Prob: 0.6447
2026-04-09 07:48:21,609 - ERROR - Trade entry failed: 'NoneType' object is not subscriptable
2026-04-09 07:48:22,005 - ERROR - TG error: Telegram server says - Bad Request: chat not found
2026-04-09 07:48:36,054 - INFO - Check FET/USDT | Prob: 0.5508
2026-04-09 07:48:36,054 - ERROR - Trade entry failed: 'NoneType' object is not subscriptable
2026-04-09 07:48:36,379 - ERROR - TG error: Telegram server says - Bad Request: chat not found
2026-04-09 08:03:53,079 - INFO - --- [SCAN] AUTO CYCLE START ---
2026-04-09 08:04:02,093 - INFO - Check LINK/USDT | Prob: 0.6285
2026-04-09 08:04:02,094 - ERROR - Trade entry failed: 'NoneType' object is not subscriptable
2026-04-09 08:04:02,492 - ERROR - TG error: Telegram server says - Bad Request: chat not found
2026-04-09 08:04:07,301 - INFO - Check TRX/USDT | Prob: 0.5734
2026-04-09 08:04:07,302 - ERROR - Trade entry failed: 'NoneType' object is not subscriptable
2026-04-09 08:04:08,673 - ERROR - TG error: Telegram server says - Bad Request: chat not found
2026-04-09 08:04:11,668 - INFO - Check FET/USDT | Prob: 0.5704
2026-04-09 08:04:11,669 - ERROR - Trade entry failed: 'NoneType' object is not subscriptable
2026-04-09 08:04:11,951 - ERROR - TG error: Telegram server says - Bad Request: chat not found
2026-04-09 08:19:29,978 - INFO - --- [SCAN] AUTO CYCLE START ---
2026-04-09 08:19:47,128 - INFO - Check STO/USDT | Prob: 0.5421
2026-04-09 08:30:30,227 - INFO - Update id=313222105 is handled. Duration 218 ms by bot id=7349237883
2026-04-09 08:30:30,227 - INFO - --- [SCAN] AUTO CYCLE START ---
2026-04-09 08:35:03,596 - INFO - --- [SCAN] AUTO CYCLE START ---
2026-04-09 08:46:04,389 - INFO - --- [SCAN] AUTO CYCLE START ---
2026-04-09 08:46:22,668 - INFO - Check NOM/USDT | Prob: 0.6454
2026-04-09 08:46:22,669 - ERROR - Trade entry failed: 'NoneType' object is not subscriptable
2026-04-09 08:46:23,033 - ERROR - TG error: Telegram server says - Bad Request: chat not found
2026-04-09 08:50:37,462 - INFO - --- [SCAN] AUTO CYCLE START ---
2026-04-09 08:50:55,591 - INFO - Check NOM/USDT | Prob: 0.6454
2026-04-09 08:50:55,592 - ERROR - Trade entry failed: 'NoneType' object is not subscriptable
2026-04-09 08:50:55,975 - ERROR - TG error: Telegram server says - Bad Request: chat not found
2026-04-09 09:01:37,821 - INFO - --- [SCAN] AUTO CYCLE START ---
2026-04-09 09:01:48,247 - INFO - Check ADA/USDT | Prob: 0.4399
2026-04-09 09:01:50,870 - INFO - Check TRX/USDT | Prob: 0.6831
2026-04-09 09:01:50,870 - ERROR - Trade entry failed: 'NoneType' object is not subscriptable
2026-04-09 09:01:51,347 - ERROR - TG error: Telegram server says - Bad Request: chat not found
2026-04-09 09:01:57,801 - INFO - Check DASH/USDT | Prob: 0.3410
2026-04-09 09:06:10,140 - INFO - --- [SCAN] AUTO CYCLE START ---
2026-04-09 09:06:20,574 - INFO - Check ADA/USDT | Prob: 0.4360
2026-04-09 09:06:23,175 - INFO - Check TRX/USDT | Prob: 0.6831
2026-04-09 09:06:23,176 - ERROR - Trade entry failed: 'NoneType' object is not subscriptable
2026-04-09 09:06:23,542 - ERROR - TG error: Telegram server says - Bad Request: chat not found
2026-04-09 09:06:30,066 - INFO - Check DASH/USDT | Prob: 0.3427
2026-04-09 09:06:38,406 - INFO - Check ICP/USDT | Prob: 0.4805
2026-04-09 09:06:43,614 - INFO - Check PENGU/USDT | Prob: 0.6926
2026-04-09 09:06:43,615 - ERROR - Trade entry failed: 'NoneType' object is not subscriptable
2026-04-09 09:06:43,997 - ERROR - TG error: Telegram server says - Bad Request: chat not found
2026-04-09 09:17:12,579 - INFO - --- [SCAN] AUTO CYCLE START ---
2026-04-09 09:17:13,316 - INFO - Check BTC/USDT | Prob: 0.5439
2026-04-09 09:17:19,813 - INFO - Check PAXG/USDT | Prob: 0.6280
2026-04-09 09:17:19,814 - ERROR - Trade entry failed: 'NoneType' object is not subscriptable
2026-04-09 09:17:20,249 - ERROR - TG error: Telegram server says - Bad Request: chat not found
2026-04-09 09:17:23,491 - INFO - Check ADA/USDT | Prob: 0.4397
2026-04-09 09:17:28,028 - INFO - Check NEAR/USDT | Prob: 0.5733
2026-04-09 09:17:28,028 - ERROR - Trade entry failed: 'NoneType' object is not subscriptable
2026-04-09 09:17:28,319 - ERROR - TG error: Telegram server says - Bad Request: chat not found
2026-04-09 09:17:32,859 - INFO - Check DASH/USDT | Prob: 0.3412
2026-04-09 09:17:35,454 - INFO - Check RENDER/USDT | Prob: 0.4970
2026-04-09 09:17:39,898 - INFO - Check GIGGLE/USDT | Prob: 0.5218
2026-04-09 09:17:40,539 - INFO - Check WBTC/USDT | Prob: 0.3097
2026-04-09 09:17:46,347 - INFO - Check PENGU/USDT | Prob: 0.6913
2026-04-09 09:17:46,347 - ERROR - Trade entry failed: 'NoneType' object is not subscriptable
2026-04-09 09:17:46,723 - ERROR - TG error: Telegram server says - Bad Request: chat not found
2026-04-09 09:21:44,004 - INFO - --- [SCAN] AUTO CYCLE START ---
2026-04-09 09:21:44,661 - INFO - Check BTC/USDT | Prob: 0.5439
2026-04-09 09:21:51,666 - INFO - Check PAXG/USDT | Prob: 0.6280
2026-04-09 09:21:51,667 - ERROR - Trade entry failed: 'NoneType' object is not subscriptable
2026-04-09 09:21:51,959 - ERROR - TG error: Telegram server says - Bad Request: chat not found
2026-04-09 09:21:55,204 - INFO - Check ADA/USDT | Prob: 0.4397
2026-04-09 09:21:59,754 - INFO - Check NEAR/USDT | Prob: 0.5733
2026-04-09 09:21:59,755 - ERROR - Trade entry failed: 'NoneType' object is not subscriptable
2026-04-09 09:22:00,024 - ERROR - TG error: Telegram server says - Bad Request: chat not found
2026-04-09 09:22:05,089 - INFO - Check DASH/USDT | Prob: 0.3412
2026-04-09 09:22:07,678 - INFO - Check RENDER/USDT | Prob: 0.4970
2026-04-09 09:22:12,091 - INFO - Check GIGGLE/USDT | Prob: 0.5218
2026-04-09 09:22:12,713 - INFO - Check WBTC/USDT | Prob: 0.3097
2026-04-09 09:22:18,523 - INFO - Check PENGU/USDT | Prob: 0.6913
2026-04-09 09:22:18,524 - ERROR - Trade entry failed: 'NoneType' object is not subscriptable
2026-04-09 09:22:18,903 - ERROR - TG error: Telegram server says - Bad Request: chat not found
2026-04-09 09:30:57,790 - INFO - Update id=313222106 is handled. Duration 125 ms by bot id=7349237883
2026-04-09 09:31:03,674 - INFO - Update id=313222107 is handled. Duration 4391 ms by bot id=7349237883
2026-04-09 09:32:46,744 - INFO - --- [SCAN] AUTO CYCLE START ---
2026-04-09 09:37:18,918 - INFO - --- [SCAN] AUTO CYCLE START ---
2026-04-09 09:37:21,526 - INFO - Check SOL/USDT | Prob: 0.5887
2026-04-09 09:37:22,859 - ERROR - TG error: Telegram server says - Bad Request: chat not found
2026-04-09 09:37:25,464 - INFO - Check TAO/USDT | Prob: 0.2572
2026-04-09 09:37:33,842 - INFO - Check XAUT/USDT | Prob: 0.6318
2026-04-09 09:37:34,396 - ERROR - TG error: Telegram server says - Bad Request: chat not found
2026-04-09 09:48:19,640 - INFO - --- [SCAN] AUTO CYCLE START ---
2026-04-09 09:52:53,487 - INFO - --- [SCAN] AUTO CYCLE START ---
2026-04-09 10:03:51,412 - INFO - --- [SCAN] AUTO CYCLE START ---
2026-04-09 10:08:25,060 - INFO - --- [SCAN] AUTO CYCLE START ---
2026-04-09 10:08:49,801 - INFO - Check GIGGLE/USDT | Prob: 0.2749
2026-04-09 10:19:23,146 - INFO - --- [SCAN] AUTO CYCLE START ---
2026-04-09 10:19:47,816 - INFO - Check GIGGLE/USDT | Prob: 0.2749
2026-04-09 10:23:56,312 - INFO - --- [SCAN] AUTO CYCLE START ---
2026-04-09 10:24:21,083 - INFO - Check GIGGLE/USDT | Prob: 0.2749
2026-04-09 10:34:54,695 - INFO - --- [SCAN] AUTO CYCLE START ---
2026-04-09 10:35:20,723 - INFO - Check WBTC/USDT | Prob: 0.6084
2026-04-09 10:35:22,531 - ERROR - TG error: Telegram server says - Bad Request: chat not found
2026-04-09 10:39:28,611 - INFO - --- [SCAN] AUTO CYCLE START ---
2026-04-09 10:39:29,346 - INFO - Check BTC/USDT | Prob: 0.6504
2026-04-09 10:39:29,896 - ERROR - TG error: Telegram server says - Bad Request: chat not found
2026-04-09 10:39:34,447 - INFO - Check BNB/USDT | Prob: 0.5196
2026-04-09 10:39:44,133 - INFO - Check ENA/USDT | Prob: 0.5551
2026-04-09 10:39:46,376 - ERROR - TG error: Telegram server says - Bad Request: chat not found
2026-04-09 10:50:28,314 - INFO - --- [SCAN] AUTO CYCLE START ---
2026-04-09 10:50:29,701 - INFO - Check ETH/USDT | Prob: 0.6795
2026-04-09 10:50:30,344 - ERROR - TG error: Telegram server says - Bad Request: chat not found
2026-04-09 10:50:31,618 - INFO - Check XRP/USDT | Prob: 0.5775
2026-04-09 10:50:32,815 - ERROR - TG error: Telegram server says - Bad Request: chat not found
2026-04-09 10:50:34,690 - INFO - Check BNB/USDT | Prob: 0.4333
2026-04-09 10:50:35,972 - INFO - Check PAXG/USDT | Prob: 0.4467
2026-04-09 10:50:37,251 - INFO - Check SUI/USDT | Prob: 0.5355
2026-04-09 10:51:01,799 - INFO - Check PENGU/USDT | Prob: 0.4733
2026-04-09 10:55:03,188 - INFO - --- [SCAN] AUTO CYCLE START ---
2026-04-09 10:55:06,518 - INFO - Check BNB/USDT | Prob: 0.4333
2026-04-09 10:55:07,782 - INFO - Check PAXG/USDT | Prob: 0.4467
2026-04-09 10:55:09,056 - INFO - Check SUI/USDT | Prob: 0.5355
2026-04-09 10:55:10,339 - INFO - Check EUR/USDT | Prob: 0.5036
2026-04-09 10:55:31,702 - INFO - Check PENGU/USDT | Prob: 0.4733
2026-04-09 11:06:01,815 - INFO - --- [SCAN] AUTO CYCLE START ---
2026-04-09 11:06:08,942 - INFO - Check EUR/USDT | Prob: 0.4918
2026-04-09 11:10:31,718 - INFO - --- [SCAN] AUTO CYCLE START ---
2026-04-09 11:10:38,901 - INFO - Check EUR/USDT | Prob: 0.4918
2026-04-09 11:21:29,900 - INFO - --- [SCAN] AUTO CYCLE START ---
2026-04-09 11:26:00,188 - INFO - --- [SCAN] AUTO CYCLE START ---
2026-04-09 11:37:02,587 - INFO - --- [SCAN] AUTO CYCLE START ---
2026-04-09 11:41:27,966 - INFO - --- [SCAN] AUTO CYCLE START ---
2026-04-09 11:41:51,923 - INFO - Check ICP/USDT | Prob: 0.3130
2026-04-09 11:52:31,078 - INFO - --- [SCAN] AUTO CYCLE START ---
2026-04-09 11:52:38,929 - INFO - Check ADA/USDT | Prob: 0.5924
2026-04-09 11:52:39,593 - ERROR - TG error: Telegram server says - Bad Request: chat not found
2026-04-09 11:52:55,038 - INFO - Check ICP/USDT | Prob: 0.3152
2026-04-09 11:56:57,125 - INFO - --- [SCAN] AUTO CYCLE START ---
2026-04-09 11:57:20,894 - INFO - Check ICP/USDT | Prob: 0.3152
2026-04-09 12:08:00,234 - INFO - --- [SCAN] AUTO CYCLE START ---
2026-04-09 12:12:27,125 - INFO - --- [SCAN] AUTO CYCLE START ---
2026-04-09 12:12:36,276 - INFO - Check ????/USDT | Prob: 0.2916
2026-04-09 12:23:28,597 - INFO - --- [SCAN] AUTO CYCLE START ---
2026-04-09 12:23:31,654 - INFO - Check TAO/USDT | Prob: 0.2808
2026-04-09 12:23:38,070 - INFO - Check ????/USDT | Prob: 0.2919
2026-04-09 12:27:54,956 - INFO - --- [SCAN] AUTO CYCLE START ---
2026-04-09 12:27:57,567 - INFO - Check TAO/USDT | Prob: 0.2793
2026-04-09 12:27:59,469 - INFO - Check PAXG/USDT | Prob: 0.6256
2026-04-09 12:27:59,758 - ERROR - Trade entry failed: binance Account has insufficient balance for requested action.
2026-04-09 12:28:00,095 - ERROR - TG error: Telegram server says - Bad Request: chat not found
2026-04-09 12:28:02,009 - INFO - Check LINK/USDT | Prob: 0.5277
2026-04-09 12:28:05,090 - INFO - Check ????/USDT | Prob: 0.2919
2026-04-09 12:38:56,083 - INFO - --- [SCAN] AUTO CYCLE START ---
2026-04-09 12:38:58,793 - INFO - Check TAO/USDT | Prob: 0.2793
2026-04-09 12:39:00,739 - INFO - Check PAXG/USDT | Prob: 0.6254
2026-04-09 12:39:01,028 - ERROR - Trade entry failed: binance Account has insufficient balance for requested action.
2026-04-09 12:39:01,400 - ERROR - TG error: Telegram server says - Bad Request: chat not found
2026-04-09 12:43:24,802 - INFO - --- [SCAN] AUTO CYCLE START ---
2026-04-09 12:43:27,421 - INFO - Check TAO/USDT | Prob: 0.2793
2026-04-09 12:43:29,325 - INFO - Check PAXG/USDT | Prob: 0.6254
2026-04-09 12:43:29,614 - ERROR - Trade entry failed: binance Account has insufficient balance for requested action.
2026-04-09 12:43:29,980 - ERROR - TG error: Telegram server says - Bad Request: chat not found
2026-04-09 12:54:25,672 - INFO - --- [SCAN] AUTO CYCLE START ---
2026-04-09 12:54:35,979 - INFO - Check TRX/USDT | Prob: 0.5849
2026-04-09 12:54:36,262 - ERROR - Trade entry failed: binance Account has insufficient balance for requested action.
2026-04-09 12:54:36,712 - ERROR - TG error: Telegram server says - Bad Request: chat not found
2026-04-09 12:58:54,719 - INFO - --- [SCAN] AUTO CYCLE START ---
2026-04-09 12:59:05,157 - INFO - Check TRX/USDT | Prob: 0.5887
2026-04-09 12:59:05,445 - ERROR - Trade entry failed: binance Account has insufficient balance for requested action.
2026-04-09 12:59:05,937 - ERROR - TG error: Telegram server says - Bad Request: chat not found
2026-04-09 13:09:54,158 - INFO - --- [SCAN] AUTO CYCLE START ---
2026-04-09 13:09:55,607 - INFO - Check USD1/USDT | Prob: 0.5406
2026-04-09 13:10:05,118 - INFO - Check TRX/USDT | Prob: 0.5887
2026-04-09 13:10:05,403 - ERROR - Trade entry failed: binance Account has insufficient balance for requested action.
2026-04-09 13:10:05,787 - ERROR - TG error: Telegram server says - Bad Request: chat not found
2026-04-09 13:10:07,740 - INFO - Check FET/USDT | Prob: 0.5700
2026-04-09 13:10:08,033 - ERROR - Trade entry failed: binance Account has insufficient balance for requested action.
2026-04-09 13:10:08,297 - ERROR - TG error: Telegram server says - Bad Request: chat not found
2026-04-09 13:10:23,784 - INFO - Check BCH/USDT | Prob: 0.6312
2026-04-09 13:10:24,079 - ERROR - Trade entry failed: binance Account has insufficient balance for requested action.
2026-04-09 13:10:26,986 - ERROR - TG error: Telegram server says - Bad Request: chat not found
2026-04-09 13:14:23,983 - INFO - --- [SCAN] AUTO CYCLE START ---
2026-04-09 13:14:33,754 - INFO - Check TRX/USDT | Prob: 0.5887
2026-04-09 13:14:34,040 - ERROR - Trade entry failed: binance Account has insufficient balance for requested action.
2026-04-09 13:14:35,768 - ERROR - TG error: Telegram server says - Bad Request: chat not found
2026-04-09 13:14:38,197 - INFO - Check FET/USDT | Prob: 0.5694
2026-04-09 13:14:38,484 - ERROR - Trade entry failed: binance Account has insufficient balance for requested action.
2026-04-09 13:14:38,726 - ERROR - TG error: Telegram server says - Bad Request: chat not found
2026-04-09 13:14:48,288 - INFO - Check UNI/USDT | Prob: 0.6963
2026-04-09 13:14:48,580 - ERROR - Trade entry failed: binance Account has insufficient balance for requested action.
2026-04-09 13:14:51,400 - ERROR - TG error: Telegram server says - Bad Request: chat not found
2026-04-09 13:14:57,209 - INFO - Check BCH/USDT | Prob: 0.6070
2026-04-09 13:14:57,497 - ERROR - Trade entry failed: binance Account has insufficient balance for requested action.
2026-04-09 13:14:57,754 - ERROR - TG error: Telegram server says - Bad Request: chat not found
2026-04-09 13:25:27,637 - INFO - --- [SCAN] AUTO CYCLE START ---
2026-04-09 13:25:36,710 - INFO - Check FDUSD/USDT | Prob: 0.4316
2026-04-09 13:25:41,461 - INFO - Check FET/USDT | Prob: 0.5694
2026-04-09 13:25:41,748 - ERROR - Trade entry failed: binance Account has insufficient balance for requested action.
2026-04-09 13:25:42,209 - ERROR - TG error: Telegram server says - Bad Request: chat not found
2026-04-09 13:25:52,258 - INFO - Check UNI/USDT | Prob: 0.6963
2026-04-09 13:25:52,545 - ERROR - Trade entry failed: binance Account has insufficient balance for requested action.
2026-04-09 13:25:55,893 - ERROR - TG error: Telegram server says - Bad Request: chat not found
2026-04-09 13:25:59,772 - INFO - Check ENJ/USDT | Prob: 0.2455
2026-04-09 13:26:02,225 - INFO - Check BCH/USDT | Prob: 0.6070
2026-04-09 13:26:02,515 - ERROR - Trade entry failed: binance Account has insufficient balance for requested action.
2026-04-09 13:26:02,753 - ERROR - TG error: Telegram server says - Bad Request: chat not found
2026-04-09 13:29:58,441 - INFO - --- [SCAN] AUTO CYCLE START ---
2026-04-09 13:30:07,761 - INFO - Check EUR/USDT | Prob: 0.2866
2026-04-09 13:30:27,709 - INFO - Check ENJ/USDT | Prob: 0.2456
2026-04-09 13:41:03,388 - INFO - --- [SCAN] AUTO CYCLE START ---
2026-04-09 13:41:10,695 - INFO - Check EUR/USDT | Prob: 0.2829
2026-04-09 13:41:27,423 - INFO - Check ZRO/USDT | Prob: 0.3422
2026-04-09 13:41:28,708 - INFO - Check ENJ/USDT | Prob: 0.2456
2026-04-09 13:45:30,323 - INFO - --- [SCAN] AUTO CYCLE START ---
2026-04-09 13:45:37,510 - INFO - Check EUR/USDT | Prob: 0.2722
2026-04-09 13:55:19,666 - ERROR - TG error: Telegram server says - Bad Request: chat not found
2026-04-09 13:56:31,855 - INFO - --- [SCAN] AUTO CYCLE START ---
2026-04-09 13:56:40,288 - INFO - Check EUR/USDT | Prob: 0.2722
2026-04-09 13:56:41,602 - INFO - Check FDUSD/USDT | Prob: 0.5576
2026-04-09 13:56:42,140 - ERROR - TG error: Telegram server says - Bad Request: chat not found
2026-04-09 14:00:58,924 - INFO - --- [SCAN] AUTO CYCLE START ---
2026-04-09 14:01:16,539 - INFO - Check RED/USDT | Prob: 0.5974
2026-04-09 14:01:16,826 - ERROR - Trade entry failed: binance Account has insufficient balance for requested action.
2026-04-09 14:01:17,173 - ERROR - TG error: Telegram server says - Bad Request: chat not found
2026-04-09 14:01:24,183 - INFO - Check ZRO/USDT | Prob: 0.2740
2026-04-09 14:05:40,221 - ERROR - Failed to fetch updates - TelegramNetworkError: HTTP Client says - ServerDisconnectedError: Server disconnected
2026-04-09 14:05:40,221 - WARNING - Sleep for 1.000000 seconds and try again... (tryings = 0, bot id = 7349237883)
2026-04-09 14:05:52,708 - INFO - Connection established (tryings = 1, bot id = 7349237883)
2026-04-09 14:12:01,671 - INFO - --- [SCAN] AUTO CYCLE START ---
2026-04-09 14:12:19,301 - INFO - Check RED/USDT | Prob: 0.5974
2026-04-09 14:12:19,587 - ERROR - Trade entry failed: binance Account has insufficient balance for requested action.
2026-04-09 14:12:19,927 - ERROR - TG error: Telegram server says - Bad Request: chat not found
2026-04-09 14:12:26,953 - INFO - Check ZRO/USDT | Prob: 0.3803
2026-04-09 14:16:28,055 - INFO - --- [SCAN] AUTO CYCLE START ---
2026-04-09 14:22:58,306 - ERROR - TG error: Telegram server says - Bad Request: chat not found
2026-04-09 14:27:30,891 - INFO - --- [SCAN] AUTO CYCLE START ---
2026-04-09 14:27:52,999 - INFO - Check RENDER/USDT | Prob: 0.6194
2026-04-09 14:27:56,214 - ERROR - TG error: Telegram server says - Bad Request: chat not found
2026-04-09 14:28:01,977 - INFO - Check ZRO/USDT | Prob: 0.4206
2026-04-09 14:31:55,627 - INFO - --- [SCAN] AUTO CYCLE START ---
2026-04-09 14:32:01,301 - INFO - Check DOGE/USDT | Prob: 0.6451
2026-04-09 14:32:01,583 - ERROR - Trade entry failed: binance Account has insufficient balance for requested action.
2026-04-09 14:32:01,938 - ERROR - TG error: Telegram server says - Bad Request: chat not found
2026-04-09 14:32:20,556 - INFO - Check ZRO/USDT | Prob: 0.4234
2026-04-09 14:43:05,793 - INFO - --- [SCAN] AUTO CYCLE START ---
2026-04-09 14:43:13,743 - INFO - Check LINK/USDT | Prob: 0.6299
2026-04-09 14:43:14,038 - ERROR - Trade entry failed: binance Account has insufficient balance for requested action.
2026-04-09 14:43:14,410 - ERROR - TG error: Telegram server says - Bad Request: chat not found
2026-04-09 14:43:16,972 - INFO - Check TRX/USDT | Prob: 0.3580
2026-04-09 14:43:30,435 - INFO - Check ZRO/USDT | Prob: 0.4234
2026-04-09 14:43:32,235 - INFO - Check ENJ/USDT | Prob: 0.2455
2026-04-09 14:47:27,067 - INFO - --- [SCAN] AUTO CYCLE START ---
2026-04-09 14:47:37,497 - INFO - Check TRX/USDT | Prob: 0.3580
2026-04-09 14:47:47,853 - INFO - Check KITE/USDT | Prob: 0.6427
2026-04-09 14:47:48,144 - ERROR - Trade entry failed: binance Account has insufficient balance for requested action.
2026-04-09 14:47:48,478 - ERROR - TG error: Telegram server says - Bad Request: chat not found
2026-04-09 14:47:53,919 - INFO - Check ENJ/USDT | Prob: 0.2454
2026-04-09 14:58:34,861 - INFO - --- [SCAN] AUTO CYCLE START ---
2026-04-09 14:58:45,549 - INFO - Check TRX/USDT | Prob: 0.3580
2026-04-09 14:59:00,402 - INFO - Check ENJ/USDT | Prob: 0.2454
2026-04-09 15:02:56,529 - INFO - --- [SCAN] AUTO CYCLE START ---
2026-04-09 15:03:00,465 - INFO - Check TAO/USDT | Prob: 0.2935
2026-04-09 15:14:02,976 - INFO - --- [SCAN] AUTO CYCLE START ---
2026-04-09 15:14:07,014 - INFO - Check TAO/USDT | Prob: 0.2712
2026-04-09 15:14:08,279 - INFO - Check DOGE/USDT | Prob: 0.6857
2026-04-09 15:14:08,579 - ERROR - Trade entry failed: binance Account has insufficient balance for requested action.
2026-04-09 15:14:09,552 - ERROR - TG error: Telegram server says - Bad Request: chat not found
2026-04-09 15:18:25,920 - INFO - --- [SCAN] AUTO CYCLE START ---
2026-04-09 15:18:29,878 - INFO - Check TAO/USDT | Prob: 0.2712
2026-04-09 15:18:31,177 - INFO - Check DOGE/USDT | Prob: 0.6858
2026-04-09 15:18:31,462 - ERROR - Trade entry failed: binance Account has insufficient balance for requested action.
2026-04-09 15:18:31,823 - ERROR - TG error: Telegram server says - Bad Request: chat not found
2026-04-09 15:18:45,062 - INFO - Check JOE/USDT | Prob: 0.5385
2026-04-09 15:29:34,234 - INFO - --- [SCAN] AUTO CYCLE START ---
2026-04-09 15:29:38,240 - INFO - Check TAO/USDT | Prob: 0.2712
2026-04-09 15:29:39,506 - INFO - Check DOGE/USDT | Prob: 0.6858
2026-04-09 15:29:39,794 - ERROR - Trade entry failed: binance Account has insufficient balance for requested action.
2026-04-09 15:29:40,271 - ERROR - TG error: Telegram server says - Bad Request: chat not found
2026-04-09 15:29:43,464 - INFO - Check EUR/USDT | Prob: 0.5945
2026-04-09 15:29:44,261 - ERROR - Trade entry failed: binance Account has insufficient balance for requested action.
2026-04-09 15:29:44,554 - ERROR - TG error: Telegram server says - Bad Request: chat not found
2026-04-09 15:29:52,898 - INFO - Check JOE/USDT | Prob: 0.5385
2026-04-09 15:30:05,202 - INFO - Check BCH/USDT | Prob: 0.5351
2026-04-09 15:33:57,068 - INFO - --- [SCAN] AUTO CYCLE START ---
2026-04-09 15:34:35,344 - INFO - Check BCH/USDT | Prob: 0.5351
2026-04-09 15:39:05,931 - ERROR - TG error: Telegram server says - Bad Request: chat not found
2026-04-09 15:45:05,841 - INFO - --- [SCAN] AUTO CYCLE START ---
2026-04-09 15:45:11,596 - INFO - Check PAXG/USDT | Prob: 0.5485
2026-04-09 15:45:14,130 - INFO - Check EUR/USDT | Prob: 0.5282
2026-04-09 15:45:17,174 - INFO - Check XAUT/USDT | Prob: 0.5541
2026-04-09 15:45:17,752 - ERROR - TG error: Telegram server says - Bad Request: chat not found
2026-04-09 15:49:36,337 - INFO - --- [SCAN] AUTO CYCLE START ---
2026-04-09 15:49:42,185 - INFO - Check PAXG/USDT | Prob: 0.5485
2026-04-09 15:49:44,730 - INFO - Check EUR/USDT | Prob: 0.5282
2026-04-09 15:52:51,002 - ERROR - TG error: Telegram server says - Bad Request: chat not found
2026-04-09 15:56:39,311 - ERROR - TG error: Telegram server says - Bad Request: chat not found
2026-04-09 15:56:39,353 - ERROR - TG error: Telegram server says - Bad Request: chat not found
2026-04-09 16:00:38,928 - INFO - --- [SCAN] AUTO CYCLE START ---
2026-04-09 16:05:04,660 - INFO - --- [SCAN] AUTO CYCLE START ---
2026-04-09 16:05:32,320 - INFO - Check XPL/USDT | Prob: 0.6871
2026-04-09 16:05:34,953 - ERROR - TG error: Telegram server says - Bad Request: chat not found
2026-04-09 16:16:09,769 - INFO - --- [SCAN] AUTO CYCLE START ---
2026-04-09 16:16:15,072 - INFO - Check TAO/USDT | Prob: 0.3830
2026-04-09 16:20:39,430 - INFO - --- [SCAN] AUTO CYCLE START ---
2026-04-09 16:20:44,781 - INFO - Check TAO/USDT | Prob: 0.3830
2026-04-09 16:31:39,320 - INFO - --- [SCAN] AUTO CYCLE START ---
2026-04-09 16:32:06,028 - INFO - Check ENJ/USDT | Prob: 0.2483
2026-04-09 16:36:08,120 - INFO - --- [SCAN] AUTO CYCLE START ---
2026-04-09 16:36:34,916 - INFO - Check ENJ/USDT | Prob: 0.2483
2026-04-09 16:47:08,651 - INFO - --- [SCAN] AUTO CYCLE START ---
2026-04-09 16:47:13,396 - INFO - Check ZEC/USDT | Prob: 0.4853
2026-04-09 16:47:17,308 - INFO - Check SUI/USDT | Prob: 0.4138
2026-04-09 16:47:20,607 - INFO - Check TRX/USDT | Prob: 0.6123
2026-04-09 16:47:23,583 - ERROR - TG error: Telegram server says - Bad Request: chat not found
2026-04-09 16:47:24,269 - INFO - Check RLUSD/USDT | Prob: 0.5132
2026-04-09 16:47:26,862 - INFO - Check HBAR/USDT | Prob: 0.5962
2026-04-09 16:47:27,400 - ERROR - TG error: Telegram server says - Bad Request: chat not found
2026-04-09 16:47:28,691 - INFO - Check LTC/USDT | Prob: 0.2951
2026-04-09 16:47:29,990 - INFO - Check AAVE/USDT | Prob: 0.6744
2026-04-09 16:47:30,284 - ERROR - Trade entry failed: binance Account has insufficient balance for requested action.
2026-04-09 16:47:30,549 - ERROR - TG error: Telegram server says - Bad Request: chat not found
2026-04-09 16:47:38,392 - INFO - Check ARB/USDT | Prob: 0.6444
2026-04-09 16:47:38,677 - ERROR - Trade entry failed: binance Account has insufficient balance for requested action.
2026-04-09 16:47:38,958 - ERROR - TG error: Telegram server says - Bad Request: chat not found
2026-04-09 16:51:37,546 - INFO - --- [SCAN] AUTO CYCLE START ---
2026-04-09 16:51:42,184 - INFO - Check ZEC/USDT | Prob: 0.4285
2026-04-09 16:51:46,123 - INFO - Check SUI/USDT | Prob: 0.4976
2026-04-09 16:51:48,735 - INFO - Check ????/USDT | Prob: 0.3927
2026-04-09 16:51:49,387 - INFO - Check RLUSD/USDT | Prob: 0.5132
2026-04-09 16:51:50,029 - INFO - Check NEAR/USDT | Prob: 0.3255
2026-04-09 16:51:50,680 - INFO - Check FET/USDT | Prob: 0.2808
2026-04-09 16:51:52,614 - INFO - Check LTC/USDT | Prob: 0.2695
2026-04-09 16:51:53,892 - INFO - Check AAVE/USDT | Prob: 0.6681
2026-04-09 16:51:54,184 - ERROR - Trade entry failed: binance Account has insufficient balance for requested action.
2026-04-09 16:51:57,092 - ERROR - TG error: Telegram server says - Bad Request: chat not found
2026-04-09 16:52:06,108 - INFO - Check ARB/USDT | Prob: 0.6409
2026-04-09 16:52:06,396 - ERROR - Trade entry failed: binance Account has insufficient balance for requested action.
2026-04-09 16:52:06,644 - ERROR - TG error: Telegram server says - Bad Request: chat not found
2026-04-09 17:02:42,765 - INFO - --- [SCAN] AUTO CYCLE START ---
2026-04-09 17:02:46,188 - INFO - Check USD1/USDT | Prob: 0.6256
2026-04-09 17:02:46,476 - ERROR - Trade entry failed: binance Account has insufficient balance for requested action.
2026-04-09 17:02:49,312 - ERROR - TG error: Telegram server says - Bad Request: chat not found
2026-04-09 17:02:50,639 - INFO - Check ZEC/USDT | Prob: 0.4545
2026-04-09 17:02:54,553 - INFO - Check SUI/USDT | Prob: 0.4950
2026-04-09 17:02:57,146 - INFO - Check ????/USDT | Prob: 0.3878
2026-04-09 17:02:58,454 - INFO - Check NEAR/USDT | Prob: 0.4742
2026-04-09 17:02:59,099 - INFO - Check FET/USDT | Prob: 0.2857
2026-04-09 17:03:01,037 - INFO - Check LTC/USDT | Prob: 0.2834
2026-04-09 17:03:02,321 - INFO - Check AAVE/USDT | Prob: 0.6708
2026-04-09 17:03:02,623 - ERROR - Trade entry failed: binance Account has insufficient balance for requested action.
2026-04-09 17:03:02,872 - ERROR - TG error: Telegram server says - Bad Request: chat not found
2026-04-09 17:03:11,265 - INFO - Check ARB/USDT | Prob: 0.6456
2026-04-09 17:03:11,546 - ERROR - Trade entry failed: binance Account has insufficient balance for requested action.
2026-04-09 17:03:11,795 - ERROR - TG error: Telegram server says - Bad Request: chat not found
2026-04-09 17:07:09,932 - INFO - --- [SCAN] AUTO CYCLE START ---
2026-04-09 17:07:13,283 - INFO - Check USD1/USDT | Prob: 0.6256
2026-04-09 17:07:13,571 - ERROR - Trade entry failed: binance Account has insufficient balance for requested action.
2026-04-09 17:07:13,815 - ERROR - TG error: Telegram server says - Bad Request: chat not found
2026-04-09 17:07:15,116 - INFO - Check ZEC/USDT | Prob: 0.4545
2026-04-09 17:07:19,064 - INFO - Check SUI/USDT | Prob: 0.4950
2026-04-09 17:07:21,689 - INFO - Check ????/USDT | Prob: 0.3878
2026-04-09 17:07:23,000 - INFO - Check NEAR/USDT | Prob: 0.4742
2026-04-09 17:07:24,155 - INFO - Check FET/USDT | Prob: 0.2857
2026-04-09 17:07:25,979 - INFO - Check NOM/USDT | Prob: 0.2972
2026-04-09 17:07:26,623 - INFO - Check LTC/USDT | Prob: 0.2834
2026-04-09 17:07:27,937 - INFO - Check AAVE/USDT | Prob: 0.6708
2026-04-09 17:07:28,225 - ERROR - Trade entry failed: binance Account has insufficient balance for requested action.
2026-04-09 17:07:28,874 - ERROR - TG error: Telegram server says - Bad Request: chat not found
2026-04-09 17:07:36,715 - INFO - Check ARB/USDT | Prob: 0.6456
2026-04-09 17:07:37,003 - ERROR - Trade entry failed: binance Account has insufficient balance for requested action.
2026-04-09 17:07:37,251 - ERROR - TG error: Telegram server says - Bad Request: chat not found
2026-04-09 17:18:15,584 - INFO - --- [SCAN] AUTO CYCLE START ---
2026-04-09 17:18:16,342 - INFO - Check BTC/USDT | Prob: 0.5257
2026-04-09 17:18:17,649 - INFO - Check ETH/USDT | Prob: 0.5007
2026-04-09 17:18:18,307 - INFO - Check SOL/USDT | Prob: 0.5938
2026-04-09 17:18:18,592 - ERROR - Trade entry failed: binance Account has insufficient balance for requested action.
2026-04-09 17:18:18,938 - ERROR - TG error: Telegram server says - Bad Request: chat not found
2026-04-09 17:18:20,220 - INFO - Check XRP/USDT | Prob: 0.5511
2026-04-09 17:18:20,508 - ERROR - Trade entry failed: binance Account has insufficient balance for requested action.
2026-04-09 17:18:20,788 - ERROR - TG error: Telegram server says - Bad Request: chat not found
2026-04-09 17:18:24,016 - INFO - Check PAXG/USDT | Prob: 0.2737
2026-04-09 17:18:26,465 - INFO - Check LINK/USDT | Prob: 0.5045
2026-04-09 17:18:31,661 - INFO - Check NOM/USDT | Prob: 0.2962
2026-04-09 17:18:33,514 - INFO - Check DASH/USDT | Prob: 0.4024
2026-04-09 17:18:39,995 - INFO - Check WBTC/USDT | Prob: 0.2498
2026-04-09 17:18:45,698 - INFO - Check PENGU/USDT | Prob: 0.6830
2026-04-09 17:18:45,983 - ERROR - Trade entry failed: binance Account has insufficient balance for requested action.
2026-04-09 17:18:49,396 - ERROR - TG error: Telegram server says - Bad Request: chat not found
2026-04-09 17:22:41,542 - INFO - --- [SCAN] AUTO CYCLE START ---
2026-04-09 17:22:42,182 - INFO - Check BTC/USDT | Prob: 0.4688
2026-04-09 17:22:43,516 - INFO - Check ETH/USDT | Prob: 0.4704
2026-04-09 17:22:44,146 - INFO - Check SOL/USDT | Prob: 0.5938
2026-04-09 17:22:44,429 - ERROR - Trade entry failed: binance Account has insufficient balance for requested action.
2026-04-09 17:22:44,682 - ERROR - TG error: Telegram server says - Bad Request: chat not found
2026-04-09 17:22:45,962 - INFO - Check XRP/USDT | Prob: 0.5511
2026-04-09 17:22:46,245 - ERROR - Trade entry failed: binance Account has insufficient balance for requested action.
2026-04-09 17:22:46,507 - ERROR - TG error: Telegram server says - Bad Request: chat not found
2026-04-09 17:22:49,775 - INFO - Check PAXG/USDT | Prob: 0.2730
2026-04-09 17:22:51,736 - INFO - Check LINK/USDT | Prob: 0.5045
2026-04-09 17:22:52,363 - INFO - Check EUR/USDT | Prob: 0.3279
2026-04-09 17:22:56,872 - INFO - Check NOM/USDT | Prob: 0.2962
2026-04-09 17:22:58,685 - INFO - Check DASH/USDT | Prob: 0.4024
2026-04-09 17:23:05,213 - INFO - Check WBTC/USDT | Prob: 0.2498
2026-04-09 17:23:11,948 - INFO - Check PENGU/USDT | Prob: 0.6830
2026-04-09 17:23:12,233 - ERROR - Trade entry failed: binance Account has insufficient balance for requested action.
2026-04-09 17:23:15,148 - ERROR - TG error: Telegram server says - Bad Request: chat not found
2026-04-09 17:33:49,410 - INFO - --- [SCAN] AUTO CYCLE START ---
2026-04-09 17:33:50,134 - INFO - Check BTC/USDT | Prob: 0.3649
2026-04-09 17:33:51,422 - INFO - Check ETH/USDT | Prob: 0.5756
2026-04-09 17:33:51,704 - ERROR - Trade entry failed: binance Account has insufficient balance for requested action.
2026-04-09 17:33:51,977 - ERROR - TG error: Telegram server says - Bad Request: chat not found
2026-04-09 17:33:55,910 - INFO - Check BNB/USDT | Prob: 0.3941
2026-04-09 17:33:57,200 - INFO - Check PAXG/USDT | Prob: 0.2718
2026-04-09 17:33:57,845 - INFO - Check PEPE/USDT | Prob: 0.6733
2026-04-09 17:33:58,126 - ERROR - Trade entry failed: binance Account has insufficient balance for requested action.
2026-04-09 17:33:58,399 - ERROR - TG error: Telegram server says - Bad Request: chat not found
2026-04-09 17:33:59,729 - INFO - Check LINK/USDT | Prob: 0.6190
2026-04-09 17:34:00,016 - ERROR - Trade entry failed: binance Account has insufficient balance for requested action.
2026-04-09 17:34:00,268 - ERROR - TG error: Telegram server says - Bad Request: chat not found
2026-04-09 17:34:00,915 - INFO - Check EUR/USDT | Prob: 0.4883
2026-04-09 17:34:05,352 - INFO - Check STO/USDT | Prob: 0.6105
2026-04-09 17:34:05,637 - ERROR - Trade entry failed: binance Account has insufficient balance for requested action.
2026-04-09 17:34:05,880 - ERROR - TG error: Telegram server says - Bad Request: chat not found
2026-04-09 17:34:16,303 - INFO - Check ICP/USDT | Prob: 0.5580
2026-04-09 17:34:16,639 - ERROR - Trade entry failed: binance Account has insufficient balance for requested action.
2026-04-09 17:34:20,815 - ERROR - TG error: Telegram server says - Bad Request: chat not found
2026-04-09 17:34:21,465 - INFO - Check ZRO/USDT | Prob: 0.5750
2026-04-09 17:34:21,938 - ERROR - TG error: Telegram server says - Bad Request: chat not found
2026-04-09 17:34:21,992 - ERROR - TG error: Telegram server says - Bad Request: chat not found
2026-04-09 17:38:15,164 - INFO - --- [SCAN] AUTO CYCLE START ---
2026-04-09 17:38:15,825 - INFO - Check BTC/USDT | Prob: 0.3499
2026-04-09 17:38:17,157 - INFO - Check ETH/USDT | Prob: 0.5230
2026-04-09 17:38:21,057 - INFO - Check BNB/USDT | Prob: 0.3844
2026-04-09 17:38:22,359 - INFO - Check PAXG/USDT | Prob: 0.2718
2026-04-09 17:38:23,005 - INFO - Check PEPE/USDT | Prob: 0.6602
2026-04-09 17:38:23,290 - ERROR - Trade entry failed: binance Account has insufficient balance for requested action.
2026-04-09 17:38:23,627 - ERROR - TG error: Telegram server says - Bad Request: chat not found
2026-04-09 17:38:24,935 - INFO - Check LINK/USDT | Prob: 0.6121
2026-04-09 17:38:25,216 - ERROR - Trade entry failed: binance Account has insufficient balance for requested action.
2026-04-09 17:38:25,452 - ERROR - TG error: Telegram server says - Bad Request: chat not found
2026-04-09 17:38:26,106 - INFO - Check EUR/USDT | Prob: 0.5153
2026-04-09 17:38:30,505 - INFO - Check STO/USDT | Prob: 0.6105
2026-04-09 17:38:30,789 - ERROR - Trade entry failed: binance Account has insufficient balance for requested action.
2026-04-09 17:38:31,033 - ERROR - TG error: Telegram server says - Bad Request: chat not found
2026-04-09 17:38:39,463 - INFO - Check GIGGLE/USDT | Prob: 0.6757
2026-04-09 17:38:39,751 - ERROR - Trade entry failed: binance Account has insufficient balance for requested action.
2026-04-09 17:38:39,995 - ERROR - TG error: Telegram server says - Bad Request: chat not found
2026-04-09 17:38:41,262 - INFO - Check ICP/USDT | Prob: 0.5567
2026-04-09 17:38:41,546 - ERROR - Trade entry failed: binance Account has insufficient balance for requested action.
2026-04-09 17:38:44,398 - ERROR - TG error: Telegram server says - Bad Request: chat not found
2026-04-09 17:42:00,650 - ERROR - TG error: Telegram server says - Bad Request: chat not found
2026-04-09 17:49:25,866 - INFO - --- [SCAN] AUTO CYCLE START ---
2026-04-09 17:49:26,623 - INFO - Check BTC/USDT | Prob: 0.3473
2026-04-09 17:49:27,937 - INFO - Check ETH/USDT | Prob: 0.5319
2026-04-09 17:49:31,802 - INFO - Check BNB/USDT | Prob: 0.3897
2026-04-09 17:49:33,738 - INFO - Check PEPE/USDT | Prob: 0.6422
2026-04-09 17:49:36,858 - ERROR - TG error: Telegram server says - Bad Request: chat not found
2026-04-09 17:49:38,244 - INFO - Check LINK/USDT | Prob: 0.6121
2026-04-09 17:49:38,526 - ERROR - Trade entry failed: binance Account has insufficient balance for requested action.
2026-04-09 17:49:38,783 - ERROR - TG error: Telegram server says - Bad Request: chat not found
2026-04-09 17:49:39,421 - INFO - Check EUR/USDT | Prob: 0.5732
2026-04-09 17:49:39,704 - ERROR - Trade entry failed: binance Account has insufficient balance for requested action.
2026-04-09 17:49:40,011 - ERROR - TG error: Telegram server says - Bad Request: chat not found
2026-04-09 17:49:48,541 - INFO - Check JOE/USDT | Prob: 0.4018
2026-04-09 17:49:49,177 - INFO - Check RED/USDT | Prob: 0.6379
2026-04-09 17:49:49,460 - ERROR - Trade entry failed: binance Account has insufficient balance for requested action.
2026-04-09 17:49:49,712 - ERROR - TG error: Telegram server says - Bad Request: chat not found
2026-04-09 17:49:51,021 - INFO - Check U/USDT | Prob: 0.5420
2026-04-09 17:49:53,589 - INFO - Check GIGGLE/USDT | Prob: 0.6736
2026-04-09 17:49:53,870 - ERROR - Trade entry failed: binance Account has insufficient balance for requested action.
2026-04-09 17:49:54,110 - ERROR - TG error: Telegram server says - Bad Request: chat not found
2026-04-09 17:49:55,387 - INFO - Check ICP/USDT | Prob: 0.5533
2026-04-09 17:49:55,669 - ERROR - Trade entry failed: binance Account has insufficient balance for requested action.
2026-04-09 17:49:55,919 - ERROR - TG error: Telegram server says - Bad Request: chat not found
2026-04-09 17:53:48,295 - INFO - --- [SCAN] AUTO CYCLE START ---
2026-04-09 17:53:48,978 - INFO - Check BTC/USDT | Prob: 0.3473
2026-04-09 17:53:50,288 - INFO - Check ETH/USDT | Prob: 0.5319
2026-04-09 17:53:54,720 - INFO - Check BNB/USDT | Prob: 0.3897
2026-04-09 17:53:57,329 - INFO - Check LINK/USDT | Prob: 0.6121
2026-04-09 17:53:57,613 - ERROR - Trade entry failed: binance Account has insufficient balance for requested action.
2026-04-09 17:54:01,015 - ERROR - TG error: Telegram server says - Bad Request: chat not found
2026-04-09 17:54:01,652 - INFO - Check EUR/USDT | Prob: 0.5732
2026-04-09 17:54:01,939 - ERROR - Trade entry failed: binance Account has insufficient balance for requested action.
2026-04-09 17:54:02,254 - ERROR - TG error: Telegram server says - Bad Request: chat not found
2026-04-09 17:54:10,718 - INFO - Check JOE/USDT | Prob: 0.4018
2026-04-09 17:54:11,387 - INFO - Check RED/USDT | Prob: 0.6345
2026-04-09 17:54:11,674 - ERROR - Trade entry failed: binance Account has insufficient balance for requested action.
2026-04-09 17:54:11,940 - ERROR - TG error: Telegram server says - Bad Request: chat not found
2026-04-09 17:54:16,362 - INFO - Check GIGGLE/USDT | Prob: 0.6736
2026-04-09 17:54:16,645 - ERROR - Trade entry failed: binance Account has insufficient balance for requested action.
2026-04-09 17:54:16,890 - ERROR - TG error: Telegram server says - Bad Request: chat not found
2026-04-09 17:54:18,168 - INFO - Check ICP/USDT | Prob: 0.5533
2026-04-09 17:54:18,452 - ERROR - Trade entry failed: binance Account has insufficient balance for requested action.
2026-04-09 17:54:18,690 - ERROR - TG error: Telegram server says - Bad Request: chat not found
2026-04-09 18:04:59,842 - INFO - --- [SCAN] AUTO CYCLE START ---
2026-04-09 18:05:20,248 - INFO - Check RED/USDT | Prob: 0.6482
2026-04-09 18:05:20,541 - ERROR - Trade entry failed: binance Account has insufficient balance for requested action.
2026-04-09 18:05:20,893 - ERROR - TG error: Telegram server says - Bad Request: chat not found
2026-04-09 18:05:22,190 - INFO - Check U/USDT | Prob: 0.4664
2026-04-09 18:09:22,589 - INFO - --- [SCAN] AUTO CYCLE START ---
2026-04-09 18:09:42,435 - INFO - Check RED/USDT | Prob: 0.6482
2026-04-09 18:09:42,720 - ERROR - Trade entry failed: binance Account has insufficient balance for requested action.
2026-04-09 18:09:43,123 - ERROR - TG error: Telegram server says - Bad Request: chat not found
2026-04-09 18:20:30,007 - INFO - --- [SCAN] AUTO CYCLE START ---
2026-04-09 18:24:52,735 - INFO - --- [SCAN] AUTO CYCLE START ---
2026-04-09 18:35:59,768 - INFO - --- [SCAN] AUTO CYCLE START ---
2026-04-09 18:38:06,880 - ERROR - Error checking ADA/USDT: binance GET https://api.binance.com/api/v3/ticker/24hr?symbol=ADAUSDT
2026-04-09 18:38:06,928 - ERROR - Error checking FDUSD/USDT: binance GET https://api.binance.com/api/v3/ticker/24hr?symbol=FDUSDUSDT
2026-04-09 18:38:06,975 - ERROR - Error checking RENDER/USDT: binance GET https://api.binance.com/api/v3/ticker/24hr?symbol=RENDERUSDT
2026-04-09 18:40:23,133 - INFO - --- [SCAN] AUTO CYCLE START ---
2026-04-09 18:51:28,760 - INFO - --- [SCAN] AUTO CYCLE START ---
2026-04-09 18:51:49,009 - INFO - Check JOE/USDT | Prob: 0.5974
2026-04-09 18:51:49,305 - ERROR - Trade entry failed: binance Account has insufficient balance for requested action.
2026-04-09 18:51:53,219 - ERROR - TG error: Telegram server says - Bad Request: chat not found
2026-04-09 18:55:53,724 - INFO - --- [SCAN] AUTO CYCLE START ---
2026-04-09 18:56:11,386 - INFO - Check JOE/USDT | Prob: 0.5974
2026-04-09 18:56:11,665 - ERROR - Trade entry failed: binance Account has insufficient balance for requested action.
2026-04-09 18:56:12,100 - ERROR - TG error: Telegram server says - Bad Request: chat not found
2026-04-09 19:07:03,072 - INFO - --- [SCAN] AUTO CYCLE START ---
2026-04-09 19:07:03,865 - INFO - Check BTC/USDT | Prob: 0.3366
2026-04-09 19:07:20,970 - INFO - Check JOE/USDT | Prob: 0.5963
2026-04-09 19:07:21,252 - ERROR - Trade entry failed: binance Account has insufficient balance for requested action.
2026-04-09 19:07:25,313 - ERROR - TG error: Telegram server says - Bad Request: chat not found
2026-04-09 19:07:30,675 - INFO - Check WBTC/USDT | Prob: 0.2894
2026-04-09 19:11:21,710 - INFO - --- [SCAN] AUTO CYCLE START ---
2026-04-09 19:11:22,373 - INFO - Check BTC/USDT | Prob: 0.3362
2026-04-09 19:11:40,461 - INFO - Check JOE/USDT | Prob: 0.5963
2026-04-09 19:11:40,737 - ERROR - Trade entry failed: binance Account has insufficient balance for requested action.
2026-04-09 19:11:41,165 - ERROR - TG error: Telegram server says - Bad Request: chat not found
2026-04-09 19:11:46,967 - INFO - Check WBTC/USDT | Prob: 0.2895
2026-04-09 19:22:35,258 - INFO - --- [SCAN] AUTO CYCLE START ---
2026-04-09 19:22:36,043 - INFO - Check BTC/USDT | Prob: 0.3339
2026-04-09 19:22:58,038 - INFO - Check WBTC/USDT | Prob: 0.2900
2026-04-09 19:25:40,067 - INFO - Polling stopped for bot @trrrrdbiin_bot id=7349237883 - 'trrrrdbiinbot'
2026-04-09 19:25:40,068 - INFO - Polling stopped
